solid OpenSCAD_Model
  facet normal -1 0 0
    outer loop
      vertex -80.2 48.15 -0.9
      vertex -80.2 47.15 0.9
      vertex -80.2 48.15 -0.889999
    endloop
  endfacet
  facet normal -1 0 0
    outer loop
      vertex -80.2 48.15 -0.9
      vertex -80.2 -47.15 0.9
      vertex -80.2 47.15 0.9
    endloop
  endfacet
  facet normal -1 0 0
    outer loop
      vertex -80.2 -48.15 -0.9
      vertex -80.2 -47.15 0.9
      vertex -80.2 48.15 -0.9
    endloop
  endfacet
  facet normal -1 0 0
    outer loop
      vertex -80.2 -47.15 0.9
      vertex -80.2 -48.15 -0.9
      vertex -80.2 -48.15 -0.889999
    endloop
  endfacet
  facet normal -0 0 1
    outer loop
      vertex -59.6119 12.9659 0.9
      vertex -54.594 7.675 0.9
      vertex -59.125 13.206 0.9
    endloop
  endfacet
  facet normal 0 0 1
    outer loop
      vertex -54.594 7.675 0.9
      vertex -59.6119 12.9659 0.9
      vertex -54.8341 7.18814 0.9
    endloop
  endfacet
  facet normal -0 0 1
    outer loop
      vertex -60.1259 12.7914 0.9
      vertex -54.8341 7.18814 0.9
      vertex -59.6119 12.9659 0.9
    endloop
  endfacet
  facet normal 0 0 1
    outer loop
      vertex -54.8341 7.18814 0.9
      vertex -60.1259 12.7914 0.9
      vertex -55.0086 6.6741 0.9
    endloop
  endfacet
  facet normal -0 0 1
    outer loop
      vertex -60.6583 12.6855 0.9
      vertex -55.0086 6.6741 0.9
      vertex -60.1259 12.7914 0.9
    endloop
  endfacet
  facet normal 0 0 1
    outer loop
      vertex -55.0086 6.6741 0.9
      vertex -60.6583 12.6855 0.9
      vertex -55.1145 6.14168 0.9
    endloop
  endfacet
  facet normal -0 0 1
    outer loop
      vertex -61.2 12.65 0.9
      vertex -55.1145 6.14168 0.9
      vertex -60.6583 12.6855 0.9
    endloop
  endfacet
  facet normal 0 0 1
    outer loop
      vertex -55.1145 6.14168 0.9
      vertex -61.2 12.65 0.9
      vertex -55.15 5.6 0.9
    endloop
  endfacet
  facet normal 0 0 1
    outer loop
      vertex -61.7417 12.6855 0.9
      vertex -55.15 5.6 0.9
      vertex -61.2 12.65 0.9
    endloop
  endfacet
  facet normal 0 0 1
    outer loop
      vertex -55.15 5.6 0.9
      vertex -61.2 -12.4 0.9
      vertex -57.3895 -19 0.9
    endloop
  endfacet
  facet normal 0 0 1
    outer loop
      vertex -62.2741 12.7914 0.9
      vertex -55.15 5.6 0.9
      vertex -61.7417 12.6855 0.9
    endloop
  endfacet
  facet normal 0 0 1
    outer loop
      vertex -62.7881 12.9659 0.9
      vertex -55.15 5.6 0.9
      vertex -62.2741 12.7914 0.9
    endloop
  endfacet
  facet normal 0 0 1
    outer loop
      vertex -55.15 5.6 0.9
      vertex -62.7881 12.9659 0.9
      vertex -61.2 -12.4 0.9
    endloop
  endfacet
  facet normal 0 0 1
    outer loop
      vertex -63.275 13.206 0.9
      vertex -61.2 -12.4 0.9
      vertex -62.7881 12.9659 0.9
    endloop
  endfacet
  facet normal 0 0 1
    outer loop
      vertex -63.7264 13.5076 0.9
      vertex -61.2 -12.4 0.9
      vertex -63.275 13.206 0.9
    endloop
  endfacet
  facet normal 0 0 1
    outer loop
      vertex -64.1345 13.8655 0.9
      vertex -61.2 -12.4 0.9
      vertex -63.7264 13.5076 0.9
    endloop
  endfacet
  facet normal 0 0 1
    outer loop
      vertex -64.4924 14.2736 0.9
      vertex -61.2 -12.4 0.9
      vertex -64.1345 13.8655 0.9
    endloop
  endfacet
  facet normal 0 0 1
    outer loop
      vertex -65.0105 -19 0.9
      vertex -64.4924 14.2736 0.9
      vertex -64.794 14.725 0.9
    endloop
  endfacet
  facet normal 0 0 1
    outer loop
      vertex -64.4924 14.2736 0.9
      vertex -65.0105 -19 0.9
      vertex -61.2 -12.4 0.9
    endloop
  endfacet
  facet normal 0 -0 1
    outer loop
      vertex -65.0105 -19 0.9
      vertex -64.794 14.725 0.9
      vertex -65.0341 15.2119 0.9
    endloop
  endfacet
  facet normal -0 0 1
    outer loop
      vertex -58.6736 13.5076 0.9
      vertex -53.9345 8.53449 0.9
      vertex -58.2655 13.8655 0.9
    endloop
  endfacet
  facet normal 0 0 1
    outer loop
      vertex -45.679 16.8 0.9
      vertex -57.0855 17.3417 0.9
      vertex -57.05 16.8 0.9
    endloop
  endfacet
  facet normal 0 0 1
    outer loop
      vertex -45.679 16.8 0.9
      vertex -57.1914 17.8741 0.9
      vertex -57.0855 17.3417 0.9
    endloop
  endfacet
  facet normal 0 0 1
    outer loop
      vertex -45.679 16.8 0.9
      vertex -57.3659 18.3881 0.9
      vertex -57.1914 17.8741 0.9
    endloop
  endfacet
  facet normal 0 0 1
    outer loop
      vertex -56.9 23.7 0.9
      vertex -57.606 18.875 0.9
      vertex -57.3659 18.3881 0.9
    endloop
  endfacet
  facet normal 0 0 1
    outer loop
      vertex -56.9 23.7 0.9
      vertex -57.9076 19.3264 0.9
      vertex -57.606 18.875 0.9
    endloop
  endfacet
  facet normal 0 0 1
    outer loop
      vertex -56.9 23.7 0.9
      vertex -58.2655 19.7345 0.9
      vertex -57.9076 19.3264 0.9
    endloop
  endfacet
  facet normal 0 0 1
    outer loop
      vertex -56.9 23.7 0.9
      vertex -58.6736 20.0924 0.9
      vertex -58.2655 19.7345 0.9
    endloop
  endfacet
  facet normal 0 0 1
    outer loop
      vertex -56.9 23.7 0.9
      vertex -59.125 20.394 0.9
      vertex -58.6736 20.0924 0.9
    endloop
  endfacet
  facet normal 0 0 1
    outer loop
      vertex -56.9 23.7 0.9
      vertex -59.6119 20.6341 0.9
      vertex -59.125 20.394 0.9
    endloop
  endfacet
  facet normal 0 0 1
    outer loop
      vertex -56.9 23.7 0.9
      vertex -60.1259 20.8086 0.9
      vertex -59.6119 20.6341 0.9
    endloop
  endfacet
  facet normal 0 0 1
    outer loop
      vertex -56.9 23.7 0.9
      vertex -60.6583 20.9145 0.9
      vertex -60.1259 20.8086 0.9
    endloop
  endfacet
  facet normal 0 0 1
    outer loop
      vertex -56.9 23.7 0.9
      vertex -61.2 20.95 0.9
      vertex -60.6583 20.9145 0.9
    endloop
  endfacet
  facet normal -0 0 1
    outer loop
      vertex -65.5 23.7 0.9
      vertex -61.2 20.95 0.9
      vertex -56.9 23.7 0.9
    endloop
  endfacet
  facet normal 0 0 1
    outer loop
      vertex -61.2 20.95 0.9
      vertex -65.5 23.7 0.9
      vertex -61.7417 20.9145 0.9
    endloop
  endfacet
  facet normal 0 0 1
    outer loop
      vertex -61.7417 20.9145 0.9
      vertex -65.5 23.7 0.9
      vertex -62.2741 20.8086 0.9
    endloop
  endfacet
  facet normal 0 0 1
    outer loop
      vertex -62.2741 20.8086 0.9
      vertex -65.5 23.7 0.9
      vertex -62.7881 20.6341 0.9
    endloop
  endfacet
  facet normal 0 0 1
    outer loop
      vertex -76.5 33.9 0.9
      vertex -65.3145 17.3417 0.9
      vertex -65.5 23.7 0.9
    endloop
  endfacet
  facet normal 0 0 1
    outer loop
      vertex -65.2086 17.8741 0.9
      vertex -65.5 23.7 0.9
      vertex -65.3145 17.3417 0.9
    endloop
  endfacet
  facet normal 0 0 1
    outer loop
      vertex -65.0341 18.3881 0.9
      vertex -65.5 23.7 0.9
      vertex -65.2086 17.8741 0.9
    endloop
  endfacet
  facet normal 0 0 1
    outer loop
      vertex -64.794 18.875 0.9
      vertex -65.5 23.7 0.9
      vertex -65.0341 18.3881 0.9
    endloop
  endfacet
  facet normal 0 0 1
    outer loop
      vertex -64.4924 19.3264 0.9
      vertex -65.5 23.7 0.9
      vertex -64.794 18.875 0.9
    endloop
  endfacet
  facet normal 0 0 1
    outer loop
      vertex -64.1345 19.7345 0.9
      vertex -65.5 23.7 0.9
      vertex -64.4924 19.3264 0.9
    endloop
  endfacet
  facet normal 0 0 1
    outer loop
      vertex -63.7264 20.0924 0.9
      vertex -65.5 23.7 0.9
      vertex -64.1345 19.7345 0.9
    endloop
  endfacet
  facet normal 0 0 1
    outer loop
      vertex -63.275 20.394 0.9
      vertex -65.5 23.7 0.9
      vertex -63.7264 20.0924 0.9
    endloop
  endfacet
  facet normal 0 0 1
    outer loop
      vertex -62.7881 20.6341 0.9
      vertex -65.5 23.7 0.9
      vertex -63.275 20.394 0.9
    endloop
  endfacet
  facet normal 0 0 1
    outer loop
      vertex -53.5264 8.89242 0.9
      vertex -58.2655 13.8655 0.9
      vertex -53.9345 8.53449 0.9
    endloop
  endfacet
  facet normal 0 0 1
    outer loop
      vertex -55.15 5.6 0.9
      vertex -56.9 -23.7 0.9
      vertex -56.8 -34.8 0.9
    endloop
  endfacet
  facet normal -0 0 1
    outer loop
      vertex -56.9 -32.3 0.9
      vertex -56.8 -34.8 0.9
      vertex -56.9 -23.7 0.9
    endloop
  endfacet
  facet normal -0 0 1
    outer loop
      vertex -65.5 -32.3 0.9
      vertex -56.8 -34.8 0.9
      vertex -56.9 -32.3 0.9
    endloop
  endfacet
  facet normal 0 0 1
    outer loop
      vertex -56.8 -34.8 0.9
      vertex -65.5 -32.3 0.9
      vertex -65.6 -34.8 0.9
    endloop
  endfacet
  facet normal 0 0 1
    outer loop
      vertex -53.9345 8.53449 0.9
      vertex -58.6736 13.5076 0.9
      vertex -54.2924 8.12636 0.9
    endloop
  endfacet
  facet normal -0 0 1
    outer loop
      vertex -59.125 13.206 0.9
      vertex -54.2924 8.12636 0.9
      vertex -58.6736 13.5076 0.9
    endloop
  endfacet
  facet normal 0 0 1
    outer loop
      vertex -54.2924 8.12636 0.9
      vertex -59.125 13.206 0.9
      vertex -54.594 7.675 0.9
    endloop
  endfacet
  facet normal 0 0 1
    outer loop
      vertex -55.15 5.6 0.9
      vertex -57.3895 -19 0.9
      vertex -56.9 -23.7 0.9
    endloop
  endfacet
  facet normal -0 0 1
    outer loop
      vertex -65.0105 -19 0.9
      vertex -56.9 -23.7 0.9
      vertex -57.3895 -19 0.9
    endloop
  endfacet
  facet normal 0 0 1
    outer loop
      vertex -76.5 33.9 0.9
      vertex -65.0341 15.2119 0.9
      vertex -65.2086 15.7259 0.9
    endloop
  endfacet
  facet normal 0 0 1
    outer loop
      vertex -76.5 33.9 0.9
      vertex -65.2086 15.7259 0.9
      vertex -65.3145 16.2583 0.9
    endloop
  endfacet
  facet normal 0 0 1
    outer loop
      vertex -76.5 33.9 0.9
      vertex -65.3145 16.2583 0.9
      vertex -65.35 16.8 0.9
    endloop
  endfacet
  facet normal 0 0 1
    outer loop
      vertex -65.3145 17.3417 0.9
      vertex -76.5 33.9 0.9
      vertex -65.35 16.8 0.9
    endloop
  endfacet
  facet normal 0 0 1
    outer loop
      vertex -65.0105 -19 0.9
      vertex -65.5 -23.7 0.9
      vertex -56.9 -23.7 0.9
    endloop
  endfacet
  facet normal 0 0 1
    outer loop
      vertex -65.0341 15.2119 0.9
      vertex -76.5 33.9 0.9
      vertex -65.0105 -19 0.9
    endloop
  endfacet
  facet normal 0 0 1
    outer loop
      vertex -44.6105 3.4 0.9
      vertex -47.7076 3.07364 0.9
      vertex -45.1 -1.3 0.9
    endloop
  endfacet
  facet normal -0 0 1
    outer loop
      vertex -48.0655 2.66551 0.9
      vertex -45.1 -1.3 0.9
      vertex -47.7076 3.07364 0.9
    endloop
  endfacet
  facet normal -0 0 1
    outer loop
      vertex -48.4736 2.30758 0.9
      vertex -45.1 -1.3 0.9
      vertex -48.0655 2.66551 0.9
    endloop
  endfacet
  facet normal -0 0 1
    outer loop
      vertex -48.925 2.00599 0.9
      vertex -45.1 -1.3 0.9
      vertex -48.4736 2.30758 0.9
    endloop
  endfacet
  facet normal -0 0 1
    outer loop
      vertex -49.4119 1.7659 0.9
      vertex -45.1 -1.3 0.9
      vertex -48.925 2.00599 0.9
    endloop
  endfacet
  facet normal 0 0 1
    outer loop
      vertex -45.1 -1.3 0.9
      vertex -49.4119 1.7659 0.9
      vertex -51 -1.2 0.9
    endloop
  endfacet
  facet normal 0 0 1
    outer loop
      vertex -51 -1.2 0.9
      vertex -49.4119 1.7659 0.9
      vertex -49.9259 1.59141 0.9
    endloop
  endfacet
  facet normal 0 0 1
    outer loop
      vertex -51 -1.2 0.9
      vertex -49.9259 1.59141 0.9
      vertex -50.4583 1.4855 0.9
    endloop
  endfacet
  facet normal 0 0 1
    outer loop
      vertex -51 -1.2 0.9
      vertex -50.4583 1.4855 0.9
      vertex -51 1.45 0.9
    endloop
  endfacet
  facet normal 0 0 1
    outer loop
      vertex -45.1 -1.3 0.9
      vertex -51 -1.2 0.9
      vertex -47.1895 -7.8 0.9
    endloop
  endfacet
  facet normal 0 0 1
    outer loop
      vertex -51.5417 1.4855 0.9
      vertex -51 -1.2 0.9
      vertex -51 1.45 0.9
    endloop
  endfacet
  facet normal 0 0 1
    outer loop
      vertex -52.0741 1.59141 0.9
      vertex -51 -1.2 0.9
      vertex -51.5417 1.4855 0.9
    endloop
  endfacet
  facet normal 0 0 1
    outer loop
      vertex -52.5881 1.7659 0.9
      vertex -51 -1.2 0.9
      vertex -52.0741 1.59141 0.9
    endloop
  endfacet
  facet normal 0 0 1
    outer loop
      vertex -53.075 2.00599 0.9
      vertex -51 -1.2 0.9
      vertex -52.5881 1.7659 0.9
    endloop
  endfacet
  facet normal 0 0 1
    outer loop
      vertex -53.5264 2.30758 0.9
      vertex -51 -1.2 0.9
      vertex -53.075 2.00599 0.9
    endloop
  endfacet
  facet normal 0 0 1
    outer loop
      vertex -54.8105 -7.8 0.9
      vertex -53.5264 2.30758 0.9
      vertex -53.9345 2.66551 0.9
    endloop
  endfacet
  facet normal 0 0 1
    outer loop
      vertex -54.8105 -7.8 0.9
      vertex -53.9345 2.66551 0.9
      vertex -54.2924 3.07364 0.9
    endloop
  endfacet
  facet normal 0 0 1
    outer loop
      vertex -53.5264 2.30758 0.9
      vertex -54.8105 -7.8 0.9
      vertex -51 -1.2 0.9
    endloop
  endfacet
  facet normal 0 0 1
    outer loop
      vertex -54.594 3.525 0.9
      vertex -54.8105 -7.8 0.9
      vertex -54.2924 3.07364 0.9
    endloop
  endfacet
  facet normal 0 -0 1
    outer loop
      vertex -54.8105 -7.8 0.9
      vertex -54.594 3.525 0.9
      vertex -54.8341 4.01186 0.9
    endloop
  endfacet
  facet normal -0 0 1
    outer loop
      vertex -47.406 3.525 0.9
      vertex -44.6105 3.4 0.9
      vertex -47.1659 4.01186 0.9
    endloop
  endfacet
  facet normal 0 0 1
    outer loop
      vertex -47.7076 3.07364 0.9
      vertex -44.6105 3.4 0.9
      vertex -47.406 3.525 0.9
    endloop
  endfacet
  facet normal 0 0 1
    outer loop
      vertex -45.1 -1.3 0.9
      vertex -47.1895 -7.8 0.9
      vertex -45.1 -9.9 0.9
    endloop
  endfacet
  facet normal -0 0 1
    outer loop
      vertex -54.8105 -7.8 0.9
      vertex -45.1 -9.9 0.9
      vertex -47.1895 -7.8 0.9
    endloop
  endfacet
  facet normal 0 0 1
    outer loop
      vertex -55.4 -34.8 0.9
      vertex -45.1 -9.9 0.9
      vertex -54.8105 -7.8 0.9
    endloop
  endfacet
  facet normal 0 0 1
    outer loop
      vertex -55.0086 4.5259 0.9
      vertex -54.8105 -7.8 0.9
      vertex -54.8341 4.01186 0.9
    endloop
  endfacet
  facet normal 0 0 1
    outer loop
      vertex -55.1145 5.05832 0.9
      vertex -54.8105 -7.8 0.9
      vertex -55.0086 4.5259 0.9
    endloop
  endfacet
  facet normal 0 0 1
    outer loop
      vertex -55.15 5.6 0.9
      vertex -54.8105 -7.8 0.9
      vertex -55.1145 5.05832 0.9
    endloop
  endfacet
  facet normal 0 0 1
    outer loop
      vertex -45.1 -9.9 0.9
      vertex -55.4 -34.8 0.9
      vertex -46.6 -34.8 0.9
    endloop
  endfacet
  facet normal 0 0 1
    outer loop
      vertex -56.8 -34.8 0.9
      vertex -54.8105 -7.8 0.9
      vertex -55.15 5.6 0.9
    endloop
  endfacet
  facet normal 0 0 1
    outer loop
      vertex -36.7914 -17.8741 0.9
      vertex -25.279 -16.8 0.9
      vertex -36.6855 -17.3417 0.9
    endloop
  endfacet
  facet normal 0 0 1
    outer loop
      vertex -25.279 -16.8 0.9
      vertex -36.6855 -27.4583 0.9
      vertex -36.65 -28 0.9
    endloop
  endfacet
  facet normal 0 0 1
    outer loop
      vertex -36.9659 -18.3881 0.9
      vertex -25.279 -16.8 0.9
      vertex -36.7914 -17.8741 0.9
    endloop
  endfacet
  facet normal 0 0 1
    outer loop
      vertex -25.279 -16.8 0.9
      vertex -36.7914 -26.9259 0.9
      vertex -36.6855 -27.4583 0.9
    endloop
  endfacet
  facet normal 0 0 1
    outer loop
      vertex -37.206 -18.875 0.9
      vertex -25.279 -16.8 0.9
      vertex -36.9659 -18.3881 0.9
    endloop
  endfacet
  facet normal 0 0 1
    outer loop
      vertex -25.279 -16.8 0.9
      vertex -36.9659 -26.4119 0.9
      vertex -36.7914 -26.9259 0.9
    endloop
  endfacet
  facet normal 0 0 1
    outer loop
      vertex -37.206 -25.925 0.9
      vertex -25.279 -16.8 0.9
      vertex -37.206 -18.875 0.9
    endloop
  endfacet
  facet normal 0 0 1
    outer loop
      vertex -25.279 -16.8 0.9
      vertex -37.206 -25.925 0.9
      vertex -36.9659 -26.4119 0.9
    endloop
  endfacet
  facet normal -0 0 1
    outer loop
      vertex -37.5076 -19.3264 0.9
      vertex -37.206 -25.925 0.9
      vertex -37.206 -18.875 0.9
    endloop
  endfacet
  facet normal 0 0 1
    outer loop
      vertex -37.5076 -19.3264 0.9
      vertex -37.5076 -25.4736 0.9
      vertex -37.206 -25.925 0.9
    endloop
  endfacet
  facet normal -0 0 1
    outer loop
      vertex -37.8655 -19.7345 0.9
      vertex -37.5076 -25.4736 0.9
      vertex -37.5076 -19.3264 0.9
    endloop
  endfacet
  facet normal 0 0 1
    outer loop
      vertex -37.8655 -19.7345 0.9
      vertex -37.8655 -25.0655 0.9
      vertex -37.5076 -25.4736 0.9
    endloop
  endfacet
  facet normal -0 0 1
    outer loop
      vertex -38.2736 -20.0924 0.9
      vertex -37.8655 -25.0655 0.9
      vertex -37.8655 -19.7345 0.9
    endloop
  endfacet
  facet normal 0 0 1
    outer loop
      vertex -38.2736 -20.0924 0.9
      vertex -38.2736 -24.7076 0.9
      vertex -37.8655 -25.0655 0.9
    endloop
  endfacet
  facet normal -0 0 1
    outer loop
      vertex -38.725 -20.394 0.9
      vertex -38.2736 -24.7076 0.9
      vertex -38.2736 -20.0924 0.9
    endloop
  endfacet
  facet normal 0 0 1
    outer loop
      vertex -38.725 -20.394 0.9
      vertex -38.725 -24.406 0.9
      vertex -38.2736 -24.7076 0.9
    endloop
  endfacet
  facet normal -0 0 1
    outer loop
      vertex -39.2119 -20.6341 0.9
      vertex -38.725 -24.406 0.9
      vertex -38.725 -20.394 0.9
    endloop
  endfacet
  facet normal 0 0 1
    outer loop
      vertex -39.2119 -20.6341 0.9
      vertex -39.2119 -24.1659 0.9
      vertex -38.725 -24.406 0.9
    endloop
  endfacet
  facet normal -0 0 1
    outer loop
      vertex -39.7259 -20.8086 0.9
      vertex -39.2119 -24.1659 0.9
      vertex -39.2119 -20.6341 0.9
    endloop
  endfacet
  facet normal 0 0 1
    outer loop
      vertex -39.7259 -20.8086 0.9
      vertex -39.7259 -23.9914 0.9
      vertex -39.2119 -24.1659 0.9
    endloop
  endfacet
  facet normal -0 0 1
    outer loop
      vertex -40.2583 -20.9145 0.9
      vertex -39.7259 -23.9914 0.9
      vertex -39.7259 -20.8086 0.9
    endloop
  endfacet
  facet normal 0 0 1
    outer loop
      vertex -40.2583 -20.9145 0.9
      vertex -40.2583 -23.8855 0.9
      vertex -39.7259 -23.9914 0.9
    endloop
  endfacet
  facet normal -0 0 1
    outer loop
      vertex -40.8 -20.95 0.9
      vertex -40.2583 -23.8855 0.9
      vertex -40.2583 -20.9145 0.9
    endloop
  endfacet
  facet normal 0 0 1
    outer loop
      vertex -40.8 -20.95 0.9
      vertex -40.8 -23.85 0.9
      vertex -40.2583 -23.8855 0.9
    endloop
  endfacet
  facet normal 0 0 1
    outer loop
      vertex -41.3417 -20.9145 0.9
      vertex -40.8 -23.85 0.9
      vertex -40.8 -20.95 0.9
    endloop
  endfacet
  facet normal 0 0 1
    outer loop
      vertex -41.3417 -20.9145 0.9
      vertex -41.3417 -23.8855 0.9
      vertex -40.8 -23.85 0.9
    endloop
  endfacet
  facet normal 0 0 1
    outer loop
      vertex -41.8741 -20.8086 0.9
      vertex -41.3417 -23.8855 0.9
      vertex -41.3417 -20.9145 0.9
    endloop
  endfacet
  facet normal 0 0 1
    outer loop
      vertex -41.8741 -20.8086 0.9
      vertex -41.8741 -23.9914 0.9
      vertex -41.3417 -23.8855 0.9
    endloop
  endfacet
  facet normal 0 0 1
    outer loop
      vertex -42.3881 -20.6341 0.9
      vertex -41.8741 -23.9914 0.9
      vertex -41.8741 -20.8086 0.9
    endloop
  endfacet
  facet normal 0 0 1
    outer loop
      vertex -42.3881 -20.6341 0.9
      vertex -42.3881 -24.1659 0.9
      vertex -41.8741 -23.9914 0.9
    endloop
  endfacet
  facet normal 0 0 1
    outer loop
      vertex -42.875 -20.394 0.9
      vertex -42.3881 -24.1659 0.9
      vertex -42.3881 -20.6341 0.9
    endloop
  endfacet
  facet normal 0 0 1
    outer loop
      vertex -42.875 -20.394 0.9
      vertex -42.875 -24.406 0.9
      vertex -42.3881 -24.1659 0.9
    endloop
  endfacet
  facet normal 0 0 1
    outer loop
      vertex -43.3264 -20.0924 0.9
      vertex -42.875 -24.406 0.9
      vertex -42.875 -20.394 0.9
    endloop
  endfacet
  facet normal 0 0 1
    outer loop
      vertex -43.3264 -20.0924 0.9
      vertex -43.3264 -24.7076 0.9
      vertex -42.875 -24.406 0.9
    endloop
  endfacet
  facet normal 0 0 1
    outer loop
      vertex -43.7345 -19.7345 0.9
      vertex -43.3264 -24.7076 0.9
      vertex -43.3264 -20.0924 0.9
    endloop
  endfacet
  facet normal 0 0 1
    outer loop
      vertex -43.7345 -19.7345 0.9
      vertex -43.7345 -25.0655 0.9
      vertex -43.3264 -24.7076 0.9
    endloop
  endfacet
  facet normal 0 0 1
    outer loop
      vertex -44.0924 -19.3264 0.9
      vertex -43.7345 -25.0655 0.9
      vertex -43.7345 -19.7345 0.9
    endloop
  endfacet
  facet normal 0 0 1
    outer loop
      vertex -44.0924 -19.3264 0.9
      vertex -44.0924 -25.4736 0.9
      vertex -43.7345 -25.0655 0.9
    endloop
  endfacet
  facet normal 0 0 1
    outer loop
      vertex -44.394 -18.875 0.9
      vertex -44.0924 -25.4736 0.9
      vertex -44.0924 -19.3264 0.9
    endloop
  endfacet
  facet normal 0 0 1
    outer loop
      vertex -44.394 -18.875 0.9
      vertex -44.394 -25.925 0.9
      vertex -44.0924 -25.4736 0.9
    endloop
  endfacet
  facet normal 0 0 1
    outer loop
      vertex -44.6341 -18.3881 0.9
      vertex -44.394 -25.925 0.9
      vertex -44.394 -18.875 0.9
    endloop
  endfacet
  facet normal 0 0 1
    outer loop
      vertex -44.6341 -18.3881 0.9
      vertex -44.6341 -26.4119 0.9
      vertex -44.394 -25.925 0.9
    endloop
  endfacet
  facet normal 0 0 1
    outer loop
      vertex -44.8086 -17.8741 0.9
      vertex -44.6341 -26.4119 0.9
      vertex -44.6341 -18.3881 0.9
    endloop
  endfacet
  facet normal 0 0 1
    outer loop
      vertex -44.8086 -17.8741 0.9
      vertex -44.8086 -26.9259 0.9
      vertex -44.6341 -26.4119 0.9
    endloop
  endfacet
  facet normal 0 0 1
    outer loop
      vertex -44.9145 -17.3417 0.9
      vertex -44.8086 -26.9259 0.9
      vertex -44.8086 -17.8741 0.9
    endloop
  endfacet
  facet normal 0 0 1
    outer loop
      vertex -44.9145 -17.3417 0.9
      vertex -44.9145 -27.4583 0.9
      vertex -44.8086 -26.9259 0.9
    endloop
  endfacet
  facet normal 0 0 1
    outer loop
      vertex -44.95 -16.8 0.9
      vertex -44.9145 -27.4583 0.9
      vertex -44.9145 -17.3417 0.9
    endloop
  endfacet
  facet normal 0 0 1
    outer loop
      vertex -44.9145 -27.4583 0.9
      vertex -44.95 -16.8 0.9
      vertex -44.95 -28 0.9
    endloop
  endfacet
  facet normal 0 0 1
    outer loop
      vertex -25.279 -16.8 0.9
      vertex -36.6855 -16.2583 0.9
      vertex -36.65 -16.8 0.9
    endloop
  endfacet
  facet normal 0 0 1
    outer loop
      vertex -25.279 -16.8 0.9
      vertex -36.7914 -15.7259 0.9
      vertex -36.6855 -16.2583 0.9
    endloop
  endfacet
  facet normal 0 0 1
    outer loop
      vertex -25.279 -16.8 0.9
      vertex -36.9659 -15.2119 0.9
      vertex -36.7914 -15.7259 0.9
    endloop
  endfacet
  facet normal 0 0 1
    outer loop
      vertex -36.5 -9.9 0.9
      vertex -37.206 -14.725 0.9
      vertex -36.9659 -15.2119 0.9
    endloop
  endfacet
  facet normal 0 0 1
    outer loop
      vertex -36.5 -9.9 0.9
      vertex -37.5076 -14.2736 0.9
      vertex -37.206 -14.725 0.9
    endloop
  endfacet
  facet normal 0 0 1
    outer loop
      vertex -36.5 -9.9 0.9
      vertex -37.8655 -13.8655 0.9
      vertex -37.5076 -14.2736 0.9
    endloop
  endfacet
  facet normal 0 0 1
    outer loop
      vertex -36.5 -9.9 0.9
      vertex -38.2736 -13.5076 0.9
      vertex -37.8655 -13.8655 0.9
    endloop
  endfacet
  facet normal 0 0 1
    outer loop
      vertex -36.5 -9.9 0.9
      vertex -38.725 -13.206 0.9
      vertex -38.2736 -13.5076 0.9
    endloop
  endfacet
  facet normal 0 0 1
    outer loop
      vertex -36.5 -9.9 0.9
      vertex -39.2119 -12.9659 0.9
      vertex -38.725 -13.206 0.9
    endloop
  endfacet
  facet normal 0 0 1
    outer loop
      vertex -36.5 -9.9 0.9
      vertex -39.7259 -12.7914 0.9
      vertex -39.2119 -12.9659 0.9
    endloop
  endfacet
  facet normal 0 0 1
    outer loop
      vertex -36.5 -9.9 0.9
      vertex -40.2583 -12.6855 0.9
      vertex -39.7259 -12.7914 0.9
    endloop
  endfacet
  facet normal 0 0 1
    outer loop
      vertex -36.5 -9.9 0.9
      vertex -40.8 -12.65 0.9
      vertex -40.2583 -12.6855 0.9
    endloop
  endfacet
  facet normal -0 0 1
    outer loop
      vertex -45.1 -9.9 0.9
      vertex -40.8 -12.65 0.9
      vertex -36.5 -9.9 0.9
    endloop
  endfacet
  facet normal 0 0 1
    outer loop
      vertex -40.8 -12.65 0.9
      vertex -45.1 -9.9 0.9
      vertex -41.3417 -12.6855 0.9
    endloop
  endfacet
  facet normal 0 0 1
    outer loop
      vertex -41.3417 -12.6855 0.9
      vertex -45.1 -9.9 0.9
      vertex -41.8741 -12.7914 0.9
    endloop
  endfacet
  facet normal 0 0 1
    outer loop
      vertex -41.8741 -12.7914 0.9
      vertex -45.1 -9.9 0.9
      vertex -42.3881 -12.9659 0.9
    endloop
  endfacet
  facet normal 0 0 1
    outer loop
      vertex -46.6 -34.8 0.9
      vertex -44.95 -16.8 0.9
      vertex -45.1 -9.9 0.9
    endloop
  endfacet
  facet normal 0 0 1
    outer loop
      vertex -44.9145 -16.2583 0.9
      vertex -45.1 -9.9 0.9
      vertex -44.95 -16.8 0.9
    endloop
  endfacet
  facet normal 0 0 1
    outer loop
      vertex -44.8086 -15.7259 0.9
      vertex -45.1 -9.9 0.9
      vertex -44.9145 -16.2583 0.9
    endloop
  endfacet
  facet normal 0 0 1
    outer loop
      vertex -44.6341 -15.2119 0.9
      vertex -45.1 -9.9 0.9
      vertex -44.8086 -15.7259 0.9
    endloop
  endfacet
  facet normal 0 0 1
    outer loop
      vertex -44.394 -14.725 0.9
      vertex -45.1 -9.9 0.9
      vertex -44.6341 -15.2119 0.9
    endloop
  endfacet
  facet normal 0 0 1
    outer loop
      vertex -44.0924 -14.2736 0.9
      vertex -45.1 -9.9 0.9
      vertex -44.394 -14.725 0.9
    endloop
  endfacet
  facet normal 0 0 1
    outer loop
      vertex -43.7345 -13.8655 0.9
      vertex -45.1 -9.9 0.9
      vertex -44.0924 -14.2736 0.9
    endloop
  endfacet
  facet normal 0 0 1
    outer loop
      vertex -43.3264 -13.5076 0.9
      vertex -45.1 -9.9 0.9
      vertex -43.7345 -13.8655 0.9
    endloop
  endfacet
  facet normal 0 0 1
    outer loop
      vertex -42.875 -13.206 0.9
      vertex -45.1 -9.9 0.9
      vertex -43.3264 -13.5076 0.9
    endloop
  endfacet
  facet normal 0 0 1
    outer loop
      vertex -42.3881 -12.9659 0.9
      vertex -45.1 -9.9 0.9
      vertex -42.875 -13.206 0.9
    endloop
  endfacet
  facet normal 0 0 1
    outer loop
      vertex -23.994 -7.675 0.9
      vertex -36.5 -9.9 0.9
      vertex -25.279 -16.8 0.9
    endloop
  endfacet
  facet normal 0 0 1
    outer loop
      vertex -24.5145 6.14168 0.9
      vertex -36.9895 3.4 0.9
      vertex -36.5 -1.3 0.9
    endloop
  endfacet
  facet normal 0 0 1
    outer loop
      vertex -40.8 10 0.9
      vertex -35.921 16.8 0.9
      vertex -40.8 11.921 0.9
    endloop
  endfacet
  facet normal 0 0 1
    outer loop
      vertex -35.921 16.8 0.9
      vertex -40.8 10 0.9
      vertex -36.9895 3.4 0.9
    endloop
  endfacet
  facet normal 0 0 1
    outer loop
      vertex -46.85 5.6 0.9
      vertex -40.8 10 0.9
      vertex -40.8 11.921 0.9
    endloop
  endfacet
  facet normal -0 0 1
    outer loop
      vertex -46.9914 4.5259 0.9
      vertex -44.6105 3.4 0.9
      vertex -46.8855 5.05832 0.9
    endloop
  endfacet
  facet normal -0 0 1
    outer loop
      vertex -47.1659 4.01186 0.9
      vertex -44.6105 3.4 0.9
      vertex -46.9914 4.5259 0.9
    endloop
  endfacet
  facet normal -0 0 1
    outer loop
      vertex -46.8855 5.05832 0.9
      vertex -44.6105 3.4 0.9
      vertex -46.85 5.6 0.9
    endloop
  endfacet
  facet normal 0 0 1
    outer loop
      vertex -40.8 10 0.9
      vertex -46.85 5.6 0.9
      vertex -44.6105 3.4 0.9
    endloop
  endfacet
  facet normal 0 0 1
    outer loop
      vertex -46.85 5.6 0.9
      vertex -40.8 11.921 0.9
      vertex -45.679 16.8 0.9
    endloop
  endfacet
  facet normal -0 0 1
    outer loop
      vertex -36.9659 -15.2119 0.9
      vertex -25.279 -16.8 0.9
      vertex -36.5 -9.9 0.9
    endloop
  endfacet
  facet normal 0 0 1
    outer loop
      vertex -36.6855 -17.3417 0.9
      vertex -25.279 -16.8 0.9
      vertex -36.65 -16.8 0.9
    endloop
  endfacet
  facet normal 0 0 1
    outer loop
      vertex -36.6855 -28.5417 0.9
      vertex -25.279 -16.8 0.9
      vertex -36.65 -28 0.9
    endloop
  endfacet
  facet normal 0 0 1
    outer loop
      vertex -25.279 -16.8 0.9
      vertex -36.6855 -28.5417 0.9
      vertex -36.4 -34.8 0.9
    endloop
  endfacet
  facet normal -0 0 1
    outer loop
      vertex -36.7914 -29.0741 0.9
      vertex -36.4 -34.8 0.9
      vertex -36.6855 -28.5417 0.9
    endloop
  endfacet
  facet normal -0 0 1
    outer loop
      vertex -36.9659 -29.5881 0.9
      vertex -36.4 -34.8 0.9
      vertex -36.7914 -29.0741 0.9
    endloop
  endfacet
  facet normal -0 0 1
    outer loop
      vertex -37.206 -30.075 0.9
      vertex -36.4 -34.8 0.9
      vertex -36.9659 -29.5881 0.9
    endloop
  endfacet
  facet normal -0 0 1
    outer loop
      vertex -37.5076 -30.5264 0.9
      vertex -36.4 -34.8 0.9
      vertex -37.206 -30.075 0.9
    endloop
  endfacet
  facet normal -0 0 1
    outer loop
      vertex -37.8655 -30.9345 0.9
      vertex -36.4 -34.8 0.9
      vertex -37.5076 -30.5264 0.9
    endloop
  endfacet
  facet normal -0 0 1
    outer loop
      vertex -38.2736 -31.2924 0.9
      vertex -36.4 -34.8 0.9
      vertex -37.8655 -30.9345 0.9
    endloop
  endfacet
  facet normal -0 0 1
    outer loop
      vertex -38.725 -31.594 0.9
      vertex -36.4 -34.8 0.9
      vertex -38.2736 -31.2924 0.9
    endloop
  endfacet
  facet normal -0 0 1
    outer loop
      vertex -39.2119 -31.8341 0.9
      vertex -36.4 -34.8 0.9
      vertex -38.725 -31.594 0.9
    endloop
  endfacet
  facet normal -0 0 1
    outer loop
      vertex -39.7259 -32.0086 0.9
      vertex -36.4 -34.8 0.9
      vertex -39.2119 -31.8341 0.9
    endloop
  endfacet
  facet normal -0 0 1
    outer loop
      vertex -40.2583 -32.1145 0.9
      vertex -36.4 -34.8 0.9
      vertex -39.7259 -32.0086 0.9
    endloop
  endfacet
  facet normal -0 0 1
    outer loop
      vertex -40.8 -32.15 0.9
      vertex -36.4 -34.8 0.9
      vertex -40.2583 -32.1145 0.9
    endloop
  endfacet
  facet normal 0 0 1
    outer loop
      vertex -45.2 -34.8 0.9
      vertex -40.8 -32.15 0.9
      vertex -41.3417 -32.1145 0.9
    endloop
  endfacet
  facet normal 0 0 1
    outer loop
      vertex -45.2 -34.8 0.9
      vertex -41.3417 -32.1145 0.9
      vertex -41.8741 -32.0086 0.9
    endloop
  endfacet
  facet normal 0 0 1
    outer loop
      vertex -45.2 -34.8 0.9
      vertex -41.8741 -32.0086 0.9
      vertex -42.3881 -31.8341 0.9
    endloop
  endfacet
  facet normal 0 0 1
    outer loop
      vertex -45.2 -34.8 0.9
      vertex -42.3881 -31.8341 0.9
      vertex -42.875 -31.594 0.9
    endloop
  endfacet
  facet normal 0 0 1
    outer loop
      vertex -40.8 -32.15 0.9
      vertex -45.2 -34.8 0.9
      vertex -36.4 -34.8 0.9
    endloop
  endfacet
  facet normal 0 0 1
    outer loop
      vertex -43.3264 -31.2924 0.9
      vertex -45.2 -34.8 0.9
      vertex -42.875 -31.594 0.9
    endloop
  endfacet
  facet normal 0 0 1
    outer loop
      vertex -43.7345 -30.9345 0.9
      vertex -45.2 -34.8 0.9
      vertex -43.3264 -31.2924 0.9
    endloop
  endfacet
  facet normal 0 0 1
    outer loop
      vertex -44.0924 -30.5264 0.9
      vertex -45.2 -34.8 0.9
      vertex -43.7345 -30.9345 0.9
    endloop
  endfacet
  facet normal 0 0 1
    outer loop
      vertex -44.394 -30.075 0.9
      vertex -45.2 -34.8 0.9
      vertex -44.0924 -30.5264 0.9
    endloop
  endfacet
  facet normal 0 0 1
    outer loop
      vertex -44.6341 -29.5881 0.9
      vertex -45.2 -34.8 0.9
      vertex -44.394 -30.075 0.9
    endloop
  endfacet
  facet normal 0 0 1
    outer loop
      vertex -44.8086 -29.0741 0.9
      vertex -45.2 -34.8 0.9
      vertex -44.6341 -29.5881 0.9
    endloop
  endfacet
  facet normal 0 0 1
    outer loop
      vertex -44.9145 -28.5417 0.9
      vertex -45.2 -34.8 0.9
      vertex -44.8086 -29.0741 0.9
    endloop
  endfacet
  facet normal 0 0 1
    outer loop
      vertex -44.95 -28 0.9
      vertex -45.2 -34.8 0.9
      vertex -44.9145 -28.5417 0.9
    endloop
  endfacet
  facet normal 0 0 1
    outer loop
      vertex -44.95 -16.8 0.9
      vertex -45.2 -34.8 0.9
      vertex -44.95 -28 0.9
    endloop
  endfacet
  facet normal 0 0 1
    outer loop
      vertex -36.9659 26.4119 0.9
      vertex -24.2341 26.4119 0.9
      vertex -36.7914 26.9259 0.9
    endloop
  endfacet
  facet normal 0 0 1
    outer loop
      vertex -24.2341 26.4119 0.9
      vertex -36.9659 26.4119 0.9
      vertex -23.994 25.925 0.9
    endloop
  endfacet
  facet normal 0 0 1
    outer loop
      vertex -37.206 25.925 0.9
      vertex -23.994 25.925 0.9
      vertex -36.9659 26.4119 0.9
    endloop
  endfacet
  facet normal 0 0 1
    outer loop
      vertex -23.994 25.925 0.9
      vertex -37.206 25.925 0.9
      vertex -35.921 16.8 0.9
    endloop
  endfacet
  facet normal -0 0 1
    outer loop
      vertex -37.5076 25.4736 0.9
      vertex -35.921 16.8 0.9
      vertex -37.206 25.925 0.9
    endloop
  endfacet
  facet normal -0 0 1
    outer loop
      vertex -37.8655 25.0655 0.9
      vertex -35.921 16.8 0.9
      vertex -37.5076 25.4736 0.9
    endloop
  endfacet
  facet normal -0 0 1
    outer loop
      vertex -38.2736 24.7076 0.9
      vertex -35.921 16.8 0.9
      vertex -37.8655 25.0655 0.9
    endloop
  endfacet
  facet normal -0 0 1
    outer loop
      vertex -38.725 24.406 0.9
      vertex -35.921 16.8 0.9
      vertex -38.2736 24.7076 0.9
    endloop
  endfacet
  facet normal 0 0 1
    outer loop
      vertex -40.8 21.679 0.9
      vertex -38.725 24.406 0.9
      vertex -39.2119 24.1659 0.9
    endloop
  endfacet
  facet normal 0 0 1
    outer loop
      vertex -40.8 21.679 0.9
      vertex -39.2119 24.1659 0.9
      vertex -39.7259 23.9914 0.9
    endloop
  endfacet
  facet normal 0 0 1
    outer loop
      vertex -40.8 21.679 0.9
      vertex -39.7259 23.9914 0.9
      vertex -40.2583 23.8855 0.9
    endloop
  endfacet
  facet normal 0 0 1
    outer loop
      vertex -40.8 21.679 0.9
      vertex -40.2583 23.8855 0.9
      vertex -40.8 23.85 0.9
    endloop
  endfacet
  facet normal 0 0 1
    outer loop
      vertex -38.725 24.406 0.9
      vertex -40.8 21.679 0.9
      vertex -35.921 16.8 0.9
    endloop
  endfacet
  facet normal 0 0 1
    outer loop
      vertex -41.3417 23.8855 0.9
      vertex -40.8 21.679 0.9
      vertex -40.8 23.85 0.9
    endloop
  endfacet
  facet normal 0 0 1
    outer loop
      vertex -41.8741 23.9914 0.9
      vertex -40.8 21.679 0.9
      vertex -41.3417 23.8855 0.9
    endloop
  endfacet
  facet normal 0 0 1
    outer loop
      vertex -42.3881 24.1659 0.9
      vertex -40.8 21.679 0.9
      vertex -41.8741 23.9914 0.9
    endloop
  endfacet
  facet normal 0 0 1
    outer loop
      vertex -42.875 24.406 0.9
      vertex -40.8 21.679 0.9
      vertex -42.3881 24.1659 0.9
    endloop
  endfacet
  facet normal 0 0 1
    outer loop
      vertex -45.679 16.8 0.9
      vertex -42.875 24.406 0.9
      vertex -43.3264 24.7076 0.9
    endloop
  endfacet
  facet normal 0 0 1
    outer loop
      vertex -45.679 16.8 0.9
      vertex -43.3264 24.7076 0.9
      vertex -43.7345 25.0655 0.9
    endloop
  endfacet
  facet normal 0 0 1
    outer loop
      vertex -45.679 16.8 0.9
      vertex -43.7345 25.0655 0.9
      vertex -44.0924 25.4736 0.9
    endloop
  endfacet
  facet normal 0 0 1
    outer loop
      vertex -42.875 24.406 0.9
      vertex -45.679 16.8 0.9
      vertex -40.8 21.679 0.9
    endloop
  endfacet
  facet normal 0 0 1
    outer loop
      vertex -44.394 25.925 0.9
      vertex -45.679 16.8 0.9
      vertex -44.0924 25.4736 0.9
    endloop
  endfacet
  facet normal 0 0 1
    outer loop
      vertex -56.9 23.7 0.9
      vertex -44.394 25.925 0.9
      vertex -44.6341 26.4119 0.9
    endloop
  endfacet
  facet normal 0 0 1
    outer loop
      vertex -44.9145 27.4583 0.9
      vertex -56.9 23.7 0.9
      vertex -44.8086 26.9259 0.9
    endloop
  endfacet
  facet normal 0 0 1
    outer loop
      vertex -44.95 28 0.9
      vertex -56.9 23.7 0.9
      vertex -44.9145 27.4583 0.9
    endloop
  endfacet
  facet normal 0 0 1
    outer loop
      vertex -56.9 23.7 0.9
      vertex -44.95 28 0.9
      vertex -56.9 32.3 0.9
    endloop
  endfacet
  facet normal -0 0 1
    outer loop
      vertex -44.6105 3.4 0.9
      vertex -36.5 -1.3 0.9
      vertex -36.9895 3.4 0.9
    endloop
  endfacet
  facet normal 0 0 1
    outer loop
      vertex -36.5 -1.3 0.9
      vertex -44.6105 3.4 0.9
      vertex -45.1 -1.3 0.9
    endloop
  endfacet
  facet normal 0 0 1
    outer loop
      vertex -16.3914 4.5259 0.9
      vertex -4.87904 5.6 0.9
      vertex -16.2855 5.05832 0.9
    endloop
  endfacet
  facet normal 0 0 1
    outer loop
      vertex -4.87904 5.6 0.9
      vertex -16.2855 -5.05832 0.9
      vertex -16.25 -5.6 0.9
    endloop
  endfacet
  facet normal 0 0 1
    outer loop
      vertex -16.5659 4.01186 0.9
      vertex -4.87904 5.6 0.9
      vertex -16.3914 4.5259 0.9
    endloop
  endfacet
  facet normal 0 0 1
    outer loop
      vertex -4.87904 5.6 0.9
      vertex -16.3914 -4.5259 0.9
      vertex -16.2855 -5.05832 0.9
    endloop
  endfacet
  facet normal 0 0 1
    outer loop
      vertex -16.806 3.525 0.9
      vertex -4.87904 5.6 0.9
      vertex -16.5659 4.01186 0.9
    endloop
  endfacet
  facet normal 0 0 1
    outer loop
      vertex -4.87904 5.6 0.9
      vertex -16.5659 -4.01186 0.9
      vertex -16.3914 -4.5259 0.9
    endloop
  endfacet
  facet normal 0 0 1
    outer loop
      vertex -16.806 -3.525 0.9
      vertex -4.87904 5.6 0.9
      vertex -16.806 3.525 0.9
    endloop
  endfacet
  facet normal 0 0 1
    outer loop
      vertex -4.87904 5.6 0.9
      vertex -16.806 -3.525 0.9
      vertex -16.5659 -4.01186 0.9
    endloop
  endfacet
  facet normal -0 0 1
    outer loop
      vertex -17.1076 3.07364 0.9
      vertex -16.806 -3.525 0.9
      vertex -16.806 3.525 0.9
    endloop
  endfacet
  facet normal 0 0 1
    outer loop
      vertex -17.1076 3.07364 0.9
      vertex -17.1076 -3.07364 0.9
      vertex -16.806 -3.525 0.9
    endloop
  endfacet
  facet normal -0 0 1
    outer loop
      vertex -17.4655 2.66551 0.9
      vertex -17.1076 -3.07364 0.9
      vertex -17.1076 3.07364 0.9
    endloop
  endfacet
  facet normal 0 0 1
    outer loop
      vertex -17.4655 2.66551 0.9
      vertex -17.4655 -2.66551 0.9
      vertex -17.1076 -3.07364 0.9
    endloop
  endfacet
  facet normal -0 0 1
    outer loop
      vertex -17.8736 2.30758 0.9
      vertex -17.4655 -2.66551 0.9
      vertex -17.4655 2.66551 0.9
    endloop
  endfacet
  facet normal 0 0 1
    outer loop
      vertex -17.8736 2.30758 0.9
      vertex -17.8736 -2.30758 0.9
      vertex -17.4655 -2.66551 0.9
    endloop
  endfacet
  facet normal -0 0 1
    outer loop
      vertex -18.325 2.00599 0.9
      vertex -17.8736 -2.30758 0.9
      vertex -17.8736 2.30758 0.9
    endloop
  endfacet
  facet normal 0 0 1
    outer loop
      vertex -18.325 2.00599 0.9
      vertex -18.325 -2.00599 0.9
      vertex -17.8736 -2.30758 0.9
    endloop
  endfacet
  facet normal -0 0 1
    outer loop
      vertex -18.8119 1.7659 0.9
      vertex -18.325 -2.00599 0.9
      vertex -18.325 2.00599 0.9
    endloop
  endfacet
  facet normal 0 0 1
    outer loop
      vertex -18.8119 1.7659 0.9
      vertex -18.8119 -1.7659 0.9
      vertex -18.325 -2.00599 0.9
    endloop
  endfacet
  facet normal -0 0 1
    outer loop
      vertex -19.3259 1.59141 0.9
      vertex -18.8119 -1.7659 0.9
      vertex -18.8119 1.7659 0.9
    endloop
  endfacet
  facet normal 0 0 1
    outer loop
      vertex -19.3259 1.59141 0.9
      vertex -19.3259 -1.59141 0.9
      vertex -18.8119 -1.7659 0.9
    endloop
  endfacet
  facet normal -0 0 1
    outer loop
      vertex -19.8583 1.4855 0.9
      vertex -19.3259 -1.59141 0.9
      vertex -19.3259 1.59141 0.9
    endloop
  endfacet
  facet normal 0 0 1
    outer loop
      vertex -19.8583 1.4855 0.9
      vertex -19.8583 -1.4855 0.9
      vertex -19.3259 -1.59141 0.9
    endloop
  endfacet
  facet normal -0 0 1
    outer loop
      vertex -20.4 1.45 0.9
      vertex -19.8583 -1.4855 0.9
      vertex -19.8583 1.4855 0.9
    endloop
  endfacet
  facet normal 0 0 1
    outer loop
      vertex -20.4 1.45 0.9
      vertex -20.4 -1.45 0.9
      vertex -19.8583 -1.4855 0.9
    endloop
  endfacet
  facet normal 0 0 1
    outer loop
      vertex -20.9417 1.4855 0.9
      vertex -20.4 -1.45 0.9
      vertex -20.4 1.45 0.9
    endloop
  endfacet
  facet normal 0 0 1
    outer loop
      vertex -20.9417 1.4855 0.9
      vertex -20.9417 -1.4855 0.9
      vertex -20.4 -1.45 0.9
    endloop
  endfacet
  facet normal 0 0 1
    outer loop
      vertex -21.4741 1.59141 0.9
      vertex -20.9417 -1.4855 0.9
      vertex -20.9417 1.4855 0.9
    endloop
  endfacet
  facet normal 0 0 1
    outer loop
      vertex -21.4741 1.59141 0.9
      vertex -21.4741 -1.59141 0.9
      vertex -20.9417 -1.4855 0.9
    endloop
  endfacet
  facet normal 0 0 1
    outer loop
      vertex -21.9881 1.7659 0.9
      vertex -21.4741 -1.59141 0.9
      vertex -21.4741 1.59141 0.9
    endloop
  endfacet
  facet normal 0 0 1
    outer loop
      vertex -21.9881 1.7659 0.9
      vertex -21.9881 -1.7659 0.9
      vertex -21.4741 -1.59141 0.9
    endloop
  endfacet
  facet normal 0 0 1
    outer loop
      vertex -22.475 2.00599 0.9
      vertex -21.9881 -1.7659 0.9
      vertex -21.9881 1.7659 0.9
    endloop
  endfacet
  facet normal 0 0 1
    outer loop
      vertex -22.475 2.00599 0.9
      vertex -22.475 -2.00599 0.9
      vertex -21.9881 -1.7659 0.9
    endloop
  endfacet
  facet normal 0 0 1
    outer loop
      vertex -22.9264 2.30758 0.9
      vertex -22.475 -2.00599 0.9
      vertex -22.475 2.00599 0.9
    endloop
  endfacet
  facet normal 0 0 1
    outer loop
      vertex -22.9264 2.30758 0.9
      vertex -22.9264 -2.30758 0.9
      vertex -22.475 -2.00599 0.9
    endloop
  endfacet
  facet normal 0 0 1
    outer loop
      vertex -23.3345 2.66551 0.9
      vertex -22.9264 -2.30758 0.9
      vertex -22.9264 2.30758 0.9
    endloop
  endfacet
  facet normal 0 0 1
    outer loop
      vertex -23.3345 2.66551 0.9
      vertex -23.3345 -2.66551 0.9
      vertex -22.9264 -2.30758 0.9
    endloop
  endfacet
  facet normal 0 0 1
    outer loop
      vertex -23.6924 3.07364 0.9
      vertex -23.3345 -2.66551 0.9
      vertex -23.3345 2.66551 0.9
    endloop
  endfacet
  facet normal 0 0 1
    outer loop
      vertex -23.6924 3.07364 0.9
      vertex -23.6924 -3.07364 0.9
      vertex -23.3345 -2.66551 0.9
    endloop
  endfacet
  facet normal 0 0 1
    outer loop
      vertex -23.994 3.525 0.9
      vertex -23.6924 -3.07364 0.9
      vertex -23.6924 3.07364 0.9
    endloop
  endfacet
  facet normal 0 0 1
    outer loop
      vertex -23.994 3.525 0.9
      vertex -23.994 -3.525 0.9
      vertex -23.6924 -3.07364 0.9
    endloop
  endfacet
  facet normal 0 0 1
    outer loop
      vertex -36.5 -1.3 0.9
      vertex -23.994 3.525 0.9
      vertex -24.2341 4.01186 0.9
    endloop
  endfacet
  facet normal 0 0 1
    outer loop
      vertex -23.994 3.525 0.9
      vertex -36.5 -1.3 0.9
      vertex -23.994 -3.525 0.9
    endloop
  endfacet
  facet normal 0 0 1
    outer loop
      vertex -36.5 -1.3 0.9
      vertex -24.2341 4.01186 0.9
      vertex -24.4086 4.5259 0.9
    endloop
  endfacet
  facet normal 0 0 1
    outer loop
      vertex -23.994 -3.525 0.9
      vertex -36.5 -1.3 0.9
      vertex -24.2341 -4.01186 0.9
    endloop
  endfacet
  facet normal 0 0 1
    outer loop
      vertex -24.55 5.6 0.9
      vertex -36.5 -1.3 0.9
      vertex -24.5145 5.05832 0.9
    endloop
  endfacet
  facet normal 0 0 1
    outer loop
      vertex -24.5145 5.05832 0.9
      vertex -36.5 -1.3 0.9
      vertex -24.4086 4.5259 0.9
    endloop
  endfacet
  facet normal 0 0 1
    outer loop
      vertex -24.5145 6.14168 0.9
      vertex -36.5 -1.3 0.9
      vertex -24.55 5.6 0.9
    endloop
  endfacet
  facet normal 0 0 1
    outer loop
      vertex -24.2341 -4.01186 0.9
      vertex -36.5 -1.3 0.9
      vertex -24.4086 -4.5259 0.9
    endloop
  endfacet
  facet normal -0 0 1
    outer loop
      vertex -16.806 25.925 0.9
      vertex -14.0105 25.8 0.9
      vertex -16.5659 26.4119 0.9
    endloop
  endfacet
  facet normal 0 0 1
    outer loop
      vertex -14.5 12.5 0.9
      vertex -16.2855 6.14168 0.9
      vertex -16.25 5.6 0.9
    endloop
  endfacet
  facet normal 0 0 1
    outer loop
      vertex -17.1076 25.4736 0.9
      vertex -14.0105 25.8 0.9
      vertex -16.806 25.925 0.9
    endloop
  endfacet
  facet normal 0 0 1
    outer loop
      vertex -18.325 9.19401 0.9
      vertex -14.5 12.5 0.9
      vertex -16.5895 14.6 0.9
    endloop
  endfacet
  facet normal 0 0 1
    outer loop
      vertex -14.0105 25.8 0.9
      vertex -17.1076 25.4736 0.9
      vertex -14.5 21.1 0.9
    endloop
  endfacet
  facet normal 0 0 1
    outer loop
      vertex -14.5 12.5 0.9
      vertex -16.3914 6.6741 0.9
      vertex -16.2855 6.14168 0.9
    endloop
  endfacet
  facet normal 0 0 1
    outer loop
      vertex -14.5 12.5 0.9
      vertex -16.5659 7.18814 0.9
      vertex -16.3914 6.6741 0.9
    endloop
  endfacet
  facet normal 0 0 1
    outer loop
      vertex -14.5 21.1 0.9
      vertex -16.5895 14.6 0.9
      vertex -14.5 12.5 0.9
    endloop
  endfacet
  facet normal -0 0 1
    outer loop
      vertex -17.4655 25.0655 0.9
      vertex -14.5 21.1 0.9
      vertex -17.1076 25.4736 0.9
    endloop
  endfacet
  facet normal -0 0 1
    outer loop
      vertex -17.8736 24.7076 0.9
      vertex -14.5 21.1 0.9
      vertex -17.4655 25.0655 0.9
    endloop
  endfacet
  facet normal -0 0 1
    outer loop
      vertex -18.325 24.406 0.9
      vertex -14.5 21.1 0.9
      vertex -17.8736 24.7076 0.9
    endloop
  endfacet
  facet normal -0 0 1
    outer loop
      vertex -18.8119 24.1659 0.9
      vertex -14.5 21.1 0.9
      vertex -18.325 24.406 0.9
    endloop
  endfacet
  facet normal 0 0 1
    outer loop
      vertex -14.5 21.1 0.9
      vertex -18.8119 24.1659 0.9
      vertex -20.4 21.2 0.9
    endloop
  endfacet
  facet normal 0 0 1
    outer loop
      vertex -20.4 21.2 0.9
      vertex -18.8119 24.1659 0.9
      vertex -19.3259 23.9914 0.9
    endloop
  endfacet
  facet normal 0 0 1
    outer loop
      vertex -20.4 21.2 0.9
      vertex -19.3259 23.9914 0.9
      vertex -19.8583 23.8855 0.9
    endloop
  endfacet
  facet normal 0 0 1
    outer loop
      vertex -20.4 21.2 0.9
      vertex -19.8583 23.8855 0.9
      vertex -20.4 23.85 0.9
    endloop
  endfacet
  facet normal 0 0 1
    outer loop
      vertex -14.5 21.1 0.9
      vertex -20.4 21.2 0.9
      vertex -16.5895 14.6 0.9
    endloop
  endfacet
  facet normal 0 0 1
    outer loop
      vertex -20.9417 23.8855 0.9
      vertex -20.4 21.2 0.9
      vertex -20.4 23.85 0.9
    endloop
  endfacet
  facet normal 0 0 1
    outer loop
      vertex -21.4741 23.9914 0.9
      vertex -20.4 21.2 0.9
      vertex -20.9417 23.8855 0.9
    endloop
  endfacet
  facet normal 0 0 1
    outer loop
      vertex -21.9881 24.1659 0.9
      vertex -20.4 21.2 0.9
      vertex -21.4741 23.9914 0.9
    endloop
  endfacet
  facet normal 0 0 1
    outer loop
      vertex -22.475 24.406 0.9
      vertex -20.4 21.2 0.9
      vertex -21.9881 24.1659 0.9
    endloop
  endfacet
  facet normal 0 0 1
    outer loop
      vertex -22.9264 24.7076 0.9
      vertex -20.4 21.2 0.9
      vertex -22.475 24.406 0.9
    endloop
  endfacet
  facet normal 0 0 1
    outer loop
      vertex -24.2105 14.6 0.9
      vertex -22.9264 24.7076 0.9
      vertex -23.3345 25.0655 0.9
    endloop
  endfacet
  facet normal 0 0 1
    outer loop
      vertex -24.2105 14.6 0.9
      vertex -23.3345 25.0655 0.9
      vertex -23.6924 25.4736 0.9
    endloop
  endfacet
  facet normal 0 0 1
    outer loop
      vertex -22.9264 24.7076 0.9
      vertex -24.2105 14.6 0.9
      vertex -20.4 21.2 0.9
    endloop
  endfacet
  facet normal 0 0 1
    outer loop
      vertex -35.921 16.8 0.9
      vertex -23.6924 25.4736 0.9
      vertex -23.994 25.925 0.9
    endloop
  endfacet
  facet normal 0 0 1
    outer loop
      vertex -24.4086 26.9259 0.9
      vertex -36.7914 26.9259 0.9
      vertex -24.2341 26.4119 0.9
    endloop
  endfacet
  facet normal -0 0 1
    outer loop
      vertex -16.2855 -28.5417 0.9
      vertex -14.0105 -30.2 0.9
      vertex -16.25 -28 0.9
    endloop
  endfacet
  facet normal 0 0 1
    outer loop
      vertex -10.2 -23.6 0.9
      vertex -16.2855 -27.4583 0.9
      vertex -16.25 -28 0.9
    endloop
  endfacet
  facet normal 0 0 1
    outer loop
      vertex -10.2 -23.6 0.9
      vertex -16.3914 -26.9259 0.9
      vertex -16.2855 -27.4583 0.9
    endloop
  endfacet
  facet normal 0 0 1
    outer loop
      vertex -10.2 -23.6 0.9
      vertex -16.5659 -26.4119 0.9
      vertex -16.3914 -26.9259 0.9
    endloop
  endfacet
  facet normal 0 0 1
    outer loop
      vertex -10.2 -23.6 0.9
      vertex -16.806 -25.925 0.9
      vertex -16.5659 -26.4119 0.9
    endloop
  endfacet
  facet normal 0 0 1
    outer loop
      vertex -10.2 -23.6 0.9
      vertex -17.1076 -25.4736 0.9
      vertex -16.806 -25.925 0.9
    endloop
  endfacet
  facet normal 0 0 1
    outer loop
      vertex -10.2 -23.6 0.9
      vertex -17.4655 -25.0655 0.9
      vertex -17.1076 -25.4736 0.9
    endloop
  endfacet
  facet normal 0 0 1
    outer loop
      vertex -15.521 -16.8 0.9
      vertex -17.8736 -24.7076 0.9
      vertex -17.4655 -25.0655 0.9
    endloop
  endfacet
  facet normal 0 0 1
    outer loop
      vertex -15.521 -16.8 0.9
      vertex -18.325 -24.406 0.9
      vertex -17.8736 -24.7076 0.9
    endloop
  endfacet
  facet normal -0 0 1
    outer loop
      vertex -20.4 -21.679 0.9
      vertex -18.325 -24.406 0.9
      vertex -15.521 -16.8 0.9
    endloop
  endfacet
  facet normal 0 0 1
    outer loop
      vertex -18.325 -24.406 0.9
      vertex -20.4 -21.679 0.9
      vertex -18.8119 -24.1659 0.9
    endloop
  endfacet
  facet normal 0 0 1
    outer loop
      vertex -18.8119 -24.1659 0.9
      vertex -20.4 -21.679 0.9
      vertex -19.3259 -23.9914 0.9
    endloop
  endfacet
  facet normal 0 0 1
    outer loop
      vertex -19.3259 -23.9914 0.9
      vertex -20.4 -21.679 0.9
      vertex -19.8583 -23.8855 0.9
    endloop
  endfacet
  facet normal 0 0 1
    outer loop
      vertex -20.4 -21.679 0.9
      vertex -20.4 -23.85 0.9
      vertex -19.8583 -23.8855 0.9
    endloop
  endfacet
  facet normal 0 0 1
    outer loop
      vertex -20.4 -21.679 0.9
      vertex -20.9417 -23.8855 0.9
      vertex -20.4 -23.85 0.9
    endloop
  endfacet
  facet normal 0 0 1
    outer loop
      vertex -20.4 -21.679 0.9
      vertex -21.4741 -23.9914 0.9
      vertex -20.9417 -23.8855 0.9
    endloop
  endfacet
  facet normal 0 0 1
    outer loop
      vertex -20.4 -21.679 0.9
      vertex -21.9881 -24.1659 0.9
      vertex -21.4741 -23.9914 0.9
    endloop
  endfacet
  facet normal 0 0 1
    outer loop
      vertex -20.4 -21.679 0.9
      vertex -22.475 -24.406 0.9
      vertex -21.9881 -24.1659 0.9
    endloop
  endfacet
  facet normal 0 0 1
    outer loop
      vertex -25.279 -16.8 0.9
      vertex -22.475 -24.406 0.9
      vertex -20.4 -21.679 0.9
    endloop
  endfacet
  facet normal 0 0 1
    outer loop
      vertex -22.475 -24.406 0.9
      vertex -25.279 -16.8 0.9
      vertex -22.9264 -24.7076 0.9
    endloop
  endfacet
  facet normal 0 0 1
    outer loop
      vertex -22.9264 -24.7076 0.9
      vertex -25.279 -16.8 0.9
      vertex -23.3345 -25.0655 0.9
    endloop
  endfacet
  facet normal 0 0 1
    outer loop
      vertex -23.6924 -30.5264 0.9
      vertex -26.2 -34.8 0.9
      vertex -24.8 -34.8 0.9
    endloop
  endfacet
  facet normal 0 0 1
    outer loop
      vertex -24.5145 -27.4583 0.9
      vertex -26.2 -34.8 0.9
      vertex -24.55 -28 0.9
    endloop
  endfacet
  facet normal 0 0 1
    outer loop
      vertex -26.2 -34.8 0.9
      vertex -24.5145 -27.4583 0.9
      vertex -25.279 -16.8 0.9
    endloop
  endfacet
  facet normal 0 0 1
    outer loop
      vertex -24.4086 -26.9259 0.9
      vertex -25.279 -16.8 0.9
      vertex -24.5145 -27.4583 0.9
    endloop
  endfacet
  facet normal 0 0 1
    outer loop
      vertex -24.2341 -26.4119 0.9
      vertex -25.279 -16.8 0.9
      vertex -24.4086 -26.9259 0.9
    endloop
  endfacet
  facet normal 0 0 1
    outer loop
      vertex -23.994 -25.925 0.9
      vertex -25.279 -16.8 0.9
      vertex -24.2341 -26.4119 0.9
    endloop
  endfacet
  facet normal 0 0 1
    outer loop
      vertex -23.6924 -25.4736 0.9
      vertex -25.279 -16.8 0.9
      vertex -23.994 -25.925 0.9
    endloop
  endfacet
  facet normal 0 0 1
    outer loop
      vertex -23.3345 -25.0655 0.9
      vertex -25.279 -16.8 0.9
      vertex -23.6924 -25.4736 0.9
    endloop
  endfacet
  facet normal 0 0 1
    outer loop
      vertex -16.2855 5.05832 0.9
      vertex -4.87904 5.6 0.9
      vertex -16.25 5.6 0.9
    endloop
  endfacet
  facet normal 0 0 1
    outer loop
      vertex -16.2855 -6.14168 0.9
      vertex -4.87904 5.6 0.9
      vertex -16.25 -5.6 0.9
    endloop
  endfacet
  facet normal 0 0 1
    outer loop
      vertex -16.3914 -6.6741 0.9
      vertex -4.87904 5.6 0.9
      vertex -16.2855 -6.14168 0.9
    endloop
  endfacet
  facet normal 0 0 1
    outer loop
      vertex -4.87904 5.6 0.9
      vertex -16.3914 -6.6741 0.9
      vertex -15.521 -16.8 0.9
    endloop
  endfacet
  facet normal -0 0 1
    outer loop
      vertex -16.5659 -7.18814 0.9
      vertex -15.521 -16.8 0.9
      vertex -16.3914 -6.6741 0.9
    endloop
  endfacet
  facet normal -0 0 1
    outer loop
      vertex -16.806 -7.675 0.9
      vertex -15.521 -16.8 0.9
      vertex -16.5659 -7.18814 0.9
    endloop
  endfacet
  facet normal -0 0 1
    outer loop
      vertex -17.1076 -8.12636 0.9
      vertex -15.521 -16.8 0.9
      vertex -16.806 -7.675 0.9
    endloop
  endfacet
  facet normal -0 0 1
    outer loop
      vertex -17.4655 -8.53449 0.9
      vertex -15.521 -16.8 0.9
      vertex -17.1076 -8.12636 0.9
    endloop
  endfacet
  facet normal -0 0 1
    outer loop
      vertex -17.8736 -8.89242 0.9
      vertex -15.521 -16.8 0.9
      vertex -17.4655 -8.53449 0.9
    endloop
  endfacet
  facet normal -0 0 1
    outer loop
      vertex -18.325 -9.19401 0.9
      vertex -15.521 -16.8 0.9
      vertex -17.8736 -8.89242 0.9
    endloop
  endfacet
  facet normal 0 0 1
    outer loop
      vertex -20.4 -11.921 0.9
      vertex -18.325 -9.19401 0.9
      vertex -18.8119 -9.4341 0.9
    endloop
  endfacet
  facet normal 0 0 1
    outer loop
      vertex -20.4 -11.921 0.9
      vertex -18.8119 -9.4341 0.9
      vertex -19.3259 -9.60859 0.9
    endloop
  endfacet
  facet normal 0 0 1
    outer loop
      vertex -20.4 -11.921 0.9
      vertex -19.3259 -9.60859 0.9
      vertex -19.8583 -9.7145 0.9
    endloop
  endfacet
  facet normal 0 0 1
    outer loop
      vertex -20.4 -11.921 0.9
      vertex -19.8583 -9.7145 0.9
      vertex -20.4 -9.75 0.9
    endloop
  endfacet
  facet normal 0 0 1
    outer loop
      vertex -18.325 -9.19401 0.9
      vertex -20.4 -11.921 0.9
      vertex -15.521 -16.8 0.9
    endloop
  endfacet
  facet normal 0 0 1
    outer loop
      vertex -20.9417 -9.7145 0.9
      vertex -20.4 -11.921 0.9
      vertex -20.4 -9.75 0.9
    endloop
  endfacet
  facet normal 0 0 1
    outer loop
      vertex -21.4741 -9.60859 0.9
      vertex -20.4 -11.921 0.9
      vertex -20.9417 -9.7145 0.9
    endloop
  endfacet
  facet normal 0 0 1
    outer loop
      vertex -21.9881 -9.4341 0.9
      vertex -20.4 -11.921 0.9
      vertex -21.4741 -9.60859 0.9
    endloop
  endfacet
  facet normal 0 0 1
    outer loop
      vertex -22.475 -9.19401 0.9
      vertex -20.4 -11.921 0.9
      vertex -21.9881 -9.4341 0.9
    endloop
  endfacet
  facet normal 0 0 1
    outer loop
      vertex -25.279 -16.8 0.9
      vertex -22.475 -9.19401 0.9
      vertex -22.9264 -8.89242 0.9
    endloop
  endfacet
  facet normal 0 0 1
    outer loop
      vertex -25.279 -16.8 0.9
      vertex -22.9264 -8.89242 0.9
      vertex -23.3345 -8.53449 0.9
    endloop
  endfacet
  facet normal 0 0 1
    outer loop
      vertex -25.279 -16.8 0.9
      vertex -23.3345 -8.53449 0.9
      vertex -23.6924 -8.12636 0.9
    endloop
  endfacet
  facet normal 0 0 1
    outer loop
      vertex -22.475 -9.19401 0.9
      vertex -25.279 -16.8 0.9
      vertex -20.4 -11.921 0.9
    endloop
  endfacet
  facet normal 0 0 1
    outer loop
      vertex -23.994 -7.675 0.9
      vertex -25.279 -16.8 0.9
      vertex -23.6924 -8.12636 0.9
    endloop
  endfacet
  facet normal 0 0 1
    outer loop
      vertex -36.5 -9.9 0.9
      vertex -23.994 -7.675 0.9
      vertex -24.2341 -7.18814 0.9
    endloop
  endfacet
  facet normal 0 0 1
    outer loop
      vertex -24.5145 -6.14168 0.9
      vertex -36.5 -9.9 0.9
      vertex -24.4086 -6.6741 0.9
    endloop
  endfacet
  facet normal 0 0 1
    outer loop
      vertex -24.55 -5.6 0.9
      vertex -36.5 -9.9 0.9
      vertex -24.5145 -6.14168 0.9
    endloop
  endfacet
  facet normal 0 0 1
    outer loop
      vertex -24.5145 -5.05832 0.9
      vertex -36.5 -1.3 0.9
      vertex -24.55 -5.6 0.9
    endloop
  endfacet
  facet normal -0 0 1
    outer loop
      vertex -16.3914 -29.0741 0.9
      vertex -14.0105 -30.2 0.9
      vertex -16.2855 -28.5417 0.9
    endloop
  endfacet
  facet normal -0 0 1
    outer loop
      vertex -16.5659 -29.5881 0.9
      vertex -14.0105 -30.2 0.9
      vertex -16.3914 -29.0741 0.9
    endloop
  endfacet
  facet normal -0 0 1
    outer loop
      vertex -16.806 -30.075 0.9
      vertex -14.0105 -30.2 0.9
      vertex -16.5659 -29.5881 0.9
    endloop
  endfacet
  facet normal 0 0 1
    outer loop
      vertex -17.1076 -30.5264 0.9
      vertex -14.0105 -30.2 0.9
      vertex -16.806 -30.075 0.9
    endloop
  endfacet
  facet normal 0 0 1
    outer loop
      vertex -14.0105 -30.2 0.9
      vertex -17.1076 -30.5264 0.9
      vertex -16 -34.8 0.9
    endloop
  endfacet
  facet normal -0 0 1
    outer loop
      vertex -17.4655 -30.9345 0.9
      vertex -16 -34.8 0.9
      vertex -17.1076 -30.5264 0.9
    endloop
  endfacet
  facet normal -0 0 1
    outer loop
      vertex -17.8736 -31.2924 0.9
      vertex -16 -34.8 0.9
      vertex -17.4655 -30.9345 0.9
    endloop
  endfacet
  facet normal -0 0 1
    outer loop
      vertex -18.325 -31.594 0.9
      vertex -16 -34.8 0.9
      vertex -17.8736 -31.2924 0.9
    endloop
  endfacet
  facet normal -0 0 1
    outer loop
      vertex -18.8119 -31.8341 0.9
      vertex -16 -34.8 0.9
      vertex -18.325 -31.594 0.9
    endloop
  endfacet
  facet normal -0 0 1
    outer loop
      vertex -19.3259 -32.0086 0.9
      vertex -16 -34.8 0.9
      vertex -18.8119 -31.8341 0.9
    endloop
  endfacet
  facet normal -0 0 1
    outer loop
      vertex -19.8583 -32.1145 0.9
      vertex -16 -34.8 0.9
      vertex -19.3259 -32.0086 0.9
    endloop
  endfacet
  facet normal -0 0 1
    outer loop
      vertex -20.4 -32.15 0.9
      vertex -16 -34.8 0.9
      vertex -19.8583 -32.1145 0.9
    endloop
  endfacet
  facet normal 0 0 1
    outer loop
      vertex -24.8 -34.8 0.9
      vertex -20.4 -32.15 0.9
      vertex -20.9417 -32.1145 0.9
    endloop
  endfacet
  facet normal 0 0 1
    outer loop
      vertex -24.8 -34.8 0.9
      vertex -20.9417 -32.1145 0.9
      vertex -21.4741 -32.0086 0.9
    endloop
  endfacet
  facet normal 0 0 1
    outer loop
      vertex -24.8 -34.8 0.9
      vertex -21.4741 -32.0086 0.9
      vertex -21.9881 -31.8341 0.9
    endloop
  endfacet
  facet normal 0 0 1
    outer loop
      vertex -24.8 -34.8 0.9
      vertex -21.9881 -31.8341 0.9
      vertex -22.475 -31.594 0.9
    endloop
  endfacet
  facet normal 0 0 1
    outer loop
      vertex -20.4 -32.15 0.9
      vertex -24.8 -34.8 0.9
      vertex -16 -34.8 0.9
    endloop
  endfacet
  facet normal 0 0 1
    outer loop
      vertex -22.9264 -31.2924 0.9
      vertex -24.8 -34.8 0.9
      vertex -22.475 -31.594 0.9
    endloop
  endfacet
  facet normal 0 0 1
    outer loop
      vertex -23.3345 -30.9345 0.9
      vertex -24.8 -34.8 0.9
      vertex -22.9264 -31.2924 0.9
    endloop
  endfacet
  facet normal 0 0 1
    outer loop
      vertex -23.6924 -30.5264 0.9
      vertex -24.8 -34.8 0.9
      vertex -23.3345 -30.9345 0.9
    endloop
  endfacet
  facet normal 0 0 1
    outer loop
      vertex -26.2 -34.8 0.9
      vertex -23.6924 -30.5264 0.9
      vertex -23.994 -30.075 0.9
    endloop
  endfacet
  facet normal 0 0 1
    outer loop
      vertex -26.2 -34.8 0.9
      vertex -23.994 -30.075 0.9
      vertex -24.2341 -29.5881 0.9
    endloop
  endfacet
  facet normal 0 0 1
    outer loop
      vertex -26.2 -34.8 0.9
      vertex -24.2341 -29.5881 0.9
      vertex -24.4086 -29.0741 0.9
    endloop
  endfacet
  facet normal 0 0 1
    outer loop
      vertex -26.2 -34.8 0.9
      vertex -24.4086 -29.0741 0.9
      vertex -24.5145 -28.5417 0.9
    endloop
  endfacet
  facet normal 0 0 1
    outer loop
      vertex -26.2 -34.8 0.9
      vertex -24.5145 -28.5417 0.9
      vertex -24.55 -28 0.9
    endloop
  endfacet
  facet normal 0 0 1
    outer loop
      vertex -14.5 12.5 0.9
      vertex -16.806 7.675 0.9
      vertex -16.5659 7.18814 0.9
    endloop
  endfacet
  facet normal 0 0 1
    outer loop
      vertex -14.5 12.5 0.9
      vertex -17.1076 8.12636 0.9
      vertex -16.806 7.675 0.9
    endloop
  endfacet
  facet normal 0 0 1
    outer loop
      vertex -14.5 12.5 0.9
      vertex -17.4655 8.53449 0.9
      vertex -17.1076 8.12636 0.9
    endloop
  endfacet
  facet normal 0 0 1
    outer loop
      vertex -14.5 12.5 0.9
      vertex -17.8736 8.89242 0.9
      vertex -17.4655 8.53449 0.9
    endloop
  endfacet
  facet normal 0 0 1
    outer loop
      vertex -14.5 12.5 0.9
      vertex -18.325 9.19401 0.9
      vertex -17.8736 8.89242 0.9
    endloop
  endfacet
  facet normal 0 0 1
    outer loop
      vertex -16.5895 14.6 0.9
      vertex -18.8119 9.4341 0.9
      vertex -18.325 9.19401 0.9
    endloop
  endfacet
  facet normal 0 0 1
    outer loop
      vertex -16.5895 14.6 0.9
      vertex -19.3259 9.60859 0.9
      vertex -18.8119 9.4341 0.9
    endloop
  endfacet
  facet normal 0 0 1
    outer loop
      vertex -16.5895 14.6 0.9
      vertex -19.8583 9.7145 0.9
      vertex -19.3259 9.60859 0.9
    endloop
  endfacet
  facet normal 0 0 1
    outer loop
      vertex -16.5895 14.6 0.9
      vertex -20.4 9.75 0.9
      vertex -19.8583 9.7145 0.9
    endloop
  endfacet
  facet normal -0 0 1
    outer loop
      vertex -24.2105 14.6 0.9
      vertex -20.4 9.75 0.9
      vertex -16.5895 14.6 0.9
    endloop
  endfacet
  facet normal 0 0 1
    outer loop
      vertex -20.4 9.75 0.9
      vertex -24.2105 14.6 0.9
      vertex -20.9417 9.7145 0.9
    endloop
  endfacet
  facet normal 0 0 1
    outer loop
      vertex -20.9417 9.7145 0.9
      vertex -24.2105 14.6 0.9
      vertex -21.4741 9.60859 0.9
    endloop
  endfacet
  facet normal 0 0 1
    outer loop
      vertex -21.4741 9.60859 0.9
      vertex -24.2105 14.6 0.9
      vertex -21.9881 9.4341 0.9
    endloop
  endfacet
  facet normal 0 0 1
    outer loop
      vertex -21.9881 9.4341 0.9
      vertex -24.2105 14.6 0.9
      vertex -22.475 9.19401 0.9
    endloop
  endfacet
  facet normal 0 0 1
    outer loop
      vertex -22.475 9.19401 0.9
      vertex -24.2105 14.6 0.9
      vertex -22.9264 8.89242 0.9
    endloop
  endfacet
  facet normal 0 0 1
    outer loop
      vertex -22.9264 8.89242 0.9
      vertex -24.2105 14.6 0.9
      vertex -23.3345 8.53449 0.9
    endloop
  endfacet
  facet normal 0 0 1
    outer loop
      vertex -24.2105 14.6 0.9
      vertex -23.6924 8.12636 0.9
      vertex -23.3345 8.53449 0.9
    endloop
  endfacet
  facet normal 0 0 1
    outer loop
      vertex -24.2105 14.6 0.9
      vertex -23.994 7.675 0.9
      vertex -23.6924 8.12636 0.9
    endloop
  endfacet
  facet normal 0 0 1
    outer loop
      vertex -35.921 16.8 0.9
      vertex -23.994 7.675 0.9
      vertex -24.2105 14.6 0.9
    endloop
  endfacet
  facet normal 0 0 1
    outer loop
      vertex -23.6924 25.4736 0.9
      vertex -35.921 16.8 0.9
      vertex -24.2105 14.6 0.9
    endloop
  endfacet
  facet normal 0 0 1
    outer loop
      vertex -24.5145 27.4583 0.9
      vertex -36.6855 27.4583 0.9
      vertex -24.4086 26.9259 0.9
    endloop
  endfacet
  facet normal 0 0 1
    outer loop
      vertex -23.994 7.675 0.9
      vertex -35.921 16.8 0.9
      vertex -24.2341 7.18814 0.9
    endloop
  endfacet
  facet normal 0 0 1
    outer loop
      vertex -36.6855 27.4583 0.9
      vertex -24.5145 27.4583 0.9
      vertex -36.65 28 0.9
    endloop
  endfacet
  facet normal 0 0 1
    outer loop
      vertex -36.9895 3.4 0.9
      vertex -24.2341 7.18814 0.9
      vertex -35.921 16.8 0.9
    endloop
  endfacet
  facet normal -0 0 1
    outer loop
      vertex -36.65 28 0.9
      vertex -24.5145 27.4583 0.9
      vertex -24.55 28 0.9
    endloop
  endfacet
  facet normal 0 0 1
    outer loop
      vertex -24.2341 7.18814 0.9
      vertex -36.9895 3.4 0.9
      vertex -24.4086 6.6741 0.9
    endloop
  endfacet
  facet normal 0 0 1
    outer loop
      vertex -4.15 -5.6 0.9
      vertex -10.2 -23.6 0.9
      vertex -6.38949 -30.2 0.9
    endloop
  endfacet
  facet normal 0 0 1
    outer loop
      vertex -4.87904 5.6 0.9
      vertex -15.521 -16.8 0.9
      vertex -10.2 -23.6 0.9
    endloop
  endfacet
  facet normal 0 0 1
    outer loop
      vertex -16.25 5.6 0.9
      vertex -4.87904 5.6 0.9
      vertex -14.5 12.5 0.9
    endloop
  endfacet
  facet normal 0 0 1
    outer loop
      vertex -4.87904 5.6 0.9
      vertex -10.2 -23.6 0.9
      vertex -4.15 -5.6 0.9
    endloop
  endfacet
  facet normal 0 0 1
    outer loop
      vertex -4.15 -5.6 0.9
      vertex -6.38949 -30.2 0.9
      vertex -5.8 -34.8 0.9
    endloop
  endfacet
  facet normal -0 0 1
    outer loop
      vertex -14.0105 -30.2 0.9
      vertex -5.8 -34.8 0.9
      vertex -6.38949 -30.2 0.9
    endloop
  endfacet
  facet normal 0 0 1
    outer loop
      vertex -14.0105 -30.2 0.9
      vertex -14.6 -34.8 0.9
      vertex -5.8 -34.8 0.9
    endloop
  endfacet
  facet normal 0 0 1
    outer loop
      vertex -17.4655 -25.0655 0.9
      vertex -10.2 -23.6 0.9
      vertex -15.521 -16.8 0.9
    endloop
  endfacet
  facet normal -0 0 1
    outer loop
      vertex -14.0105 25.8 0.9
      vertex -5.9 21.1 0.9
      vertex -6.38949 25.8 0.9
    endloop
  endfacet
  facet normal 0 0 1
    outer loop
      vertex -5.9 21.1 0.9
      vertex -14.0105 25.8 0.9
      vertex -14.5 21.1 0.9
    endloop
  endfacet
  facet normal -0 0 1
    outer loop
      vertex 3.29242 -8.12636 0.9
      vertex 5.9 -12.5 0.9
      vertex 3.594 -7.675 0.9
    endloop
  endfacet
  facet normal -0 0 1
    outer loop
      vertex 2.93449 -8.53449 0.9
      vertex 5.9 -12.5 0.9
      vertex 3.29242 -8.12636 0.9
    endloop
  endfacet
  facet normal -0 0 1
    outer loop
      vertex 2.52636 -8.89242 0.9
      vertex 5.9 -12.5 0.9
      vertex 2.93449 -8.53449 0.9
    endloop
  endfacet
  facet normal -0 0 1
    outer loop
      vertex 2.075 -9.19401 0.9
      vertex 5.9 -12.5 0.9
      vertex 2.52636 -8.89242 0.9
    endloop
  endfacet
  facet normal -0 0 1
    outer loop
      vertex 1.58814 -9.4341 0.9
      vertex 5.9 -12.5 0.9
      vertex 2.075 -9.19401 0.9
    endloop
  endfacet
  facet normal 0 0 1
    outer loop
      vertex 5.9 -12.5 0.9
      vertex 1.58814 -9.4341 0.9
      vertex 0 -12.4 0.9
    endloop
  endfacet
  facet normal 0 0 1
    outer loop
      vertex 0 -12.4 0.9
      vertex 1.58814 -9.4341 0.9
      vertex 1.0741 -9.60859 0.9
    endloop
  endfacet
  facet normal 0 0 1
    outer loop
      vertex 0 -12.4 0.9
      vertex 1.0741 -9.60859 0.9
      vertex 0.541683 -9.7145 0.9
    endloop
  endfacet
  facet normal 0 0 1
    outer loop
      vertex 0 -12.4 0.9
      vertex 0.541683 -9.7145 0.9
      vertex 0 -9.75 0.9
    endloop
  endfacet
  facet normal 0 0 1
    outer loop
      vertex 5.9 -12.5 0.9
      vertex 0 -12.4 0.9
      vertex 3.81051 -19 0.9
    endloop
  endfacet
  facet normal 0 0 1
    outer loop
      vertex -0.541683 -9.7145 0.9
      vertex 0 -12.4 0.9
      vertex 0 -9.75 0.9
    endloop
  endfacet
  facet normal 0 0 1
    outer loop
      vertex -1.0741 -9.60859 0.9
      vertex 0 -12.4 0.9
      vertex -0.541683 -9.7145 0.9
    endloop
  endfacet
  facet normal 0 0 1
    outer loop
      vertex -1.58814 -9.4341 0.9
      vertex 0 -12.4 0.9
      vertex -1.0741 -9.60859 0.9
    endloop
  endfacet
  facet normal 0 0 1
    outer loop
      vertex -2.075 -9.19401 0.9
      vertex 0 -12.4 0.9
      vertex -1.58814 -9.4341 0.9
    endloop
  endfacet
  facet normal 0 0 1
    outer loop
      vertex -2.52636 -8.89242 0.9
      vertex 0 -12.4 0.9
      vertex -2.075 -9.19401 0.9
    endloop
  endfacet
  facet normal 0 0 1
    outer loop
      vertex -3.81051 -19 0.9
      vertex -2.52636 -8.89242 0.9
      vertex -2.93449 -8.53449 0.9
    endloop
  endfacet
  facet normal 0 0 1
    outer loop
      vertex -3.81051 -19 0.9
      vertex -2.93449 -8.53449 0.9
      vertex -3.29242 -8.12636 0.9
    endloop
  endfacet
  facet normal 0 0 1
    outer loop
      vertex -2.52636 -8.89242 0.9
      vertex -3.81051 -19 0.9
      vertex 0 -12.4 0.9
    endloop
  endfacet
  facet normal 0 0 1
    outer loop
      vertex -3.594 -7.675 0.9
      vertex -3.81051 -19 0.9
      vertex -3.29242 -8.12636 0.9
    endloop
  endfacet
  facet normal 0 -0 1
    outer loop
      vertex -3.81051 -19 0.9
      vertex -3.594 -7.675 0.9
      vertex -3.8341 -7.18814 0.9
    endloop
  endfacet
  facet normal -0 0 1
    outer loop
      vertex 4.00859 -6.6741 0.9
      vertex 5.9 -12.5 0.9
      vertex 4.1145 -6.14168 0.9
    endloop
  endfacet
  facet normal 0 0 1
    outer loop
      vertex 5.9 -12.5 0.9
      vertex 4.1145 -5.05832 0.9
      vertex 4.15 -5.6 0.9
    endloop
  endfacet
  facet normal 0 0 1
    outer loop
      vertex 4.87904 5.6 0.9
      vertex 4.00859 -4.5259 0.9
      vertex 4.1145 -5.05832 0.9
    endloop
  endfacet
  facet normal 0 0 1
    outer loop
      vertex 4.87904 5.6 0.9
      vertex 3.8341 -4.01186 0.9
      vertex 4.00859 -4.5259 0.9
    endloop
  endfacet
  facet normal 0 0 1
    outer loop
      vertex 4.87904 5.6 0.9
      vertex 3.594 -3.525 0.9
      vertex 3.8341 -4.01186 0.9
    endloop
  endfacet
  facet normal 0 0 1
    outer loop
      vertex 4.87904 5.6 0.9
      vertex 3.29242 -3.07364 0.9
      vertex 3.594 -3.525 0.9
    endloop
  endfacet
  facet normal 0 0 1
    outer loop
      vertex 4.87904 5.6 0.9
      vertex 2.93449 -2.66551 0.9
      vertex 3.29242 -3.07364 0.9
    endloop
  endfacet
  facet normal 0 0 1
    outer loop
      vertex 4.87904 5.6 0.9
      vertex 2.52636 -2.30758 0.9
      vertex 2.93449 -2.66551 0.9
    endloop
  endfacet
  facet normal 0 0 1
    outer loop
      vertex 4.87904 5.6 0.9
      vertex 2.075 -2.00599 0.9
      vertex 2.52636 -2.30758 0.9
    endloop
  endfacet
  facet normal -0 0 1
    outer loop
      vertex 0 0.720963 0.9
      vertex 2.075 -2.00599 0.9
      vertex 4.87904 5.6 0.9
    endloop
  endfacet
  facet normal 0 0 1
    outer loop
      vertex 2.075 -2.00599 0.9
      vertex 0 0.720963 0.9
      vertex 1.58814 -1.7659 0.9
    endloop
  endfacet
  facet normal 0 0 1
    outer loop
      vertex 1.58814 -1.7659 0.9
      vertex 0 0.720963 0.9
      vertex 1.0741 -1.59141 0.9
    endloop
  endfacet
  facet normal 0 0 1
    outer loop
      vertex 1.0741 -1.59141 0.9
      vertex 0 0.720963 0.9
      vertex 0.541683 -1.4855 0.9
    endloop
  endfacet
  facet normal 0 0 1
    outer loop
      vertex 0 0.720963 0.9
      vertex 0 -1.45 0.9
      vertex 0.541683 -1.4855 0.9
    endloop
  endfacet
  facet normal 0 0 1
    outer loop
      vertex 0 0.720963 0.9
      vertex -0.541683 -1.4855 0.9
      vertex 0 -1.45 0.9
    endloop
  endfacet
  facet normal 0 0 1
    outer loop
      vertex 0 0.720963 0.9
      vertex -1.0741 -1.59141 0.9
      vertex -0.541683 -1.4855 0.9
    endloop
  endfacet
  facet normal 0 0 1
    outer loop
      vertex 0 0.720963 0.9
      vertex -1.58814 -1.7659 0.9
      vertex -1.0741 -1.59141 0.9
    endloop
  endfacet
  facet normal 0 0 1
    outer loop
      vertex 0 0.720963 0.9
      vertex -2.075 -2.00599 0.9
      vertex -1.58814 -1.7659 0.9
    endloop
  endfacet
  facet normal 0 0 1
    outer loop
      vertex -4.87904 5.6 0.9
      vertex -2.075 -2.00599 0.9
      vertex 0 0.720963 0.9
    endloop
  endfacet
  facet normal 0 0 1
    outer loop
      vertex -2.075 -2.00599 0.9
      vertex -4.87904 5.6 0.9
      vertex -2.52636 -2.30758 0.9
    endloop
  endfacet
  facet normal 0 0 1
    outer loop
      vertex -2.52636 -2.30758 0.9
      vertex -4.87904 5.6 0.9
      vertex -2.93449 -2.66551 0.9
    endloop
  endfacet
  facet normal 0 0 1
    outer loop
      vertex -3.81051 -19 0.9
      vertex -5.8 -34.8 0.9
      vertex -4.4 -34.8 0.9
    endloop
  endfacet
  facet normal -0 0 1
    outer loop
      vertex -14.5 12.5 0.9
      vertex -4.87904 5.6 0.9
      vertex -5.9 12.5 0.9
    endloop
  endfacet
  facet normal 0 0 1
    outer loop
      vertex -4.1145 -5.05832 0.9
      vertex -4.87904 5.6 0.9
      vertex -4.15 -5.6 0.9
    endloop
  endfacet
  facet normal 0 0 1
    outer loop
      vertex -4.00859 -4.5259 0.9
      vertex -4.87904 5.6 0.9
      vertex -4.1145 -5.05832 0.9
    endloop
  endfacet
  facet normal 0 0 1
    outer loop
      vertex -3.8341 -4.01186 0.9
      vertex -4.87904 5.6 0.9
      vertex -4.00859 -4.5259 0.9
    endloop
  endfacet
  facet normal 0 0 1
    outer loop
      vertex -3.594 -3.525 0.9
      vertex -4.87904 5.6 0.9
      vertex -3.8341 -4.01186 0.9
    endloop
  endfacet
  facet normal 0 0 1
    outer loop
      vertex -3.29242 -3.07364 0.9
      vertex -4.87904 5.6 0.9
      vertex -3.594 -3.525 0.9
    endloop
  endfacet
  facet normal 0 0 1
    outer loop
      vertex -2.93449 -2.66551 0.9
      vertex -4.87904 5.6 0.9
      vertex -3.29242 -3.07364 0.9
    endloop
  endfacet
  facet normal -0 0 1
    outer loop
      vertex 3.8341 -7.18814 0.9
      vertex 5.9 -12.5 0.9
      vertex 4.00859 -6.6741 0.9
    endloop
  endfacet
  facet normal -0 0 1
    outer loop
      vertex 3.594 -7.675 0.9
      vertex 5.9 -12.5 0.9
      vertex 3.8341 -7.18814 0.9
    endloop
  endfacet
  facet normal 0 0 1
    outer loop
      vertex 5.9 -12.5 0.9
      vertex 3.81051 -19 0.9
      vertex 5.9 -21.1 0.9
    endloop
  endfacet
  facet normal -0 0 1
    outer loop
      vertex -3.81051 -19 0.9
      vertex 5.9 -21.1 0.9
      vertex 3.81051 -19 0.9
    endloop
  endfacet
  facet normal 0 0 1
    outer loop
      vertex -4.4 -34.8 0.9
      vertex 5.9 -21.1 0.9
      vertex -3.81051 -19 0.9
    endloop
  endfacet
  facet normal 0 0 1
    outer loop
      vertex -4.00859 -6.6741 0.9
      vertex -3.81051 -19 0.9
      vertex -3.8341 -7.18814 0.9
    endloop
  endfacet
  facet normal 0 0 1
    outer loop
      vertex -4.1145 -6.14168 0.9
      vertex -3.81051 -19 0.9
      vertex -4.00859 -6.6741 0.9
    endloop
  endfacet
  facet normal 0 0 1
    outer loop
      vertex -5.8 -34.8 0.9
      vertex -4.1145 -6.14168 0.9
      vertex -4.15 -5.6 0.9
    endloop
  endfacet
  facet normal 0 0 1
    outer loop
      vertex 5.9 -21.1 0.9
      vertex -4.4 -34.8 0.9
      vertex 4.4 -34.8 0.9
    endloop
  endfacet
  facet normal 0 0 1
    outer loop
      vertex -4.1145 -6.14168 0.9
      vertex -5.8 -34.8 0.9
      vertex -3.81051 -19 0.9
    endloop
  endfacet
  facet normal -0 0 1
    outer loop
      vertex 13.1345 13.8655 0.9
      vertex 20.4 10 0.9
      vertex 13.4924 14.2736 0.9
    endloop
  endfacet
  facet normal -0 0 1
    outer loop
      vertex 12.7264 13.5076 0.9
      vertex 20.4 10 0.9
      vertex 13.1345 13.8655 0.9
    endloop
  endfacet
  facet normal -0 0 1
    outer loop
      vertex 12.275 13.206 0.9
      vertex 20.4 10 0.9
      vertex 12.7264 13.5076 0.9
    endloop
  endfacet
  facet normal 0 0 1
    outer loop
      vertex 20.4 10 0.9
      vertex 12.275 13.206 0.9
      vertex 16.5895 3.4 0.9
    endloop
  endfacet
  facet normal -0 0 1
    outer loop
      vertex 11.7881 12.9659 0.9
      vertex 16.5895 3.4 0.9
      vertex 12.275 13.206 0.9
    endloop
  endfacet
  facet normal -0 0 1
    outer loop
      vertex 11.2741 12.7914 0.9
      vertex 16.5895 3.4 0.9
      vertex 11.7881 12.9659 0.9
    endloop
  endfacet
  facet normal -0 0 1
    outer loop
      vertex 10.7417 12.6855 0.9
      vertex 16.5895 3.4 0.9
      vertex 11.2741 12.7914 0.9
    endloop
  endfacet
  facet normal -0 0 1
    outer loop
      vertex 10.2 12.65 0.9
      vertex 16.5895 3.4 0.9
      vertex 10.7417 12.6855 0.9
    endloop
  endfacet
  facet normal 0 0 1
    outer loop
      vertex 16.5895 3.4 0.9
      vertex 10.2 12.65 0.9
      vertex 10.2 -1.2 0.9
    endloop
  endfacet
  facet normal 0 0 1
    outer loop
      vertex 16.5895 3.4 0.9
      vertex 10.2 -1.2 0.9
      vertex 14.0105 -7.8 0.9
    endloop
  endfacet
  facet normal 0 0 1
    outer loop
      vertex 9.65832 12.6855 0.9
      vertex 10.2 -1.2 0.9
      vertex 10.2 12.65 0.9
    endloop
  endfacet
  facet normal 0 0 1
    outer loop
      vertex 9.1259 12.7914 0.9
      vertex 10.2 -1.2 0.9
      vertex 9.65832 12.6855 0.9
    endloop
  endfacet
  facet normal 0 0 1
    outer loop
      vertex 8.61186 12.9659 0.9
      vertex 10.2 -1.2 0.9
      vertex 9.1259 12.7914 0.9
    endloop
  endfacet
  facet normal 0 0 1
    outer loop
      vertex 8.125 13.206 0.9
      vertex 10.2 -1.2 0.9
      vertex 8.61186 12.9659 0.9
    endloop
  endfacet
  facet normal 0 0 1
    outer loop
      vertex 7.67364 13.5076 0.9
      vertex 10.2 -1.2 0.9
      vertex 8.125 13.206 0.9
    endloop
  endfacet
  facet normal 0 0 1
    outer loop
      vertex 7.26551 13.8655 0.9
      vertex 10.2 -1.2 0.9
      vertex 7.67364 13.5076 0.9
    endloop
  endfacet
  facet normal 0 0 1
    outer loop
      vertex 6.90758 14.2736 0.9
      vertex 10.2 -1.2 0.9
      vertex 7.26551 13.8655 0.9
    endloop
  endfacet
  facet normal 0 0 1
    outer loop
      vertex 6.38949 -7.8 0.9
      vertex 6.90758 14.2736 0.9
      vertex 6.60599 14.725 0.9
    endloop
  endfacet
  facet normal 0 0 1
    outer loop
      vertex 6.90758 14.2736 0.9
      vertex 6.38949 -7.8 0.9
      vertex 10.2 -1.2 0.9
    endloop
  endfacet
  facet normal 0 -0 1
    outer loop
      vertex 6.38949 -7.8 0.9
      vertex 6.60599 14.725 0.9
      vertex 6.3659 15.2119 0.9
    endloop
  endfacet
  facet normal 0 0 1
    outer loop
      vertex 24.8 -34.8 0.9
      vertex 14.3145 -27.4583 0.9
      vertex 14.35 -28 0.9
    endloop
  endfacet
  facet normal 0 0 1
    outer loop
      vertex 24.8 -34.8 0.9
      vertex 14.2086 -26.9259 0.9
      vertex 14.3145 -27.4583 0.9
    endloop
  endfacet
  facet normal 0 0 1
    outer loop
      vertex 14.5 -21.1 0.9
      vertex 14.0341 -26.4119 0.9
      vertex 14.2086 -26.9259 0.9
    endloop
  endfacet
  facet normal 0 0 1
    outer loop
      vertex 14.5 -21.1 0.9
      vertex 13.794 -25.925 0.9
      vertex 14.0341 -26.4119 0.9
    endloop
  endfacet
  facet normal 0 0 1
    outer loop
      vertex 14.5 -21.1 0.9
      vertex 13.4924 -25.4736 0.9
      vertex 13.794 -25.925 0.9
    endloop
  endfacet
  facet normal 0 0 1
    outer loop
      vertex 14.5 -21.1 0.9
      vertex 13.1345 -25.0655 0.9
      vertex 13.4924 -25.4736 0.9
    endloop
  endfacet
  facet normal 0 0 1
    outer loop
      vertex 14.5 -21.1 0.9
      vertex 12.7264 -24.7076 0.9
      vertex 13.1345 -25.0655 0.9
    endloop
  endfacet
  facet normal 0 0 1
    outer loop
      vertex 14.5 -21.1 0.9
      vertex 12.275 -24.406 0.9
      vertex 12.7264 -24.7076 0.9
    endloop
  endfacet
  facet normal 0 0 1
    outer loop
      vertex 14.5 -21.1 0.9
      vertex 11.7881 -24.1659 0.9
      vertex 12.275 -24.406 0.9
    endloop
  endfacet
  facet normal 0 0 1
    outer loop
      vertex 14.5 -21.1 0.9
      vertex 11.2741 -23.9914 0.9
      vertex 11.7881 -24.1659 0.9
    endloop
  endfacet
  facet normal 0 0 1
    outer loop
      vertex 14.5 -21.1 0.9
      vertex 10.7417 -23.8855 0.9
      vertex 11.2741 -23.9914 0.9
    endloop
  endfacet
  facet normal 0 0 1
    outer loop
      vertex 14.5 -21.1 0.9
      vertex 10.2 -23.85 0.9
      vertex 10.7417 -23.8855 0.9
    endloop
  endfacet
  facet normal -0 0 1
    outer loop
      vertex 5.9 -21.1 0.9
      vertex 10.2 -23.85 0.9
      vertex 14.5 -21.1 0.9
    endloop
  endfacet
  facet normal 0 0 1
    outer loop
      vertex 10.2 -23.85 0.9
      vertex 5.9 -21.1 0.9
      vertex 9.65832 -23.8855 0.9
    endloop
  endfacet
  facet normal 0 0 1
    outer loop
      vertex 9.65832 -23.8855 0.9
      vertex 5.9 -21.1 0.9
      vertex 9.1259 -23.9914 0.9
    endloop
  endfacet
  facet normal 0 0 1
    outer loop
      vertex 9.1259 -23.9914 0.9
      vertex 5.9 -21.1 0.9
      vertex 8.61186 -24.1659 0.9
    endloop
  endfacet
  facet normal 0 0 1
    outer loop
      vertex 6.0855 -27.4583 0.9
      vertex 5.9 -21.1 0.9
      vertex 6.05 -28 0.9
    endloop
  endfacet
  facet normal 0 0 1
    outer loop
      vertex 6.19141 -26.9259 0.9
      vertex 5.9 -21.1 0.9
      vertex 6.0855 -27.4583 0.9
    endloop
  endfacet
  facet normal 0 0 1
    outer loop
      vertex 6.3659 -26.4119 0.9
      vertex 5.9 -21.1 0.9
      vertex 6.19141 -26.9259 0.9
    endloop
  endfacet
  facet normal 0 0 1
    outer loop
      vertex 6.60599 -25.925 0.9
      vertex 5.9 -21.1 0.9
      vertex 6.3659 -26.4119 0.9
    endloop
  endfacet
  facet normal 0 0 1
    outer loop
      vertex 6.90758 -25.4736 0.9
      vertex 5.9 -21.1 0.9
      vertex 6.60599 -25.925 0.9
    endloop
  endfacet
  facet normal 0 0 1
    outer loop
      vertex 7.26551 -25.0655 0.9
      vertex 5.9 -21.1 0.9
      vertex 6.90758 -25.4736 0.9
    endloop
  endfacet
  facet normal 0 0 1
    outer loop
      vertex 7.67364 -24.7076 0.9
      vertex 5.9 -21.1 0.9
      vertex 7.26551 -25.0655 0.9
    endloop
  endfacet
  facet normal 0 0 1
    outer loop
      vertex 8.125 -24.406 0.9
      vertex 5.9 -21.1 0.9
      vertex 7.67364 -24.7076 0.9
    endloop
  endfacet
  facet normal 0 0 1
    outer loop
      vertex 8.61186 -24.1659 0.9
      vertex 5.9 -21.1 0.9
      vertex 8.125 -24.406 0.9
    endloop
  endfacet
  facet normal 0 0 1
    outer loop
      vertex 14.2086 26.9259 0.9
      vertex 25.721 28 0.9
      vertex 14.3145 27.4583 0.9
    endloop
  endfacet
  facet normal 0 0 1
    outer loop
      vertex 25.721 28 0.9
      vertex 14.3145 17.3417 0.9
      vertex 14.35 16.8 0.9
    endloop
  endfacet
  facet normal 0 0 1
    outer loop
      vertex 14.0341 26.4119 0.9
      vertex 25.721 28 0.9
      vertex 14.2086 26.9259 0.9
    endloop
  endfacet
  facet normal 0 0 1
    outer loop
      vertex 25.721 28 0.9
      vertex 14.2086 17.8741 0.9
      vertex 14.3145 17.3417 0.9
    endloop
  endfacet
  facet normal 0 0 1
    outer loop
      vertex 13.794 25.925 0.9
      vertex 25.721 28 0.9
      vertex 14.0341 26.4119 0.9
    endloop
  endfacet
  facet normal 0 0 1
    outer loop
      vertex 25.721 28 0.9
      vertex 14.0341 18.3881 0.9
      vertex 14.2086 17.8741 0.9
    endloop
  endfacet
  facet normal 0 0 1
    outer loop
      vertex 13.794 18.875 0.9
      vertex 25.721 28 0.9
      vertex 13.794 25.925 0.9
    endloop
  endfacet
  facet normal 0 0 1
    outer loop
      vertex 25.721 28 0.9
      vertex 13.794 18.875 0.9
      vertex 14.0341 18.3881 0.9
    endloop
  endfacet
  facet normal -0 0 1
    outer loop
      vertex 13.4924 25.4736 0.9
      vertex 13.794 18.875 0.9
      vertex 13.794 25.925 0.9
    endloop
  endfacet
  facet normal 0 0 1
    outer loop
      vertex 13.4924 25.4736 0.9
      vertex 13.4924 19.3264 0.9
      vertex 13.794 18.875 0.9
    endloop
  endfacet
  facet normal -0 0 1
    outer loop
      vertex 13.1345 25.0655 0.9
      vertex 13.4924 19.3264 0.9
      vertex 13.4924 25.4736 0.9
    endloop
  endfacet
  facet normal 0 0 1
    outer loop
      vertex 13.1345 25.0655 0.9
      vertex 13.1345 19.7345 0.9
      vertex 13.4924 19.3264 0.9
    endloop
  endfacet
  facet normal -0 0 1
    outer loop
      vertex 12.7264 24.7076 0.9
      vertex 13.1345 19.7345 0.9
      vertex 13.1345 25.0655 0.9
    endloop
  endfacet
  facet normal 0 0 1
    outer loop
      vertex 12.7264 24.7076 0.9
      vertex 12.7264 20.0924 0.9
      vertex 13.1345 19.7345 0.9
    endloop
  endfacet
  facet normal -0 0 1
    outer loop
      vertex 12.275 24.406 0.9
      vertex 12.7264 20.0924 0.9
      vertex 12.7264 24.7076 0.9
    endloop
  endfacet
  facet normal 0 0 1
    outer loop
      vertex 12.275 24.406 0.9
      vertex 12.275 20.394 0.9
      vertex 12.7264 20.0924 0.9
    endloop
  endfacet
  facet normal -0 0 1
    outer loop
      vertex 11.7881 24.1659 0.9
      vertex 12.275 20.394 0.9
      vertex 12.275 24.406 0.9
    endloop
  endfacet
  facet normal 0 0 1
    outer loop
      vertex 11.7881 24.1659 0.9
      vertex 11.7881 20.6341 0.9
      vertex 12.275 20.394 0.9
    endloop
  endfacet
  facet normal -0 0 1
    outer loop
      vertex 11.2741 23.9914 0.9
      vertex 11.7881 20.6341 0.9
      vertex 11.7881 24.1659 0.9
    endloop
  endfacet
  facet normal 0 0 1
    outer loop
      vertex 11.2741 23.9914 0.9
      vertex 11.2741 20.8086 0.9
      vertex 11.7881 20.6341 0.9
    endloop
  endfacet
  facet normal -0 0 1
    outer loop
      vertex 10.7417 23.8855 0.9
      vertex 11.2741 20.8086 0.9
      vertex 11.2741 23.9914 0.9
    endloop
  endfacet
  facet normal 0 0 1
    outer loop
      vertex 10.7417 23.8855 0.9
      vertex 10.7417 20.9145 0.9
      vertex 11.2741 20.8086 0.9
    endloop
  endfacet
  facet normal -0 0 1
    outer loop
      vertex 10.2 23.85 0.9
      vertex 10.7417 20.9145 0.9
      vertex 10.7417 23.8855 0.9
    endloop
  endfacet
  facet normal 0 0 1
    outer loop
      vertex 10.2 23.85 0.9
      vertex 10.2 20.95 0.9
      vertex 10.7417 20.9145 0.9
    endloop
  endfacet
  facet normal 0 0 1
    outer loop
      vertex 9.65832 23.8855 0.9
      vertex 10.2 20.95 0.9
      vertex 10.2 23.85 0.9
    endloop
  endfacet
  facet normal 0 0 1
    outer loop
      vertex 9.65832 23.8855 0.9
      vertex 9.65832 20.9145 0.9
      vertex 10.2 20.95 0.9
    endloop
  endfacet
  facet normal 0 0 1
    outer loop
      vertex 9.1259 23.9914 0.9
      vertex 9.65832 20.9145 0.9
      vertex 9.65832 23.8855 0.9
    endloop
  endfacet
  facet normal 0 0 1
    outer loop
      vertex 9.1259 23.9914 0.9
      vertex 9.1259 20.8086 0.9
      vertex 9.65832 20.9145 0.9
    endloop
  endfacet
  facet normal 0 0 1
    outer loop
      vertex 8.61186 24.1659 0.9
      vertex 9.1259 20.8086 0.9
      vertex 9.1259 23.9914 0.9
    endloop
  endfacet
  facet normal 0 0 1
    outer loop
      vertex 8.61186 24.1659 0.9
      vertex 8.61186 20.6341 0.9
      vertex 9.1259 20.8086 0.9
    endloop
  endfacet
  facet normal 0 0 1
    outer loop
      vertex 8.125 24.406 0.9
      vertex 8.61186 20.6341 0.9
      vertex 8.61186 24.1659 0.9
    endloop
  endfacet
  facet normal 0 0 1
    outer loop
      vertex 8.125 24.406 0.9
      vertex 8.125 20.394 0.9
      vertex 8.61186 20.6341 0.9
    endloop
  endfacet
  facet normal 0 0 1
    outer loop
      vertex 7.67364 24.7076 0.9
      vertex 8.125 20.394 0.9
      vertex 8.125 24.406 0.9
    endloop
  endfacet
  facet normal 0 0 1
    outer loop
      vertex 7.67364 24.7076 0.9
      vertex 7.67364 20.0924 0.9
      vertex 8.125 20.394 0.9
    endloop
  endfacet
  facet normal 0 0 1
    outer loop
      vertex 7.26551 25.0655 0.9
      vertex 7.67364 20.0924 0.9
      vertex 7.67364 24.7076 0.9
    endloop
  endfacet
  facet normal 0 0 1
    outer loop
      vertex 7.26551 25.0655 0.9
      vertex 7.26551 19.7345 0.9
      vertex 7.67364 20.0924 0.9
    endloop
  endfacet
  facet normal 0 0 1
    outer loop
      vertex 6.90758 25.4736 0.9
      vertex 7.26551 19.7345 0.9
      vertex 7.26551 25.0655 0.9
    endloop
  endfacet
  facet normal 0 0 1
    outer loop
      vertex 6.90758 25.4736 0.9
      vertex 6.90758 19.3264 0.9
      vertex 7.26551 19.7345 0.9
    endloop
  endfacet
  facet normal 0 0 1
    outer loop
      vertex 6.60599 25.925 0.9
      vertex 6.90758 19.3264 0.9
      vertex 6.90758 25.4736 0.9
    endloop
  endfacet
  facet normal 0 0 1
    outer loop
      vertex 6.60599 25.925 0.9
      vertex 6.60599 18.875 0.9
      vertex 6.90758 19.3264 0.9
    endloop
  endfacet
  facet normal 0 0 1
    outer loop
      vertex -5.9 21.1 0.9
      vertex 6.60599 25.925 0.9
      vertex 6.3659 26.4119 0.9
    endloop
  endfacet
  facet normal 0 0 1
    outer loop
      vertex 6.60599 25.925 0.9
      vertex -5.9 21.1 0.9
      vertex 6.60599 18.875 0.9
    endloop
  endfacet
  facet normal 0 0 1
    outer loop
      vertex -6.38949 25.8 0.9
      vertex 6.3659 26.4119 0.9
      vertex 6.19141 26.9259 0.9
    endloop
  endfacet
  facet normal 0 0 1
    outer loop
      vertex 6.60599 18.875 0.9
      vertex -5.9 21.1 0.9
      vertex 6.3659 18.3881 0.9
    endloop
  endfacet
  facet normal 0 0 1
    outer loop
      vertex -6.38949 25.8 0.9
      vertex 6.19141 26.9259 0.9
      vertex 6.0855 27.4583 0.9
    endloop
  endfacet
  facet normal 0 0 1
    outer loop
      vertex 6.3659 18.3881 0.9
      vertex -5.9 21.1 0.9
      vertex 6.19141 17.8741 0.9
    endloop
  endfacet
  facet normal 0 0 1
    outer loop
      vertex -6.38949 25.8 0.9
      vertex 6.0855 27.4583 0.9
      vertex 6.05 28 0.9
    endloop
  endfacet
  facet normal 0 0 1
    outer loop
      vertex 6.19141 17.8741 0.9
      vertex -5.9 21.1 0.9
      vertex 6.0855 17.3417 0.9
    endloop
  endfacet
  facet normal 0 0 1
    outer loop
      vertex 26.45 -16.8 0.9
      vertex 24.8 -34.8 0.9
      vertex 25.721 -28 0.9
    endloop
  endfacet
  facet normal -0 0 1
    outer loop
      vertex 16.5895 3.4 0.9
      vertex 26.3 1.3 0.9
      vertex 24.2105 3.4 0.9
    endloop
  endfacet
  facet normal 0 0 1
    outer loop
      vertex 25.721 28 0.9
      vertex 20.4 10 0.9
      vertex 24.2105 3.4 0.9
    endloop
  endfacet
  facet normal -0 0 1
    outer loop
      vertex 14.35 16.8 0.9
      vertex 20.4 10 0.9
      vertex 25.721 28 0.9
    endloop
  endfacet
  facet normal 0 0 1
    outer loop
      vertex 16 -34.8 0.9
      vertex 14.6 -34.8 0.9
      vertex 16 -42.2 0.9
    endloop
  endfacet
  facet normal -0 0 1
    outer loop
      vertex 14.2086 -26.9259 0.9
      vertex 24.8 -34.8 0.9
      vertex 14.5 -21.1 0.9
    endloop
  endfacet
  facet normal 0 0 1
    outer loop
      vertex 26.3 1.3 0.9
      vertex 14.5 -12.5 0.9
      vertex 14.5 -21.1 0.9
    endloop
  endfacet
  facet normal 0 0 1
    outer loop
      vertex 20.4 10 0.9
      vertex 14.35 16.8 0.9
      vertex 14.3145 16.2583 0.9
    endloop
  endfacet
  facet normal 0 0 1
    outer loop
      vertex 14.3145 27.4583 0.9
      vertex 25.721 28 0.9
      vertex 14.35 28 0.9
    endloop
  endfacet
  facet normal -0 0 1
    outer loop
      vertex 13.4924 30.5264 0.9
      vertex 25.721 28 0.9
      vertex 30.321 32.6 0.9
    endloop
  endfacet
  facet normal 0 0 1
    outer loop
      vertex 25.721 28 0.9
      vertex 14.3145 28.5417 0.9
      vertex 14.35 28 0.9
    endloop
  endfacet
  facet normal 0 0 1
    outer loop
      vertex 25.721 28 0.9
      vertex 14.2086 29.0741 0.9
      vertex 14.3145 28.5417 0.9
    endloop
  endfacet
  facet normal 0 0 1
    outer loop
      vertex 25.721 28 0.9
      vertex 14.0341 29.5881 0.9
      vertex 14.2086 29.0741 0.9
    endloop
  endfacet
  facet normal 0 0 1
    outer loop
      vertex 25.721 28 0.9
      vertex 13.794 30.075 0.9
      vertex 14.0341 29.5881 0.9
    endloop
  endfacet
  facet normal 0 0 1
    outer loop
      vertex 25.721 28 0.9
      vertex 13.4924 30.5264 0.9
      vertex 13.794 30.075 0.9
    endloop
  endfacet
  facet normal 0 0 1
    outer loop
      vertex 30.321 32.6 0.9
      vertex 13.1345 30.9345 0.9
      vertex 13.4924 30.5264 0.9
    endloop
  endfacet
  facet normal 0 0 1
    outer loop
      vertex 30.321 32.6 0.9
      vertex 12.7264 31.2924 0.9
      vertex 13.1345 30.9345 0.9
    endloop
  endfacet
  facet normal 0 0 1
    outer loop
      vertex 30.321 32.6 0.9
      vertex 12.275 31.594 0.9
      vertex 12.7264 31.2924 0.9
    endloop
  endfacet
  facet normal 0 0 1
    outer loop
      vertex 30.321 32.6 0.9
      vertex 11.7881 31.8341 0.9
      vertex 12.275 31.594 0.9
    endloop
  endfacet
  facet normal 0 0 1
    outer loop
      vertex 30.321 32.6 0.9
      vertex 11.2741 32.0086 0.9
      vertex 11.7881 31.8341 0.9
    endloop
  endfacet
  facet normal 0 0 1
    outer loop
      vertex 30.321 32.6 0.9
      vertex 10.7417 32.1145 0.9
      vertex 11.2741 32.0086 0.9
    endloop
  endfacet
  facet normal 0 0 1
    outer loop
      vertex 30.321 32.6 0.9
      vertex 10.2 32.15 0.9
      vertex 10.7417 32.1145 0.9
    endloop
  endfacet
  facet normal 0 0 1
    outer loop
      vertex 6.0855 17.3417 0.9
      vertex -5.9 21.1 0.9
      vertex 6.05 16.8 0.9
    endloop
  endfacet
  facet normal -0 0 1
    outer loop
      vertex 4.1145 -6.14168 0.9
      vertex 5.9 -12.5 0.9
      vertex 4.15 -5.6 0.9
    endloop
  endfacet
  facet normal 0 0 1
    outer loop
      vertex 6.05 16.8 0.9
      vertex 4.87904 5.6 0.9
      vertex 5.9 -12.5 0.9
    endloop
  endfacet
  facet normal 0 0 1
    outer loop
      vertex 5.9 -21.1 0.9
      vertex 4.4 -34.8 0.9
      vertex 5.8 -34.8 0.9
    endloop
  endfacet
  facet normal -0 0 1
    outer loop
      vertex 4.1145 -5.05832 0.9
      vertex 5.9 -12.5 0.9
      vertex 4.87904 5.6 0.9
    endloop
  endfacet
  facet normal 0 0 1
    outer loop
      vertex 6.05 16.8 0.9
      vertex 0 10.479 0.9
      vertex 4.87904 5.6 0.9
    endloop
  endfacet
  facet normal 0 0 1
    outer loop
      vertex -6.38949 25.8 0.9
      vertex 6.05 28 0.9
      vertex 6.0855 28.5417 0.9
    endloop
  endfacet
  facet normal 0 0 1
    outer loop
      vertex -6.38949 25.8 0.9
      vertex 6.0855 28.5417 0.9
      vertex 6.19141 29.0741 0.9
    endloop
  endfacet
  facet normal 0 0 1
    outer loop
      vertex 6.05 16.8 0.9
      vertex -5.9 21.1 0.9
      vertex 0 10.479 0.9
    endloop
  endfacet
  facet normal 0 0 1
    outer loop
      vertex -6.38949 25.8 0.9
      vertex 6.19141 29.0741 0.9
      vertex 6.3659 29.5881 0.9
    endloop
  endfacet
  facet normal 0 0 1
    outer loop
      vertex 0 10.479 0.9
      vertex -5.9 12.5 0.9
      vertex -4.87904 5.6 0.9
    endloop
  endfacet
  facet normal -0 0 1
    outer loop
      vertex -5.9 12.5 0.9
      vertex 0 10.479 0.9
      vertex -5.9 21.1 0.9
    endloop
  endfacet
  facet normal 0 0 1
    outer loop
      vertex -10.2 32.4 0.9
      vertex 6.3659 29.5881 0.9
      vertex 6.60599 30.075 0.9
    endloop
  endfacet
  facet normal 0 0 1
    outer loop
      vertex -10.2 32.4 0.9
      vertex 6.60599 30.075 0.9
      vertex 6.90758 30.5264 0.9
    endloop
  endfacet
  facet normal 0 0 1
    outer loop
      vertex -10.2 32.4 0.9
      vertex 6.90758 30.5264 0.9
      vertex 7.26551 30.9345 0.9
    endloop
  endfacet
  facet normal 0 0 1
    outer loop
      vertex -10.2 32.4 0.9
      vertex 7.26551 30.9345 0.9
      vertex 7.67364 31.2924 0.9
    endloop
  endfacet
  facet normal 0 0 1
    outer loop
      vertex 6.3659 26.4119 0.9
      vertex -6.38949 25.8 0.9
      vertex -5.9 21.1 0.9
    endloop
  endfacet
  facet normal 0 0 1
    outer loop
      vertex -10.2 32.4 0.9
      vertex 7.67364 31.2924 0.9
      vertex 8.125 31.594 0.9
    endloop
  endfacet
  facet normal 0 0 1
    outer loop
      vertex -10.2 32.4 0.9
      vertex 8.125 31.594 0.9
      vertex 8.61186 31.8341 0.9
    endloop
  endfacet
  facet normal 0 0 1
    outer loop
      vertex 6.3659 29.5881 0.9
      vertex -10.2 32.4 0.9
      vertex -6.38949 25.8 0.9
    endloop
  endfacet
  facet normal 0 0 1
    outer loop
      vertex 9.1259 32.0086 0.9
      vertex -10.2 32.4 0.9
      vertex 8.61186 31.8341 0.9
    endloop
  endfacet
  facet normal 0 0 1
    outer loop
      vertex 9.65832 32.1145 0.9
      vertex -10.2 32.4 0.9
      vertex 9.1259 32.0086 0.9
    endloop
  endfacet
  facet normal 0 0 1
    outer loop
      vertex 10.2 32.15 0.9
      vertex -10.2 32.4 0.9
      vertex 9.65832 32.1145 0.9
    endloop
  endfacet
  facet normal 0 0 1
    outer loop
      vertex 30.321 32.6 0.9
      vertex -10.2 32.4 0.9
      vertex 10.2 32.15 0.9
    endloop
  endfacet
  facet normal -0 0 1
    outer loop
      vertex -16.3914 26.9259 0.9
      vertex -14.0105 25.8 0.9
      vertex -16.2855 27.4583 0.9
    endloop
  endfacet
  facet normal 0 0 1
    outer loop
      vertex -14.0105 -30.2 0.9
      vertex -16 -34.8 0.9
      vertex -14.6 -34.8 0.9
    endloop
  endfacet
  facet normal 0 0 1
    outer loop
      vertex -10.2 -23.6 0.9
      vertex -16.25 -28 0.9
      vertex -14.0105 -30.2 0.9
    endloop
  endfacet
  facet normal -0 0 1
    outer loop
      vertex -16.5659 26.4119 0.9
      vertex -14.0105 25.8 0.9
      vertex -16.3914 26.9259 0.9
    endloop
  endfacet
  facet normal -0 0 1
    outer loop
      vertex -16.2855 27.4583 0.9
      vertex -14.0105 25.8 0.9
      vertex -16.25 28 0.9
    endloop
  endfacet
  facet normal -0 0 1
    outer loop
      vertex -16.2855 28.5417 0.9
      vertex -14.0105 25.8 0.9
      vertex -10.2 32.4 0.9
    endloop
  endfacet
  facet normal 0 0 1
    outer loop
      vertex -14.0105 25.8 0.9
      vertex -16.2855 28.5417 0.9
      vertex -16.25 28 0.9
    endloop
  endfacet
  facet normal 0 0 1
    outer loop
      vertex -10.2 32.4 0.9
      vertex -16.3914 29.0741 0.9
      vertex -16.2855 28.5417 0.9
    endloop
  endfacet
  facet normal 0 0 1
    outer loop
      vertex -10.2 32.4 0.9
      vertex -16.5659 29.5881 0.9
      vertex -16.3914 29.0741 0.9
    endloop
  endfacet
  facet normal 0 0 1
    outer loop
      vertex -10.2 32.4 0.9
      vertex -16.806 30.075 0.9
      vertex -16.5659 29.5881 0.9
    endloop
  endfacet
  facet normal 0 0 1
    outer loop
      vertex -10.2 32.4 0.9
      vertex -17.1076 30.5264 0.9
      vertex -16.806 30.075 0.9
    endloop
  endfacet
  facet normal 0 0 1
    outer loop
      vertex -10.2 32.4 0.9
      vertex -17.4655 30.9345 0.9
      vertex -17.1076 30.5264 0.9
    endloop
  endfacet
  facet normal 0 0 1
    outer loop
      vertex -10.2 32.4 0.9
      vertex -17.8736 31.2924 0.9
      vertex -17.4655 30.9345 0.9
    endloop
  endfacet
  facet normal 0 0 1
    outer loop
      vertex -10.2 32.4 0.9
      vertex -18.325 31.594 0.9
      vertex -17.8736 31.2924 0.9
    endloop
  endfacet
  facet normal 0 0 1
    outer loop
      vertex -10.2 32.4 0.9
      vertex -18.8119 31.8341 0.9
      vertex -18.325 31.594 0.9
    endloop
  endfacet
  facet normal 0 0 1
    outer loop
      vertex -10.2 32.4 0.9
      vertex -19.3259 32.0086 0.9
      vertex -18.8119 31.8341 0.9
    endloop
  endfacet
  facet normal 0 0 1
    outer loop
      vertex -10.2 32.4 0.9
      vertex -19.8583 32.1145 0.9
      vertex -19.3259 32.0086 0.9
    endloop
  endfacet
  facet normal 0 0 1
    outer loop
      vertex -10.2 32.4 0.9
      vertex -20.4 32.15 0.9
      vertex -19.8583 32.1145 0.9
    endloop
  endfacet
  facet normal 0 0 1
    outer loop
      vertex -24.4086 6.6741 0.9
      vertex -36.9895 3.4 0.9
      vertex -24.5145 6.14168 0.9
    endloop
  endfacet
  facet normal 0 0 1
    outer loop
      vertex -24.4086 -4.5259 0.9
      vertex -36.5 -1.3 0.9
      vertex -24.5145 -5.05832 0.9
    endloop
  endfacet
  facet normal 0 0 1
    outer loop
      vertex -36.5 -9.9 0.9
      vertex -24.55 -5.6 0.9
      vertex -36.5 -1.3 0.9
    endloop
  endfacet
  facet normal 0 0 1
    outer loop
      vertex -24.4086 -6.6741 0.9
      vertex -36.5 -9.9 0.9
      vertex -24.2341 -7.18814 0.9
    endloop
  endfacet
  facet normal 0 0 1
    outer loop
      vertex -36.65 28 0.9
      vertex -24.55 28 0.9
      vertex -24.5145 28.5417 0.9
    endloop
  endfacet
  facet normal 0 0 1
    outer loop
      vertex -25.279 -16.8 0.9
      vertex -36.4 -34.8 0.9
      vertex -35 -34.8 0.9
    endloop
  endfacet
  facet normal 0 0 1
    outer loop
      vertex -25.279 -16.8 0.9
      vertex -35 -34.8 0.9
      vertex -26.2 -34.8 0.9
    endloop
  endfacet
  facet normal 0 0 1
    outer loop
      vertex -36.6855 28.5417 0.9
      vertex -24.5145 28.5417 0.9
      vertex -24.4086 29.0741 0.9
    endloop
  endfacet
  facet normal 0 0 1
    outer loop
      vertex -36.7914 29.0741 0.9
      vertex -24.4086 29.0741 0.9
      vertex -24.2341 29.5881 0.9
    endloop
  endfacet
  facet normal 0 0 1
    outer loop
      vertex -36.9659 29.5881 0.9
      vertex -24.2341 29.5881 0.9
      vertex -23.994 30.075 0.9
    endloop
  endfacet
  facet normal 0 0 1
    outer loop
      vertex -37.206 30.075 0.9
      vertex -23.994 30.075 0.9
      vertex -23.6924 30.5264 0.9
    endloop
  endfacet
  facet normal 0 0 1
    outer loop
      vertex -37.5076 30.5264 0.9
      vertex -23.6924 30.5264 0.9
      vertex -23.3345 30.9345 0.9
    endloop
  endfacet
  facet normal 0 0 1
    outer loop
      vertex -36.7914 26.9259 0.9
      vertex -24.4086 26.9259 0.9
      vertex -36.6855 27.4583 0.9
    endloop
  endfacet
  facet normal 0 0 1
    outer loop
      vertex -37.8655 30.9345 0.9
      vertex -23.3345 30.9345 0.9
      vertex -22.9264 31.2924 0.9
    endloop
  endfacet
  facet normal 0 0 1
    outer loop
      vertex -38.2736 31.2924 0.9
      vertex -22.9264 31.2924 0.9
      vertex -22.475 31.594 0.9
    endloop
  endfacet
  facet normal 0 0 1
    outer loop
      vertex -38.725 31.594 0.9
      vertex -22.475 31.594 0.9
      vertex -21.9881 31.8341 0.9
    endloop
  endfacet
  facet normal 0 0 1
    outer loop
      vertex -39.2119 31.8341 0.9
      vertex -21.9881 31.8341 0.9
      vertex -21.4741 32.0086 0.9
    endloop
  endfacet
  facet normal 0 0 1
    outer loop
      vertex -24.5145 28.5417 0.9
      vertex -36.6855 28.5417 0.9
      vertex -36.65 28 0.9
    endloop
  endfacet
  facet normal 0 0 1
    outer loop
      vertex -24.4086 29.0741 0.9
      vertex -36.7914 29.0741 0.9
      vertex -36.6855 28.5417 0.9
    endloop
  endfacet
  facet normal 0 0 1
    outer loop
      vertex -39.7259 32.0086 0.9
      vertex -21.4741 32.0086 0.9
      vertex -20.9417 32.1145 0.9
    endloop
  endfacet
  facet normal 0 0 1
    outer loop
      vertex -24.2341 29.5881 0.9
      vertex -36.9659 29.5881 0.9
      vertex -36.7914 29.0741 0.9
    endloop
  endfacet
  facet normal 0 0 1
    outer loop
      vertex -23.994 30.075 0.9
      vertex -37.206 30.075 0.9
      vertex -36.9659 29.5881 0.9
    endloop
  endfacet
  facet normal 0 0 1
    outer loop
      vertex -23.6924 30.5264 0.9
      vertex -37.5076 30.5264 0.9
      vertex -37.206 30.075 0.9
    endloop
  endfacet
  facet normal 0 0 1
    outer loop
      vertex -23.3345 30.9345 0.9
      vertex -37.8655 30.9345 0.9
      vertex -37.5076 30.5264 0.9
    endloop
  endfacet
  facet normal 0 0 1
    outer loop
      vertex -22.9264 31.2924 0.9
      vertex -38.2736 31.2924 0.9
      vertex -37.8655 30.9345 0.9
    endloop
  endfacet
  facet normal 0 0 1
    outer loop
      vertex -40.2583 32.1145 0.9
      vertex -20.9417 32.1145 0.9
      vertex -20.4 32.15 0.9
    endloop
  endfacet
  facet normal 0 0 1
    outer loop
      vertex -22.475 31.594 0.9
      vertex -38.725 31.594 0.9
      vertex -38.2736 31.2924 0.9
    endloop
  endfacet
  facet normal 0 0 1
    outer loop
      vertex -21.9881 31.8341 0.9
      vertex -39.2119 31.8341 0.9
      vertex -38.725 31.594 0.9
    endloop
  endfacet
  facet normal 0 0 1
    outer loop
      vertex -40.8 32.15 0.9
      vertex -20.4 32.15 0.9
      vertex -10.2 32.4 0.9
    endloop
  endfacet
  facet normal 0 0 1
    outer loop
      vertex -21.4741 32.0086 0.9
      vertex -39.7259 32.0086 0.9
      vertex -39.2119 31.8341 0.9
    endloop
  endfacet
  facet normal 0 0 1
    outer loop
      vertex -20.9417 32.1145 0.9
      vertex -40.2583 32.1145 0.9
      vertex -39.7259 32.0086 0.9
    endloop
  endfacet
  facet normal 0 0 1
    outer loop
      vertex -20.4 32.15 0.9
      vertex -40.8 32.15 0.9
      vertex -40.2583 32.1145 0.9
    endloop
  endfacet
  facet normal 0 0 1
    outer loop
      vertex -45.2 -34.8 0.9
      vertex -46.6 -34.8 0.9
      vertex -45.2 -42.2 0.9
    endloop
  endfacet
  facet normal 0 0 1
    outer loop
      vertex -44.8086 26.9259 0.9
      vertex -56.9 23.7 0.9
      vertex -44.6341 26.4119 0.9
    endloop
  endfacet
  facet normal 0 0 1
    outer loop
      vertex -56.9 32.3 0.9
      vertex -44.95 28 0.9
      vertex -44.9145 28.5417 0.9
    endloop
  endfacet
  facet normal 0 0 1
    outer loop
      vertex -45.679 16.8 0.9
      vertex -46.8855 6.14168 0.9
      vertex -46.85 5.6 0.9
    endloop
  endfacet
  facet normal 0 0 1
    outer loop
      vertex -45.679 16.8 0.9
      vertex -46.9914 6.6741 0.9
      vertex -46.8855 6.14168 0.9
    endloop
  endfacet
  facet normal 0 0 1
    outer loop
      vertex -45.679 16.8 0.9
      vertex -47.1659 7.18814 0.9
      vertex -46.9914 6.6741 0.9
    endloop
  endfacet
  facet normal 0 0 1
    outer loop
      vertex -45.679 16.8 0.9
      vertex -47.406 7.675 0.9
      vertex -47.1659 7.18814 0.9
    endloop
  endfacet
  facet normal 0 0 1
    outer loop
      vertex -45.679 16.8 0.9
      vertex -47.7076 8.12636 0.9
      vertex -47.406 7.675 0.9
    endloop
  endfacet
  facet normal 0 0 1
    outer loop
      vertex -45.679 16.8 0.9
      vertex -48.0655 8.53449 0.9
      vertex -47.7076 8.12636 0.9
    endloop
  endfacet
  facet normal 0 0 1
    outer loop
      vertex -45.679 16.8 0.9
      vertex -48.4736 8.89242 0.9
      vertex -48.0655 8.53449 0.9
    endloop
  endfacet
  facet normal 0 0 1
    outer loop
      vertex -45.679 16.8 0.9
      vertex -48.925 9.19401 0.9
      vertex -48.4736 8.89242 0.9
    endloop
  endfacet
  facet normal 0 0 1
    outer loop
      vertex -56.9 32.3 0.9
      vertex -44.9145 28.5417 0.9
      vertex -44.8086 29.0741 0.9
    endloop
  endfacet
  facet normal 0 0 1
    outer loop
      vertex -45.679 16.8 0.9
      vertex -49.4119 9.4341 0.9
      vertex -48.925 9.19401 0.9
    endloop
  endfacet
  facet normal 0 0 1
    outer loop
      vertex -45.679 16.8 0.9
      vertex -49.9259 9.60859 0.9
      vertex -49.4119 9.4341 0.9
    endloop
  endfacet
  facet normal 0 0 1
    outer loop
      vertex -45.679 16.8 0.9
      vertex -50.4583 9.7145 0.9
      vertex -49.9259 9.60859 0.9
    endloop
  endfacet
  facet normal 0 0 1
    outer loop
      vertex -45.679 16.8 0.9
      vertex -51 9.75 0.9
      vertex -50.4583 9.7145 0.9
    endloop
  endfacet
  facet normal 0 0 1
    outer loop
      vertex -57.0855 16.2583 0.9
      vertex -45.679 16.8 0.9
      vertex -57.05 16.8 0.9
    endloop
  endfacet
  facet normal 0 0 1
    outer loop
      vertex -56.9 32.3 0.9
      vertex -44.8086 29.0741 0.9
      vertex -44.6341 29.5881 0.9
    endloop
  endfacet
  facet normal 0 0 1
    outer loop
      vertex -44.394 25.925 0.9
      vertex -56.9 23.7 0.9
      vertex -45.679 16.8 0.9
    endloop
  endfacet
  facet normal 0 0 1
    outer loop
      vertex -45.679 16.8 0.9
      vertex -57.0855 16.2583 0.9
      vertex -51 9.75 0.9
    endloop
  endfacet
  facet normal -0 0 1
    outer loop
      vertex -57.3659 18.3881 0.9
      vertex -45.679 16.8 0.9
      vertex -56.9 23.7 0.9
    endloop
  endfacet
  facet normal 0 0 1
    outer loop
      vertex -51 9.75 0.9
      vertex -57.0855 16.2583 0.9
      vertex -51.5417 9.7145 0.9
    endloop
  endfacet
  facet normal -0 0 1
    outer loop
      vertex -57.1914 15.7259 0.9
      vertex -51.5417 9.7145 0.9
      vertex -57.0855 16.2583 0.9
    endloop
  endfacet
  facet normal 0 0 1
    outer loop
      vertex -51.5417 9.7145 0.9
      vertex -57.1914 15.7259 0.9
      vertex -52.0741 9.60859 0.9
    endloop
  endfacet
  facet normal -0 0 1
    outer loop
      vertex -57.3659 15.2119 0.9
      vertex -52.0741 9.60859 0.9
      vertex -57.1914 15.7259 0.9
    endloop
  endfacet
  facet normal 0 0 1
    outer loop
      vertex -52.0741 9.60859 0.9
      vertex -57.3659 15.2119 0.9
      vertex -52.5881 9.4341 0.9
    endloop
  endfacet
  facet normal 0 0 1
    outer loop
      vertex -55.4 -34.8 0.9
      vertex -56.8 -34.8 0.9
      vertex -55.4 -42.2 0.9
    endloop
  endfacet
  facet normal 0 0 1
    outer loop
      vertex -54.8105 -7.8 0.9
      vertex -56.8 -34.8 0.9
      vertex -55.4 -34.8 0.9
    endloop
  endfacet
  facet normal -0 0 1
    outer loop
      vertex -58.2655 13.8655 0.9
      vertex -53.5264 8.89242 0.9
      vertex -57.9076 14.2736 0.9
    endloop
  endfacet
  facet normal 0 0 1
    outer loop
      vertex -53.075 9.19401 0.9
      vertex -57.9076 14.2736 0.9
      vertex -53.5264 8.89242 0.9
    endloop
  endfacet
  facet normal -0 0 1
    outer loop
      vertex -57.9076 14.2736 0.9
      vertex -53.075 9.19401 0.9
      vertex -57.606 14.725 0.9
    endloop
  endfacet
  facet normal 0 0 1
    outer loop
      vertex -52.5881 9.4341 0.9
      vertex -57.606 14.725 0.9
      vertex -53.075 9.19401 0.9
    endloop
  endfacet
  facet normal -0 0 1
    outer loop
      vertex -57.606 14.725 0.9
      vertex -52.5881 9.4341 0.9
      vertex -57.3659 15.2119 0.9
    endloop
  endfacet
  facet normal 0 0 1
    outer loop
      vertex -44.394 30.075 0.9
      vertex -56.9 32.3 0.9
      vertex -44.6341 29.5881 0.9
    endloop
  endfacet
  facet normal 0 0 1
    outer loop
      vertex -44.0924 30.5264 0.9
      vertex -56.9 32.3 0.9
      vertex -44.394 30.075 0.9
    endloop
  endfacet
  facet normal 0 0 1
    outer loop
      vertex -43.7345 30.9345 0.9
      vertex -56.9 32.3 0.9
      vertex -44.0924 30.5264 0.9
    endloop
  endfacet
  facet normal 0 0 1
    outer loop
      vertex -43.3264 31.2924 0.9
      vertex -56.9 32.3 0.9
      vertex -43.7345 30.9345 0.9
    endloop
  endfacet
  facet normal 0 0 1
    outer loop
      vertex -42.875 31.594 0.9
      vertex -56.9 32.3 0.9
      vertex -43.3264 31.2924 0.9
    endloop
  endfacet
  facet normal 0 0 1
    outer loop
      vertex -42.3881 31.8341 0.9
      vertex -56.9 32.3 0.9
      vertex -42.875 31.594 0.9
    endloop
  endfacet
  facet normal 0 0 1
    outer loop
      vertex -41.8741 32.0086 0.9
      vertex -56.9 32.3 0.9
      vertex -42.3881 31.8341 0.9
    endloop
  endfacet
  facet normal 0 0 1
    outer loop
      vertex -41.3417 32.1145 0.9
      vertex -56.9 32.3 0.9
      vertex -41.8741 32.0086 0.9
    endloop
  endfacet
  facet normal 0 0 1
    outer loop
      vertex -40.8 32.15 0.9
      vertex -56.9 32.3 0.9
      vertex -41.3417 32.1145 0.9
    endloop
  endfacet
  facet normal 0 0 1
    outer loop
      vertex -65 32.6 0.9
      vertex -40.8 32.15 0.9
      vertex -10.2 32.4 0.9
    endloop
  endfacet
  facet normal -0 0 1
    outer loop
      vertex -65 32.6 0.9
      vertex -10.2 32.4 0.9
      vertex 30.321 32.6 0.9
    endloop
  endfacet
  facet normal 0 0 1
    outer loop
      vertex -40.8 32.15 0.9
      vertex -65 32.6 0.9
      vertex -56.9 32.3 0.9
    endloop
  endfacet
  facet normal 0 0 1
    outer loop
      vertex -56.9 32.3 0.9
      vertex -65 32.6 0.9
      vertex -65.5 32.3 0.9
    endloop
  endfacet
  facet normal 0 0 1
    outer loop
      vertex 14.0105 -7.8 0.9
      vertex 26.3 1.3 0.9
      vertex 16.5895 3.4 0.9
    endloop
  endfacet
  facet normal 0 0 1
    outer loop
      vertex 26.3 1.3 0.9
      vertex 14.5 -21.1 0.9
      vertex 24.8 -34.8 0.9
    endloop
  endfacet
  facet normal -0 0 1
    outer loop
      vertex 14.3145 -28.5417 0.9
      vertex 24.8 -34.8 0.9
      vertex 14.35 -28 0.9
    endloop
  endfacet
  facet normal -0 0 1
    outer loop
      vertex 14.2086 -29.0741 0.9
      vertex 24.8 -34.8 0.9
      vertex 14.3145 -28.5417 0.9
    endloop
  endfacet
  facet normal 0 0 1
    outer loop
      vertex 24.8 -34.8 0.9
      vertex 14.2086 -29.0741 0.9
      vertex 16 -34.8 0.9
    endloop
  endfacet
  facet normal -0 0 1
    outer loop
      vertex 14.0341 -29.5881 0.9
      vertex 16 -34.8 0.9
      vertex 14.2086 -29.0741 0.9
    endloop
  endfacet
  facet normal -0 0 1
    outer loop
      vertex 13.794 -30.075 0.9
      vertex 16 -34.8 0.9
      vertex 14.0341 -29.5881 0.9
    endloop
  endfacet
  facet normal -0 0 1
    outer loop
      vertex 13.4924 -30.5264 0.9
      vertex 16 -34.8 0.9
      vertex 13.794 -30.075 0.9
    endloop
  endfacet
  facet normal 0 0 1
    outer loop
      vertex 16 -34.8 0.9
      vertex 13.4924 -30.5264 0.9
      vertex 14.6 -34.8 0.9
    endloop
  endfacet
  facet normal -0 0 1
    outer loop
      vertex 13.1345 -30.9345 0.9
      vertex 14.6 -34.8 0.9
      vertex 13.4924 -30.5264 0.9
    endloop
  endfacet
  facet normal -0 0 1
    outer loop
      vertex 12.7264 -31.2924 0.9
      vertex 14.6 -34.8 0.9
      vertex 13.1345 -30.9345 0.9
    endloop
  endfacet
  facet normal -0 0 1
    outer loop
      vertex 12.275 -31.594 0.9
      vertex 14.6 -34.8 0.9
      vertex 12.7264 -31.2924 0.9
    endloop
  endfacet
  facet normal -0 0 1
    outer loop
      vertex 11.7881 -31.8341 0.9
      vertex 14.6 -34.8 0.9
      vertex 12.275 -31.594 0.9
    endloop
  endfacet
  facet normal -0 0 1
    outer loop
      vertex 11.2741 -32.0086 0.9
      vertex 14.6 -34.8 0.9
      vertex 11.7881 -31.8341 0.9
    endloop
  endfacet
  facet normal -0 0 1
    outer loop
      vertex 10.7417 -32.1145 0.9
      vertex 14.6 -34.8 0.9
      vertex 11.2741 -32.0086 0.9
    endloop
  endfacet
  facet normal -0 0 1
    outer loop
      vertex 10.2 -32.15 0.9
      vertex 14.6 -34.8 0.9
      vertex 10.7417 -32.1145 0.9
    endloop
  endfacet
  facet normal 0 0 1
    outer loop
      vertex 5.8 -34.8 0.9
      vertex 10.2 -32.15 0.9
      vertex 9.65832 -32.1145 0.9
    endloop
  endfacet
  facet normal 0 0 1
    outer loop
      vertex 5.8 -34.8 0.9
      vertex 9.65832 -32.1145 0.9
      vertex 9.1259 -32.0086 0.9
    endloop
  endfacet
  facet normal 0 0 1
    outer loop
      vertex 5.8 -34.8 0.9
      vertex 9.1259 -32.0086 0.9
      vertex 8.61186 -31.8341 0.9
    endloop
  endfacet
  facet normal 0 0 1
    outer loop
      vertex 5.8 -34.8 0.9
      vertex 8.61186 -31.8341 0.9
      vertex 8.125 -31.594 0.9
    endloop
  endfacet
  facet normal 0 0 1
    outer loop
      vertex 10.2 -32.15 0.9
      vertex 5.8 -34.8 0.9
      vertex 14.6 -34.8 0.9
    endloop
  endfacet
  facet normal 0 0 1
    outer loop
      vertex 7.67364 -31.2924 0.9
      vertex 5.8 -34.8 0.9
      vertex 8.125 -31.594 0.9
    endloop
  endfacet
  facet normal 0 0 1
    outer loop
      vertex 7.26551 -30.9345 0.9
      vertex 5.8 -34.8 0.9
      vertex 7.67364 -31.2924 0.9
    endloop
  endfacet
  facet normal 0 0 1
    outer loop
      vertex 6.90758 -30.5264 0.9
      vertex 5.8 -34.8 0.9
      vertex 7.26551 -30.9345 0.9
    endloop
  endfacet
  facet normal 0 0 1
    outer loop
      vertex 6.60599 -30.075 0.9
      vertex 5.8 -34.8 0.9
      vertex 6.90758 -30.5264 0.9
    endloop
  endfacet
  facet normal 0 0 1
    outer loop
      vertex 6.3659 -29.5881 0.9
      vertex 5.8 -34.8 0.9
      vertex 6.60599 -30.075 0.9
    endloop
  endfacet
  facet normal 0 0 1
    outer loop
      vertex 6.19141 -29.0741 0.9
      vertex 5.8 -34.8 0.9
      vertex 6.3659 -29.5881 0.9
    endloop
  endfacet
  facet normal 0 0 1
    outer loop
      vertex 6.0855 -28.5417 0.9
      vertex 5.8 -34.8 0.9
      vertex 6.19141 -29.0741 0.9
    endloop
  endfacet
  facet normal 0 0 1
    outer loop
      vertex 6.05 -28 0.9
      vertex 5.8 -34.8 0.9
      vertex 6.0855 -28.5417 0.9
    endloop
  endfacet
  facet normal 0 0 1
    outer loop
      vertex 5.8 -34.8 0.9
      vertex 6.05 -28 0.9
      vertex 5.9 -21.1 0.9
    endloop
  endfacet
  facet normal 0 0 1
    outer loop
      vertex 20.4 10 0.9
      vertex 14.3145 16.2583 0.9
      vertex 14.2086 15.7259 0.9
    endloop
  endfacet
  facet normal -0 0 1
    outer loop
      vertex 14.0341 15.2119 0.9
      vertex 20.4 10 0.9
      vertex 14.2086 15.7259 0.9
    endloop
  endfacet
  facet normal -0 0 1
    outer loop
      vertex 13.794 14.725 0.9
      vertex 20.4 10 0.9
      vertex 14.0341 15.2119 0.9
    endloop
  endfacet
  facet normal -0 0 1
    outer loop
      vertex 13.4924 14.2736 0.9
      vertex 20.4 10 0.9
      vertex 13.794 14.725 0.9
    endloop
  endfacet
  facet normal 0 0 1
    outer loop
      vertex 26.3 1.3 0.9
      vertex 14.0105 -7.8 0.9
      vertex 14.5 -12.5 0.9
    endloop
  endfacet
  facet normal -0 0 1
    outer loop
      vertex 6.38949 -7.8 0.9
      vertex 14.5 -12.5 0.9
      vertex 14.0105 -7.8 0.9
    endloop
  endfacet
  facet normal 0 0 1
    outer loop
      vertex 6.19141 15.7259 0.9
      vertex 6.38949 -7.8 0.9
      vertex 6.3659 15.2119 0.9
    endloop
  endfacet
  facet normal 0 0 1
    outer loop
      vertex 6.0855 16.2583 0.9
      vertex 6.38949 -7.8 0.9
      vertex 6.19141 15.7259 0.9
    endloop
  endfacet
  facet normal 0 0 1
    outer loop
      vertex 5.9 -12.5 0.9
      vertex 6.0855 16.2583 0.9
      vertex 6.05 16.8 0.9
    endloop
  endfacet
  facet normal 0 0 1
    outer loop
      vertex 6.38949 -7.8 0.9
      vertex 5.9 -12.5 0.9
      vertex 14.5 -12.5 0.9
    endloop
  endfacet
  facet normal 0 0 1
    outer loop
      vertex 6.0855 16.2583 0.9
      vertex 5.9 -12.5 0.9
      vertex 6.38949 -7.8 0.9
    endloop
  endfacet
  facet normal 0 0 1
    outer loop
      vertex 34.6086 -6.6741 0.9
      vertex 46.121 -5.6 0.9
      vertex 34.7145 -6.14168 0.9
    endloop
  endfacet
  facet normal 0 0 1
    outer loop
      vertex 46.121 -5.6 0.9
      vertex 34.7145 -16.2583 0.9
      vertex 34.75 -16.8 0.9
    endloop
  endfacet
  facet normal 0 0 1
    outer loop
      vertex 34.4341 -7.18814 0.9
      vertex 46.121 -5.6 0.9
      vertex 34.6086 -6.6741 0.9
    endloop
  endfacet
  facet normal 0 0 1
    outer loop
      vertex 46.121 -5.6 0.9
      vertex 34.6086 -15.7259 0.9
      vertex 34.7145 -16.2583 0.9
    endloop
  endfacet
  facet normal 0 0 1
    outer loop
      vertex 34.194 -7.675 0.9
      vertex 46.121 -5.6 0.9
      vertex 34.4341 -7.18814 0.9
    endloop
  endfacet
  facet normal 0 0 1
    outer loop
      vertex 46.121 -5.6 0.9
      vertex 34.4341 -15.2119 0.9
      vertex 34.6086 -15.7259 0.9
    endloop
  endfacet
  facet normal 0 0 1
    outer loop
      vertex 34.194 -14.725 0.9
      vertex 46.121 -5.6 0.9
      vertex 34.194 -7.675 0.9
    endloop
  endfacet
  facet normal 0 0 1
    outer loop
      vertex 46.121 -5.6 0.9
      vertex 34.194 -14.725 0.9
      vertex 34.4341 -15.2119 0.9
    endloop
  endfacet
  facet normal -0 0 1
    outer loop
      vertex 33.8924 -8.12636 0.9
      vertex 34.194 -14.725 0.9
      vertex 34.194 -7.675 0.9
    endloop
  endfacet
  facet normal 0 0 1
    outer loop
      vertex 33.8924 -8.12636 0.9
      vertex 33.8924 -14.2736 0.9
      vertex 34.194 -14.725 0.9
    endloop
  endfacet
  facet normal -0 0 1
    outer loop
      vertex 33.5345 -8.53449 0.9
      vertex 33.8924 -14.2736 0.9
      vertex 33.8924 -8.12636 0.9
    endloop
  endfacet
  facet normal 0 0 1
    outer loop
      vertex 33.5345 -8.53449 0.9
      vertex 33.5345 -13.8655 0.9
      vertex 33.8924 -14.2736 0.9
    endloop
  endfacet
  facet normal -0 0 1
    outer loop
      vertex 33.1264 -8.89242 0.9
      vertex 33.5345 -13.8655 0.9
      vertex 33.5345 -8.53449 0.9
    endloop
  endfacet
  facet normal 0 0 1
    outer loop
      vertex 33.1264 -8.89242 0.9
      vertex 33.1264 -13.5076 0.9
      vertex 33.5345 -13.8655 0.9
    endloop
  endfacet
  facet normal -0 0 1
    outer loop
      vertex 32.675 -9.19401 0.9
      vertex 33.1264 -13.5076 0.9
      vertex 33.1264 -8.89242 0.9
    endloop
  endfacet
  facet normal 0 0 1
    outer loop
      vertex 32.675 -9.19401 0.9
      vertex 32.675 -13.206 0.9
      vertex 33.1264 -13.5076 0.9
    endloop
  endfacet
  facet normal -0 0 1
    outer loop
      vertex 32.1881 -9.4341 0.9
      vertex 32.675 -13.206 0.9
      vertex 32.675 -9.19401 0.9
    endloop
  endfacet
  facet normal 0 0 1
    outer loop
      vertex 32.1881 -9.4341 0.9
      vertex 32.1881 -12.9659 0.9
      vertex 32.675 -13.206 0.9
    endloop
  endfacet
  facet normal -0 0 1
    outer loop
      vertex 31.6741 -9.60859 0.9
      vertex 32.1881 -12.9659 0.9
      vertex 32.1881 -9.4341 0.9
    endloop
  endfacet
  facet normal 0 0 1
    outer loop
      vertex 31.6741 -9.60859 0.9
      vertex 31.6741 -12.7914 0.9
      vertex 32.1881 -12.9659 0.9
    endloop
  endfacet
  facet normal -0 0 1
    outer loop
      vertex 31.1417 -9.7145 0.9
      vertex 31.6741 -12.7914 0.9
      vertex 31.6741 -9.60859 0.9
    endloop
  endfacet
  facet normal 0 0 1
    outer loop
      vertex 31.1417 -9.7145 0.9
      vertex 31.1417 -12.6855 0.9
      vertex 31.6741 -12.7914 0.9
    endloop
  endfacet
  facet normal -0 0 1
    outer loop
      vertex 30.6 -9.75 0.9
      vertex 31.1417 -12.6855 0.9
      vertex 31.1417 -9.7145 0.9
    endloop
  endfacet
  facet normal 0 0 1
    outer loop
      vertex 30.6 -9.75 0.9
      vertex 30.6 -12.65 0.9
      vertex 31.1417 -12.6855 0.9
    endloop
  endfacet
  facet normal 0 0 1
    outer loop
      vertex 30.0583 -9.7145 0.9
      vertex 30.6 -12.65 0.9
      vertex 30.6 -9.75 0.9
    endloop
  endfacet
  facet normal 0 0 1
    outer loop
      vertex 30.0583 -9.7145 0.9
      vertex 30.0583 -12.6855 0.9
      vertex 30.6 -12.65 0.9
    endloop
  endfacet
  facet normal 0 0 1
    outer loop
      vertex 29.5259 -9.60859 0.9
      vertex 30.0583 -12.6855 0.9
      vertex 30.0583 -9.7145 0.9
    endloop
  endfacet
  facet normal 0 0 1
    outer loop
      vertex 29.5259 -9.60859 0.9
      vertex 29.5259 -12.7914 0.9
      vertex 30.0583 -12.6855 0.9
    endloop
  endfacet
  facet normal 0 0 1
    outer loop
      vertex 29.0119 -9.4341 0.9
      vertex 29.5259 -12.7914 0.9
      vertex 29.5259 -9.60859 0.9
    endloop
  endfacet
  facet normal 0 0 1
    outer loop
      vertex 29.0119 -9.4341 0.9
      vertex 29.0119 -12.9659 0.9
      vertex 29.5259 -12.7914 0.9
    endloop
  endfacet
  facet normal 0 0 1
    outer loop
      vertex 28.525 -9.19401 0.9
      vertex 29.0119 -12.9659 0.9
      vertex 29.0119 -9.4341 0.9
    endloop
  endfacet
  facet normal 0 0 1
    outer loop
      vertex 28.525 -9.19401 0.9
      vertex 28.525 -13.206 0.9
      vertex 29.0119 -12.9659 0.9
    endloop
  endfacet
  facet normal 0 0 1
    outer loop
      vertex 28.0736 -8.89242 0.9
      vertex 28.525 -13.206 0.9
      vertex 28.525 -9.19401 0.9
    endloop
  endfacet
  facet normal 0 0 1
    outer loop
      vertex 28.0736 -8.89242 0.9
      vertex 28.0736 -13.5076 0.9
      vertex 28.525 -13.206 0.9
    endloop
  endfacet
  facet normal 0 0 1
    outer loop
      vertex 27.6655 -8.53449 0.9
      vertex 28.0736 -13.5076 0.9
      vertex 28.0736 -8.89242 0.9
    endloop
  endfacet
  facet normal 0 0 1
    outer loop
      vertex 27.6655 -8.53449 0.9
      vertex 27.6655 -13.8655 0.9
      vertex 28.0736 -13.5076 0.9
    endloop
  endfacet
  facet normal 0 0 1
    outer loop
      vertex 27.3076 -8.12636 0.9
      vertex 27.6655 -13.8655 0.9
      vertex 27.6655 -8.53449 0.9
    endloop
  endfacet
  facet normal 0 0 1
    outer loop
      vertex 27.3076 -8.12636 0.9
      vertex 27.3076 -14.2736 0.9
      vertex 27.6655 -13.8655 0.9
    endloop
  endfacet
  facet normal 0 0 1
    outer loop
      vertex 27.006 -7.675 0.9
      vertex 27.3076 -14.2736 0.9
      vertex 27.3076 -8.12636 0.9
    endloop
  endfacet
  facet normal 0 0 1
    outer loop
      vertex 27.006 -7.675 0.9
      vertex 27.006 -14.725 0.9
      vertex 27.3076 -14.2736 0.9
    endloop
  endfacet
  facet normal 0 0 1
    outer loop
      vertex 26.7659 -7.18814 0.9
      vertex 27.006 -14.725 0.9
      vertex 27.006 -7.675 0.9
    endloop
  endfacet
  facet normal 0 0 1
    outer loop
      vertex 26.7659 -7.18814 0.9
      vertex 26.7659 -15.2119 0.9
      vertex 27.006 -14.725 0.9
    endloop
  endfacet
  facet normal 0 0 1
    outer loop
      vertex 26.5914 -6.6741 0.9
      vertex 26.7659 -15.2119 0.9
      vertex 26.7659 -7.18814 0.9
    endloop
  endfacet
  facet normal 0 0 1
    outer loop
      vertex 26.5914 -6.6741 0.9
      vertex 26.5914 -15.7259 0.9
      vertex 26.7659 -15.2119 0.9
    endloop
  endfacet
  facet normal 0 0 1
    outer loop
      vertex 26.4855 -6.14168 0.9
      vertex 26.5914 -15.7259 0.9
      vertex 26.5914 -6.6741 0.9
    endloop
  endfacet
  facet normal 0 0 1
    outer loop
      vertex 26.4855 -6.14168 0.9
      vertex 26.4855 -16.2583 0.9
      vertex 26.5914 -15.7259 0.9
    endloop
  endfacet
  facet normal 0 0 1
    outer loop
      vertex 26.45 -5.6 0.9
      vertex 26.4855 -16.2583 0.9
      vertex 26.4855 -6.14168 0.9
    endloop
  endfacet
  facet normal 0 0 1
    outer loop
      vertex 26.4855 -16.2583 0.9
      vertex 26.45 -5.6 0.9
      vertex 26.45 -16.8 0.9
    endloop
  endfacet
  facet normal 0 0 1
    outer loop
      vertex 46.121 -5.6 0.9
      vertex 34.7145 -5.05832 0.9
      vertex 34.75 -5.6 0.9
    endloop
  endfacet
  facet normal 0 0 1
    outer loop
      vertex 46.121 -5.6 0.9
      vertex 34.6086 -4.5259 0.9
      vertex 34.7145 -5.05832 0.9
    endloop
  endfacet
  facet normal 0 0 1
    outer loop
      vertex 46.121 -5.6 0.9
      vertex 34.4341 -4.01186 0.9
      vertex 34.6086 -4.5259 0.9
    endloop
  endfacet
  facet normal 0 0 1
    outer loop
      vertex 34.9 1.3 0.9
      vertex 34.194 -3.525 0.9
      vertex 34.4341 -4.01186 0.9
    endloop
  endfacet
  facet normal 0 0 1
    outer loop
      vertex 34.9 1.3 0.9
      vertex 33.8924 -3.07364 0.9
      vertex 34.194 -3.525 0.9
    endloop
  endfacet
  facet normal 0 0 1
    outer loop
      vertex 34.9 1.3 0.9
      vertex 33.5345 -2.66551 0.9
      vertex 33.8924 -3.07364 0.9
    endloop
  endfacet
  facet normal 0 0 1
    outer loop
      vertex 34.9 1.3 0.9
      vertex 33.1264 -2.30758 0.9
      vertex 33.5345 -2.66551 0.9
    endloop
  endfacet
  facet normal 0 0 1
    outer loop
      vertex 34.9 1.3 0.9
      vertex 32.675 -2.00599 0.9
      vertex 33.1264 -2.30758 0.9
    endloop
  endfacet
  facet normal 0 0 1
    outer loop
      vertex 34.9 1.3 0.9
      vertex 32.1881 -1.7659 0.9
      vertex 32.675 -2.00599 0.9
    endloop
  endfacet
  facet normal 0 0 1
    outer loop
      vertex 34.9 1.3 0.9
      vertex 31.6741 -1.59141 0.9
      vertex 32.1881 -1.7659 0.9
    endloop
  endfacet
  facet normal 0 0 1
    outer loop
      vertex 34.9 1.3 0.9
      vertex 31.1417 -1.4855 0.9
      vertex 31.6741 -1.59141 0.9
    endloop
  endfacet
  facet normal 0 0 1
    outer loop
      vertex 34.9 1.3 0.9
      vertex 30.6 -1.45 0.9
      vertex 31.1417 -1.4855 0.9
    endloop
  endfacet
  facet normal -0 0 1
    outer loop
      vertex 26.3 1.3 0.9
      vertex 30.6 -1.45 0.9
      vertex 34.9 1.3 0.9
    endloop
  endfacet
  facet normal 0 0 1
    outer loop
      vertex 30.6 -1.45 0.9
      vertex 26.3 1.3 0.9
      vertex 30.0583 -1.4855 0.9
    endloop
  endfacet
  facet normal 0 0 1
    outer loop
      vertex 30.0583 -1.4855 0.9
      vertex 26.3 1.3 0.9
      vertex 29.5259 -1.59141 0.9
    endloop
  endfacet
  facet normal 0 0 1
    outer loop
      vertex 29.5259 -1.59141 0.9
      vertex 26.3 1.3 0.9
      vertex 29.0119 -1.7659 0.9
    endloop
  endfacet
  facet normal 0 0 1
    outer loop
      vertex 24.8 -34.8 0.9
      vertex 26.45 -5.6 0.9
      vertex 26.3 1.3 0.9
    endloop
  endfacet
  facet normal 0 0 1
    outer loop
      vertex 26.4855 -5.05832 0.9
      vertex 26.3 1.3 0.9
      vertex 26.45 -5.6 0.9
    endloop
  endfacet
  facet normal 0 0 1
    outer loop
      vertex 26.5914 -4.5259 0.9
      vertex 26.3 1.3 0.9
      vertex 26.4855 -5.05832 0.9
    endloop
  endfacet
  facet normal 0 0 1
    outer loop
      vertex 26.7659 -4.01186 0.9
      vertex 26.3 1.3 0.9
      vertex 26.5914 -4.5259 0.9
    endloop
  endfacet
  facet normal 0 0 1
    outer loop
      vertex 27.006 -3.525 0.9
      vertex 26.3 1.3 0.9
      vertex 26.7659 -4.01186 0.9
    endloop
  endfacet
  facet normal 0 0 1
    outer loop
      vertex 27.3076 -3.07364 0.9
      vertex 26.3 1.3 0.9
      vertex 27.006 -3.525 0.9
    endloop
  endfacet
  facet normal 0 0 1
    outer loop
      vertex 27.6655 -2.66551 0.9
      vertex 26.3 1.3 0.9
      vertex 27.3076 -3.07364 0.9
    endloop
  endfacet
  facet normal 0 0 1
    outer loop
      vertex 28.0736 -2.30758 0.9
      vertex 26.3 1.3 0.9
      vertex 27.6655 -2.66551 0.9
    endloop
  endfacet
  facet normal 0 0 1
    outer loop
      vertex 28.525 -2.00599 0.9
      vertex 26.3 1.3 0.9
      vertex 28.0736 -2.30758 0.9
    endloop
  endfacet
  facet normal 0 0 1
    outer loop
      vertex 29.0119 -1.7659 0.9
      vertex 26.3 1.3 0.9
      vertex 28.525 -2.00599 0.9
    endloop
  endfacet
  facet normal -0 0 1
    outer loop
      vertex 30.6 -32.879 0.9
      vertex 35 -34.8 0.9
      vertex 35.479 -28 0.9
    endloop
  endfacet
  facet normal 0 0 1
    outer loop
      vertex 30.6 -32.879 0.9
      vertex 26.2 -34.8 0.9
      vertex 35 -34.8 0.9
    endloop
  endfacet
  facet normal 0 0 1
    outer loop
      vertex 24.8 -34.8 0.9
      vertex 26.2 -34.8 0.9
      vertex 25.721 -28 0.9
    endloop
  endfacet
  facet normal 0 0 1
    outer loop
      vertex 25.721 -28 0.9
      vertex 26.2 -34.8 0.9
      vertex 30.6 -32.879 0.9
    endloop
  endfacet
  facet normal 0 0 1
    outer loop
      vertex 47.406 3.525 0.9
      vertex 34.9 1.3 0.9
      vertex 46.121 -5.6 0.9
    endloop
  endfacet
  facet normal -0 0 1
    outer loop
      vertex 34.7145 16.2583 0.9
      vertex 36.9895 14.6 0.9
      vertex 34.75 16.8 0.9
    endloop
  endfacet
  facet normal 0 0 1
    outer loop
      vertex 36.9895 14.6 0.9
      vertex 34.7145 17.3417 0.9
      vertex 34.75 16.8 0.9
    endloop
  endfacet
  facet normal 0 0 1
    outer loop
      vertex 40.8 21.2 0.9
      vertex 34.7145 17.3417 0.9
      vertex 36.9895 14.6 0.9
    endloop
  endfacet
  facet normal 0 -0 1
    outer loop
      vertex 34.7145 17.3417 0.9
      vertex 40.8 21.2 0.9
      vertex 34.6086 17.8741 0.9
    endloop
  endfacet
  facet normal 0 0 1
    outer loop
      vertex 35.479 28 0.9
      vertex 34.194 18.875 0.9
      vertex 34.4341 18.3881 0.9
    endloop
  endfacet
  facet normal 0 0 1
    outer loop
      vertex 35.479 28 0.9
      vertex 33.8924 19.3264 0.9
      vertex 34.194 18.875 0.9
    endloop
  endfacet
  facet normal 0 0 1
    outer loop
      vertex 35.479 28 0.9
      vertex 33.5345 19.7345 0.9
      vertex 33.8924 19.3264 0.9
    endloop
  endfacet
  facet normal 0 0 1
    outer loop
      vertex 35.479 28 0.9
      vertex 33.1264 20.0924 0.9
      vertex 33.5345 19.7345 0.9
    endloop
  endfacet
  facet normal 0 0 1
    outer loop
      vertex 35.479 28 0.9
      vertex 32.675 20.394 0.9
      vertex 33.1264 20.0924 0.9
    endloop
  endfacet
  facet normal -0 0 1
    outer loop
      vertex 30.6 23.121 0.9
      vertex 32.675 20.394 0.9
      vertex 35.479 28 0.9
    endloop
  endfacet
  facet normal 0 0 1
    outer loop
      vertex 32.675 20.394 0.9
      vertex 30.6 23.121 0.9
      vertex 32.1881 20.6341 0.9
    endloop
  endfacet
  facet normal 0 0 1
    outer loop
      vertex 32.1881 20.6341 0.9
      vertex 30.6 23.121 0.9
      vertex 31.6741 20.8086 0.9
    endloop
  endfacet
  facet normal 0 0 1
    outer loop
      vertex 31.6741 20.8086 0.9
      vertex 30.6 23.121 0.9
      vertex 31.1417 20.9145 0.9
    endloop
  endfacet
  facet normal 0 0 1
    outer loop
      vertex 30.6 23.121 0.9
      vertex 30.6 20.95 0.9
      vertex 31.1417 20.9145 0.9
    endloop
  endfacet
  facet normal 0 0 1
    outer loop
      vertex 30.6 23.121 0.9
      vertex 30.0583 20.9145 0.9
      vertex 30.6 20.95 0.9
    endloop
  endfacet
  facet normal 0 0 1
    outer loop
      vertex 30.6 23.121 0.9
      vertex 29.5259 20.8086 0.9
      vertex 30.0583 20.9145 0.9
    endloop
  endfacet
  facet normal 0 0 1
    outer loop
      vertex 30.6 23.121 0.9
      vertex 29.0119 20.6341 0.9
      vertex 29.5259 20.8086 0.9
    endloop
  endfacet
  facet normal 0 0 1
    outer loop
      vertex 30.6 23.121 0.9
      vertex 28.525 20.394 0.9
      vertex 29.0119 20.6341 0.9
    endloop
  endfacet
  facet normal 0 0 1
    outer loop
      vertex 25.721 28 0.9
      vertex 28.525 20.394 0.9
      vertex 30.6 23.121 0.9
    endloop
  endfacet
  facet normal 0 0 1
    outer loop
      vertex 28.525 20.394 0.9
      vertex 25.721 28 0.9
      vertex 28.0736 20.0924 0.9
    endloop
  endfacet
  facet normal 0 0 1
    outer loop
      vertex 28.0736 20.0924 0.9
      vertex 25.721 28 0.9
      vertex 27.6655 19.7345 0.9
    endloop
  endfacet
  facet normal 0 0 1
    outer loop
      vertex 26.4855 16.2583 0.9
      vertex 24.2105 3.4 0.9
      vertex 26.3 9.9 0.9
    endloop
  endfacet
  facet normal 0 0 1
    outer loop
      vertex 24.2105 3.4 0.9
      vertex 26.45 16.8 0.9
      vertex 25.721 28 0.9
    endloop
  endfacet
  facet normal 0 0 1
    outer loop
      vertex 26.4855 17.3417 0.9
      vertex 25.721 28 0.9
      vertex 26.45 16.8 0.9
    endloop
  endfacet
  facet normal 0 0 1
    outer loop
      vertex 26.5914 17.8741 0.9
      vertex 25.721 28 0.9
      vertex 26.4855 17.3417 0.9
    endloop
  endfacet
  facet normal 0 0 1
    outer loop
      vertex 26.7659 18.3881 0.9
      vertex 25.721 28 0.9
      vertex 26.5914 17.8741 0.9
    endloop
  endfacet
  facet normal 0 0 1
    outer loop
      vertex 27.006 18.875 0.9
      vertex 25.721 28 0.9
      vertex 26.7659 18.3881 0.9
    endloop
  endfacet
  facet normal 0 0 1
    outer loop
      vertex 27.3076 19.3264 0.9
      vertex 25.721 28 0.9
      vertex 27.006 18.875 0.9
    endloop
  endfacet
  facet normal 0 0 1
    outer loop
      vertex 27.6655 19.7345 0.9
      vertex 25.721 28 0.9
      vertex 27.3076 19.3264 0.9
    endloop
  endfacet
  facet normal 0 0 1
    outer loop
      vertex 46.8855 -16.2583 0.9
      vertex 35.479 -28 0.9
      vertex 46.85 -16.8 0.9
    endloop
  endfacet
  facet normal 0 0 1
    outer loop
      vertex 46.85 -16.8 0.9
      vertex 35.479 -28 0.9
      vertex 45.2 -34.8 0.9
    endloop
  endfacet
  facet normal -0 0 1
    outer loop
      vertex 34.4341 -4.01186 0.9
      vertex 46.121 -5.6 0.9
      vertex 34.9 1.3 0.9
    endloop
  endfacet
  facet normal 0 0 1
    outer loop
      vertex 34.7145 -6.14168 0.9
      vertex 46.121 -5.6 0.9
      vertex 34.75 -5.6 0.9
    endloop
  endfacet
  facet normal 0 0 1
    outer loop
      vertex 34.7145 -17.3417 0.9
      vertex 46.121 -5.6 0.9
      vertex 34.75 -16.8 0.9
    endloop
  endfacet
  facet normal 0 0 1
    outer loop
      vertex 34.6086 -17.8741 0.9
      vertex 46.121 -5.6 0.9
      vertex 34.7145 -17.3417 0.9
    endloop
  endfacet
  facet normal 0 0 1
    outer loop
      vertex 46.121 -5.6 0.9
      vertex 34.6086 -17.8741 0.9
      vertex 35.479 -28 0.9
    endloop
  endfacet
  facet normal -0 0 1
    outer loop
      vertex 34.4341 -18.3881 0.9
      vertex 35.479 -28 0.9
      vertex 34.6086 -17.8741 0.9
    endloop
  endfacet
  facet normal -0 0 1
    outer loop
      vertex 34.194 -18.875 0.9
      vertex 35.479 -28 0.9
      vertex 34.4341 -18.3881 0.9
    endloop
  endfacet
  facet normal -0 0 1
    outer loop
      vertex 33.8924 -19.3264 0.9
      vertex 35.479 -28 0.9
      vertex 34.194 -18.875 0.9
    endloop
  endfacet
  facet normal -0 0 1
    outer loop
      vertex 33.5345 -19.7345 0.9
      vertex 35.479 -28 0.9
      vertex 33.8924 -19.3264 0.9
    endloop
  endfacet
  facet normal -0 0 1
    outer loop
      vertex 33.1264 -20.0924 0.9
      vertex 35.479 -28 0.9
      vertex 33.5345 -19.7345 0.9
    endloop
  endfacet
  facet normal -0 0 1
    outer loop
      vertex 32.675 -20.394 0.9
      vertex 35.479 -28 0.9
      vertex 33.1264 -20.0924 0.9
    endloop
  endfacet
  facet normal 0 0 1
    outer loop
      vertex 30.6 -23.121 0.9
      vertex 32.675 -20.394 0.9
      vertex 32.1881 -20.6341 0.9
    endloop
  endfacet
  facet normal 0 0 1
    outer loop
      vertex 30.6 -23.121 0.9
      vertex 32.1881 -20.6341 0.9
      vertex 31.6741 -20.8086 0.9
    endloop
  endfacet
  facet normal 0 0 1
    outer loop
      vertex 30.6 -23.121 0.9
      vertex 31.6741 -20.8086 0.9
      vertex 31.1417 -20.9145 0.9
    endloop
  endfacet
  facet normal 0 0 1
    outer loop
      vertex 30.6 -23.121 0.9
      vertex 31.1417 -20.9145 0.9
      vertex 30.6 -20.95 0.9
    endloop
  endfacet
  facet normal 0 0 1
    outer loop
      vertex 32.675 -20.394 0.9
      vertex 30.6 -23.121 0.9
      vertex 35.479 -28 0.9
    endloop
  endfacet
  facet normal 0 0 1
    outer loop
      vertex 30.0583 -20.9145 0.9
      vertex 30.6 -23.121 0.9
      vertex 30.6 -20.95 0.9
    endloop
  endfacet
  facet normal 0 0 1
    outer loop
      vertex 29.5259 -20.8086 0.9
      vertex 30.6 -23.121 0.9
      vertex 30.0583 -20.9145 0.9
    endloop
  endfacet
  facet normal 0 0 1
    outer loop
      vertex 29.0119 -20.6341 0.9
      vertex 30.6 -23.121 0.9
      vertex 29.5259 -20.8086 0.9
    endloop
  endfacet
  facet normal 0 0 1
    outer loop
      vertex 28.525 -20.394 0.9
      vertex 30.6 -23.121 0.9
      vertex 29.0119 -20.6341 0.9
    endloop
  endfacet
  facet normal 0 0 1
    outer loop
      vertex 25.721 -28 0.9
      vertex 28.525 -20.394 0.9
      vertex 28.0736 -20.0924 0.9
    endloop
  endfacet
  facet normal 0 0 1
    outer loop
      vertex 25.721 -28 0.9
      vertex 28.0736 -20.0924 0.9
      vertex 27.6655 -19.7345 0.9
    endloop
  endfacet
  facet normal 0 0 1
    outer loop
      vertex 25.721 -28 0.9
      vertex 27.6655 -19.7345 0.9
      vertex 27.3076 -19.3264 0.9
    endloop
  endfacet
  facet normal 0 0 1
    outer loop
      vertex 26.3 9.9 0.9
      vertex 24.2105 3.4 0.9
      vertex 26.3 1.3 0.9
    endloop
  endfacet
  facet normal 0 0 1
    outer loop
      vertex 28.525 -20.394 0.9
      vertex 25.721 -28 0.9
      vertex 30.6 -23.121 0.9
    endloop
  endfacet
  facet normal 0 0 1
    outer loop
      vertex 27.006 -18.875 0.9
      vertex 25.721 -28 0.9
      vertex 27.3076 -19.3264 0.9
    endloop
  endfacet
  facet normal 0 0 1
    outer loop
      vertex 26.7659 -18.3881 0.9
      vertex 25.721 -28 0.9
      vertex 27.006 -18.875 0.9
    endloop
  endfacet
  facet normal 0 0 1
    outer loop
      vertex 26.5914 -17.8741 0.9
      vertex 25.721 -28 0.9
      vertex 26.7659 -18.3881 0.9
    endloop
  endfacet
  facet normal 0 0 1
    outer loop
      vertex 26.4855 -17.3417 0.9
      vertex 25.721 -28 0.9
      vertex 26.5914 -17.8741 0.9
    endloop
  endfacet
  facet normal 0 0 1
    outer loop
      vertex 26.45 -16.8 0.9
      vertex 25.721 -28 0.9
      vertex 26.4855 -17.3417 0.9
    endloop
  endfacet
  facet normal 0 0 1
    outer loop
      vertex 24.8 -34.8 0.9
      vertex 26.45 -16.8 0.9
      vertex 26.45 -5.6 0.9
    endloop
  endfacet
  facet normal -0 0 1
    outer loop
      vertex 34.6086 15.7259 0.9
      vertex 36.9895 14.6 0.9
      vertex 34.7145 16.2583 0.9
    endloop
  endfacet
  facet normal -0 0 1
    outer loop
      vertex 34.4341 15.2119 0.9
      vertex 36.9895 14.6 0.9
      vertex 34.6086 15.7259 0.9
    endloop
  endfacet
  facet normal -0 0 1
    outer loop
      vertex 34.194 14.725 0.9
      vertex 36.9895 14.6 0.9
      vertex 34.4341 15.2119 0.9
    endloop
  endfacet
  facet normal 0 0 1
    outer loop
      vertex 33.8924 14.2736 0.9
      vertex 36.9895 14.6 0.9
      vertex 34.194 14.725 0.9
    endloop
  endfacet
  facet normal 0 0 1
    outer loop
      vertex 36.9895 14.6 0.9
      vertex 33.8924 14.2736 0.9
      vertex 34.9 9.9 0.9
    endloop
  endfacet
  facet normal -0 0 1
    outer loop
      vertex 33.5345 13.8655 0.9
      vertex 34.9 9.9 0.9
      vertex 33.8924 14.2736 0.9
    endloop
  endfacet
  facet normal -0 0 1
    outer loop
      vertex 33.1264 13.5076 0.9
      vertex 34.9 9.9 0.9
      vertex 33.5345 13.8655 0.9
    endloop
  endfacet
  facet normal -0 0 1
    outer loop
      vertex 32.675 13.206 0.9
      vertex 34.9 9.9 0.9
      vertex 33.1264 13.5076 0.9
    endloop
  endfacet
  facet normal -0 0 1
    outer loop
      vertex 32.1881 12.9659 0.9
      vertex 34.9 9.9 0.9
      vertex 32.675 13.206 0.9
    endloop
  endfacet
  facet normal -0 0 1
    outer loop
      vertex 31.6741 12.7914 0.9
      vertex 34.9 9.9 0.9
      vertex 32.1881 12.9659 0.9
    endloop
  endfacet
  facet normal -0 0 1
    outer loop
      vertex 31.1417 12.6855 0.9
      vertex 34.9 9.9 0.9
      vertex 31.6741 12.7914 0.9
    endloop
  endfacet
  facet normal -0 0 1
    outer loop
      vertex 30.6 12.65 0.9
      vertex 34.9 9.9 0.9
      vertex 31.1417 12.6855 0.9
    endloop
  endfacet
  facet normal 0 0 1
    outer loop
      vertex 26.3 9.9 0.9
      vertex 30.6 12.65 0.9
      vertex 30.0583 12.6855 0.9
    endloop
  endfacet
  facet normal 0 0 1
    outer loop
      vertex 26.3 9.9 0.9
      vertex 30.0583 12.6855 0.9
      vertex 29.5259 12.7914 0.9
    endloop
  endfacet
  facet normal 0 0 1
    outer loop
      vertex 26.3 9.9 0.9
      vertex 29.5259 12.7914 0.9
      vertex 29.0119 12.9659 0.9
    endloop
  endfacet
  facet normal 0 0 1
    outer loop
      vertex 26.3 9.9 0.9
      vertex 29.0119 12.9659 0.9
      vertex 28.525 13.206 0.9
    endloop
  endfacet
  facet normal 0 0 1
    outer loop
      vertex 30.6 12.65 0.9
      vertex 26.3 9.9 0.9
      vertex 34.9 9.9 0.9
    endloop
  endfacet
  facet normal 0 0 1
    outer loop
      vertex 28.0736 13.5076 0.9
      vertex 26.3 9.9 0.9
      vertex 28.525 13.206 0.9
    endloop
  endfacet
  facet normal 0 0 1
    outer loop
      vertex 27.6655 13.8655 0.9
      vertex 26.3 9.9 0.9
      vertex 28.0736 13.5076 0.9
    endloop
  endfacet
  facet normal 0 0 1
    outer loop
      vertex 27.3076 14.2736 0.9
      vertex 26.3 9.9 0.9
      vertex 27.6655 13.8655 0.9
    endloop
  endfacet
  facet normal 0 0 1
    outer loop
      vertex 27.006 14.725 0.9
      vertex 26.3 9.9 0.9
      vertex 27.3076 14.2736 0.9
    endloop
  endfacet
  facet normal 0 0 1
    outer loop
      vertex 26.7659 15.2119 0.9
      vertex 26.3 9.9 0.9
      vertex 27.006 14.725 0.9
    endloop
  endfacet
  facet normal 0 0 1
    outer loop
      vertex 26.5914 15.7259 0.9
      vertex 26.3 9.9 0.9
      vertex 26.7659 15.2119 0.9
    endloop
  endfacet
  facet normal 0 0 1
    outer loop
      vertex 26.4855 16.2583 0.9
      vertex 26.3 9.9 0.9
      vertex 26.5914 15.7259 0.9
    endloop
  endfacet
  facet normal 0 0 1
    outer loop
      vertex 24.2105 3.4 0.9
      vertex 26.4855 16.2583 0.9
      vertex 26.45 16.8 0.9
    endloop
  endfacet
  facet normal -0 0 1
    outer loop
      vertex 54.2924 -19.3264 0.9
      vertex 56.9 -23.7 0.9
      vertex 54.594 -18.875 0.9
    endloop
  endfacet
  facet normal -0 0 1
    outer loop
      vertex 53.9345 -19.7345 0.9
      vertex 56.9 -23.7 0.9
      vertex 54.2924 -19.3264 0.9
    endloop
  endfacet
  facet normal -0 0 1
    outer loop
      vertex 53.5264 -20.0924 0.9
      vertex 56.9 -23.7 0.9
      vertex 53.9345 -19.7345 0.9
    endloop
  endfacet
  facet normal -0 0 1
    outer loop
      vertex 53.075 -20.394 0.9
      vertex 56.9 -23.7 0.9
      vertex 53.5264 -20.0924 0.9
    endloop
  endfacet
  facet normal -0 0 1
    outer loop
      vertex 52.5881 -20.6341 0.9
      vertex 56.9 -23.7 0.9
      vertex 53.075 -20.394 0.9
    endloop
  endfacet
  facet normal 0 0 1
    outer loop
      vertex 56.9 -23.7 0.9
      vertex 52.5881 -20.6341 0.9
      vertex 51 -23.6 0.9
    endloop
  endfacet
  facet normal 0 0 1
    outer loop
      vertex 51 -23.6 0.9
      vertex 52.5881 -20.6341 0.9
      vertex 52.0741 -20.8086 0.9
    endloop
  endfacet
  facet normal 0 0 1
    outer loop
      vertex 51 -23.6 0.9
      vertex 52.0741 -20.8086 0.9
      vertex 51.5417 -20.9145 0.9
    endloop
  endfacet
  facet normal 0 0 1
    outer loop
      vertex 51 -23.6 0.9
      vertex 51.5417 -20.9145 0.9
      vertex 51 -20.95 0.9
    endloop
  endfacet
  facet normal 0 0 1
    outer loop
      vertex 56.9 -23.7 0.9
      vertex 51 -23.6 0.9
      vertex 54.8105 -30.2 0.9
    endloop
  endfacet
  facet normal 0 0 1
    outer loop
      vertex 50.4583 -20.9145 0.9
      vertex 51 -23.6 0.9
      vertex 51 -20.95 0.9
    endloop
  endfacet
  facet normal 0 0 1
    outer loop
      vertex 49.9259 -20.8086 0.9
      vertex 51 -23.6 0.9
      vertex 50.4583 -20.9145 0.9
    endloop
  endfacet
  facet normal 0 0 1
    outer loop
      vertex 49.4119 -20.6341 0.9
      vertex 51 -23.6 0.9
      vertex 49.9259 -20.8086 0.9
    endloop
  endfacet
  facet normal 0 0 1
    outer loop
      vertex 48.925 -20.394 0.9
      vertex 51 -23.6 0.9
      vertex 49.4119 -20.6341 0.9
    endloop
  endfacet
  facet normal 0 0 1
    outer loop
      vertex 48.4736 -20.0924 0.9
      vertex 51 -23.6 0.9
      vertex 48.925 -20.394 0.9
    endloop
  endfacet
  facet normal 0 0 1
    outer loop
      vertex 47.1895 -30.2 0.9
      vertex 48.4736 -20.0924 0.9
      vertex 48.0655 -19.7345 0.9
    endloop
  endfacet
  facet normal 0 0 1
    outer loop
      vertex 47.1895 -30.2 0.9
      vertex 48.0655 -19.7345 0.9
      vertex 47.7076 -19.3264 0.9
    endloop
  endfacet
  facet normal 0 0 1
    outer loop
      vertex 48.4736 -20.0924 0.9
      vertex 47.1895 -30.2 0.9
      vertex 51 -23.6 0.9
    endloop
  endfacet
  facet normal 0 0 1
    outer loop
      vertex 47.406 -18.875 0.9
      vertex 47.1895 -30.2 0.9
      vertex 47.7076 -19.3264 0.9
    endloop
  endfacet
  facet normal 0 -0 1
    outer loop
      vertex 47.1895 -30.2 0.9
      vertex 47.406 -18.875 0.9
      vertex 47.1659 -18.3881 0.9
    endloop
  endfacet
  facet normal -0 0 1
    outer loop
      vertex 55.1145 -17.3417 0.9
      vertex 56.9 -23.7 0.9
      vertex 55.15 -16.8 0.9
    endloop
  endfacet
  facet normal 0 0 1
    outer loop
      vertex 56.9 -23.7 0.9
      vertex 55.1145 -16.2583 0.9
      vertex 55.15 -16.8 0.9
    endloop
  endfacet
  facet normal 0 0 1
    outer loop
      vertex 55.879 -5.6 0.9
      vertex 55.0086 -15.7259 0.9
      vertex 55.1145 -16.2583 0.9
    endloop
  endfacet
  facet normal 0 0 1
    outer loop
      vertex 55.879 -5.6 0.9
      vertex 54.8341 -15.2119 0.9
      vertex 55.0086 -15.7259 0.9
    endloop
  endfacet
  facet normal 0 0 1
    outer loop
      vertex 55.879 -5.6 0.9
      vertex 54.594 -14.725 0.9
      vertex 54.8341 -15.2119 0.9
    endloop
  endfacet
  facet normal 0 0 1
    outer loop
      vertex 55.879 -5.6 0.9
      vertex 54.2924 -14.2736 0.9
      vertex 54.594 -14.725 0.9
    endloop
  endfacet
  facet normal 0 0 1
    outer loop
      vertex 55.879 -5.6 0.9
      vertex 53.9345 -13.8655 0.9
      vertex 54.2924 -14.2736 0.9
    endloop
  endfacet
  facet normal 0 0 1
    outer loop
      vertex 55.879 -5.6 0.9
      vertex 53.5264 -13.5076 0.9
      vertex 53.9345 -13.8655 0.9
    endloop
  endfacet
  facet normal 0 0 1
    outer loop
      vertex 55.879 -5.6 0.9
      vertex 53.075 -13.206 0.9
      vertex 53.5264 -13.5076 0.9
    endloop
  endfacet
  facet normal -0 0 1
    outer loop
      vertex 51 -10.479 0.9
      vertex 53.075 -13.206 0.9
      vertex 55.879 -5.6 0.9
    endloop
  endfacet
  facet normal 0 0 1
    outer loop
      vertex 53.075 -13.206 0.9
      vertex 51 -10.479 0.9
      vertex 52.5881 -12.9659 0.9
    endloop
  endfacet
  facet normal 0 0 1
    outer loop
      vertex 52.5881 -12.9659 0.9
      vertex 51 -10.479 0.9
      vertex 52.0741 -12.7914 0.9
    endloop
  endfacet
  facet normal 0 0 1
    outer loop
      vertex 52.0741 -12.7914 0.9
      vertex 51 -10.479 0.9
      vertex 51.5417 -12.6855 0.9
    endloop
  endfacet
  facet normal 0 0 1
    outer loop
      vertex 51 -10.479 0.9
      vertex 51 -12.65 0.9
      vertex 51.5417 -12.6855 0.9
    endloop
  endfacet
  facet normal 0 0 1
    outer loop
      vertex 51 -10.479 0.9
      vertex 50.4583 -12.6855 0.9
      vertex 51 -12.65 0.9
    endloop
  endfacet
  facet normal 0 0 1
    outer loop
      vertex 51 -10.479 0.9
      vertex 49.9259 -12.7914 0.9
      vertex 50.4583 -12.6855 0.9
    endloop
  endfacet
  facet normal 0 0 1
    outer loop
      vertex 51 -10.479 0.9
      vertex 49.4119 -12.9659 0.9
      vertex 49.9259 -12.7914 0.9
    endloop
  endfacet
  facet normal 0 0 1
    outer loop
      vertex 51 -10.479 0.9
      vertex 48.925 -13.206 0.9
      vertex 49.4119 -12.9659 0.9
    endloop
  endfacet
  facet normal 0 0 1
    outer loop
      vertex 46.121 -5.6 0.9
      vertex 48.925 -13.206 0.9
      vertex 51 -10.479 0.9
    endloop
  endfacet
  facet normal 0 0 1
    outer loop
      vertex 48.925 -13.206 0.9
      vertex 46.121 -5.6 0.9
      vertex 48.4736 -13.5076 0.9
    endloop
  endfacet
  facet normal 0 0 1
    outer loop
      vertex 48.4736 -13.5076 0.9
      vertex 46.121 -5.6 0.9
      vertex 48.0655 -13.8655 0.9
    endloop
  endfacet
  facet normal 0 0 1
    outer loop
      vertex 47.1895 -30.2 0.9
      vertex 45.2 -34.8 0.9
      vertex 46.6 -34.8 0.9
    endloop
  endfacet
  facet normal 0 0 1
    outer loop
      vertex 46.9914 4.5259 0.9
      vertex 34.9 1.3 0.9
      vertex 47.1659 4.01186 0.9
    endloop
  endfacet
  facet normal 0 0 1
    outer loop
      vertex 46.9914 -15.7259 0.9
      vertex 35.479 -28 0.9
      vertex 46.8855 -16.2583 0.9
    endloop
  endfacet
  facet normal 0 0 1
    outer loop
      vertex 35.479 -28 0.9
      vertex 46.9914 -15.7259 0.9
      vertex 46.121 -5.6 0.9
    endloop
  endfacet
  facet normal 0 0 1
    outer loop
      vertex 47.1659 -15.2119 0.9
      vertex 46.121 -5.6 0.9
      vertex 46.9914 -15.7259 0.9
    endloop
  endfacet
  facet normal 0 0 1
    outer loop
      vertex 47.406 -14.725 0.9
      vertex 46.121 -5.6 0.9
      vertex 47.1659 -15.2119 0.9
    endloop
  endfacet
  facet normal 0 0 1
    outer loop
      vertex 47.7076 -14.2736 0.9
      vertex 46.121 -5.6 0.9
      vertex 47.406 -14.725 0.9
    endloop
  endfacet
  facet normal 0 0 1
    outer loop
      vertex 48.0655 -13.8655 0.9
      vertex 46.121 -5.6 0.9
      vertex 47.7076 -14.2736 0.9
    endloop
  endfacet
  facet normal 0 0 1
    outer loop
      vertex 61.7 32.6 0.9
      vertex 56.9 32.3 0.9
      vertex 61.7 32.3 0.9
    endloop
  endfacet
  facet normal -0 0 1
    outer loop
      vertex 54.8105 25.8 0.9
      vertex 56.9 23.7 0.9
      vertex 56.9 32.3 0.9
    endloop
  endfacet
  facet normal 0 0 1
    outer loop
      vertex 56.9 23.7 0.9
      vertex 55.879 -5.6 0.9
      vertex 56.9 -23.7 0.9
    endloop
  endfacet
  facet normal -0 0 1
    outer loop
      vertex 55.1145 -16.2583 0.9
      vertex 56.9 -23.7 0.9
      vertex 55.879 -5.6 0.9
    endloop
  endfacet
  facet normal 0 0 1
    outer loop
      vertex 56.9 -32.3 0.9
      vertex 55.4 -34.8 0.9
      vertex 56.8 -34.8 0.9
    endloop
  endfacet
  facet normal 0 0 1
    outer loop
      vertex 56.9 -23.7 0.9
      vertex 55.4 -34.8 0.9
      vertex 56.9 -32.3 0.9
    endloop
  endfacet
  facet normal 0 0 1
    outer loop
      vertex 56.9 23.7 0.9
      vertex 55.15 5.6 0.9
      vertex 55.879 -5.6 0.9
    endloop
  endfacet
  facet normal 0 0 1
    outer loop
      vertex 56.9 23.7 0.9
      vertex 55.1145 6.14168 0.9
      vertex 55.15 5.6 0.9
    endloop
  endfacet
  facet normal 0 0 1
    outer loop
      vertex 56.9 23.7 0.9
      vertex 55.0086 6.6741 0.9
      vertex 55.1145 6.14168 0.9
    endloop
  endfacet
  facet normal -0 0 1
    outer loop
      vertex 47.1895 25.8 0.9
      vertex 56.9 23.7 0.9
      vertex 54.8105 25.8 0.9
    endloop
  endfacet
  facet normal 0 0 1
    outer loop
      vertex 56.9 23.7 0.9
      vertex 54.8341 7.18814 0.9
      vertex 55.0086 6.6741 0.9
    endloop
  endfacet
  facet normal 0 0 1
    outer loop
      vertex 56.9 32.3 0.9
      vertex 51 32.4 0.9
      vertex 54.8105 25.8 0.9
    endloop
  endfacet
  facet normal 0 0 1
    outer loop
      vertex 61.7 32.6 0.9
      vertex 51 32.4 0.9
      vertex 56.9 32.3 0.9
    endloop
  endfacet
  facet normal 0 0 1
    outer loop
      vertex 47.406 7.675 0.9
      vertex 44.6105 14.6 0.9
      vertex 47.1659 7.18814 0.9
    endloop
  endfacet
  facet normal 0 0 1
    outer loop
      vertex 34.9 9.9 0.9
      vertex 44.6105 14.6 0.9
      vertex 36.9895 14.6 0.9
    endloop
  endfacet
  facet normal 0 0 1
    outer loop
      vertex 44.6105 14.6 0.9
      vertex 34.9 9.9 0.9
      vertex 47.1659 7.18814 0.9
    endloop
  endfacet
  facet normal 0 0 1
    outer loop
      vertex 47.1659 7.18814 0.9
      vertex 34.9 9.9 0.9
      vertex 46.9914 6.6741 0.9
    endloop
  endfacet
  facet normal 0 0 1
    outer loop
      vertex 46.85 5.6 0.9
      vertex 34.9 1.3 0.9
      vertex 46.8855 5.05832 0.9
    endloop
  endfacet
  facet normal 0 0 1
    outer loop
      vertex 46.9914 6.6741 0.9
      vertex 34.9 9.9 0.9
      vertex 46.8855 6.14168 0.9
    endloop
  endfacet
  facet normal 0 0 1
    outer loop
      vertex 47.1895 25.8 0.9
      vertex 40.8 21.2 0.9
      vertex 44.6105 14.6 0.9
    endloop
  endfacet
  facet normal -0 0 1
    outer loop
      vertex 35.479 28 0.9
      vertex 47.1895 25.8 0.9
      vertex 51 32.4 0.9
    endloop
  endfacet
  facet normal 0 0 1
    outer loop
      vertex 45.2 -34.8 0.9
      vertex 35.479 -28 0.9
      vertex 36.4 -34.8 0.9
    endloop
  endfacet
  facet normal 0 -0 1
    outer loop
      vertex 34.6086 17.8741 0.9
      vertex 40.8 21.2 0.9
      vertex 34.4341 18.3881 0.9
    endloop
  endfacet
  facet normal 0 0 1
    outer loop
      vertex 34.4341 18.3881 0.9
      vertex 40.8 21.2 0.9
      vertex 35.479 28 0.9
    endloop
  endfacet
  facet normal 0 0 1
    outer loop
      vertex 47.1895 25.8 0.9
      vertex 35.479 28 0.9
      vertex 40.8 21.2 0.9
    endloop
  endfacet
  facet normal 0 0 1
    outer loop
      vertex 51 32.4 0.9
      vertex 30.879 32.6 0.9
      vertex 35.479 28 0.9
    endloop
  endfacet
  facet normal -0 0 1
    outer loop
      vertex 30.879 32.6 0.9
      vertex 51 32.4 0.9
      vertex 61.7 32.6 0.9
    endloop
  endfacet
  facet normal -0 0 1
    outer loop
      vertex 56.9 -32.3 0.9
      vertex 61.7 -34.8 0.9
      vertex 61.7 -32.3 0.9
    endloop
  endfacet
  facet normal 0 0 1
    outer loop
      vertex 61.7 -34.8 0.9
      vertex 56.9 -32.3 0.9
      vertex 56.8 -34.8 0.9
    endloop
  endfacet
  facet normal 0 0 1
    outer loop
      vertex 61.7 23.7 0.9
      vertex 61.2 20.95 0.9
      vertex 61.7 20.9172 0.9
    endloop
  endfacet
  facet normal 0 0 1
    outer loop
      vertex 61.7 23.7 0.9
      vertex 60.6583 20.9145 0.9
      vertex 61.2 20.95 0.9
    endloop
  endfacet
  facet normal 0 0 1
    outer loop
      vertex 61.7 23.7 0.9
      vertex 60.1259 20.8086 0.9
      vertex 60.6583 20.9145 0.9
    endloop
  endfacet
  facet normal -0 0 1
    outer loop
      vertex 56.9 23.7 0.9
      vertex 60.1259 20.8086 0.9
      vertex 61.7 23.7 0.9
    endloop
  endfacet
  facet normal 0 0 1
    outer loop
      vertex 60.1259 20.8086 0.9
      vertex 56.9 23.7 0.9
      vertex 59.6119 20.6341 0.9
    endloop
  endfacet
  facet normal 0 0 1
    outer loop
      vertex 59.6119 20.6341 0.9
      vertex 56.9 23.7 0.9
      vertex 59.125 20.394 0.9
    endloop
  endfacet
  facet normal 0 0 1
    outer loop
      vertex 59.125 20.394 0.9
      vertex 56.9 23.7 0.9
      vertex 58.6736 20.0924 0.9
    endloop
  endfacet
  facet normal 0 0 1
    outer loop
      vertex 58.6736 20.0924 0.9
      vertex 56.9 23.7 0.9
      vertex 58.2655 19.7345 0.9
    endloop
  endfacet
  facet normal 0 0 1
    outer loop
      vertex 57.0855 17.3417 0.9
      vertex 56.9 23.7 0.9
      vertex 57.05 16.8 0.9
    endloop
  endfacet
  facet normal 0 0 1
    outer loop
      vertex 57.1914 17.8741 0.9
      vertex 56.9 23.7 0.9
      vertex 57.0855 17.3417 0.9
    endloop
  endfacet
  facet normal 0 0 1
    outer loop
      vertex 57.3659 18.3881 0.9
      vertex 56.9 23.7 0.9
      vertex 57.1914 17.8741 0.9
    endloop
  endfacet
  facet normal 0 0 1
    outer loop
      vertex 57.606 18.875 0.9
      vertex 56.9 23.7 0.9
      vertex 57.3659 18.3881 0.9
    endloop
  endfacet
  facet normal 0 0 1
    outer loop
      vertex 57.9076 19.3264 0.9
      vertex 56.9 23.7 0.9
      vertex 57.606 18.875 0.9
    endloop
  endfacet
  facet normal 0 0 1
    outer loop
      vertex 58.2655 19.7345 0.9
      vertex 56.9 23.7 0.9
      vertex 57.9076 19.3264 0.9
    endloop
  endfacet
  facet normal 0 0 1
    outer loop
      vertex 61.2 -12.4 0.9
      vertex 61.7 12.6828 0.9
      vertex 61.2 12.65 0.9
    endloop
  endfacet
  facet normal 0 0 1
    outer loop
      vertex 61.7 12.6828 0.9
      vertex 61.2 -12.4 0.9
      vertex 61.7 -13.266 0.9
    endloop
  endfacet
  facet normal 0 0 1
    outer loop
      vertex 60.6583 12.6855 0.9
      vertex 61.2 -12.4 0.9
      vertex 61.2 12.65 0.9
    endloop
  endfacet
  facet normal 0 0 1
    outer loop
      vertex 60.1259 12.7914 0.9
      vertex 61.2 -12.4 0.9
      vertex 60.6583 12.6855 0.9
    endloop
  endfacet
  facet normal 0 0 1
    outer loop
      vertex 59.6119 12.9659 0.9
      vertex 61.2 -12.4 0.9
      vertex 60.1259 12.7914 0.9
    endloop
  endfacet
  facet normal 0 0 1
    outer loop
      vertex 59.125 13.206 0.9
      vertex 61.2 -12.4 0.9
      vertex 59.6119 12.9659 0.9
    endloop
  endfacet
  facet normal 0 0 1
    outer loop
      vertex 58.6736 13.5076 0.9
      vertex 61.2 -12.4 0.9
      vertex 59.125 13.206 0.9
    endloop
  endfacet
  facet normal 0 0 1
    outer loop
      vertex 58.2655 13.8655 0.9
      vertex 61.2 -12.4 0.9
      vertex 58.6736 13.5076 0.9
    endloop
  endfacet
  facet normal 0 0 1
    outer loop
      vertex 57.9076 14.2736 0.9
      vertex 61.2 -12.4 0.9
      vertex 58.2655 13.8655 0.9
    endloop
  endfacet
  facet normal 0 0 1
    outer loop
      vertex 57.3895 -19 0.9
      vertex 57.9076 14.2736 0.9
      vertex 57.606 14.725 0.9
    endloop
  endfacet
  facet normal 0 0 1
    outer loop
      vertex 57.9076 14.2736 0.9
      vertex 57.3895 -19 0.9
      vertex 61.2 -12.4 0.9
    endloop
  endfacet
  facet normal 0 -0 1
    outer loop
      vertex 57.3895 -19 0.9
      vertex 57.606 14.725 0.9
      vertex 57.3659 15.2119 0.9
    endloop
  endfacet
  facet normal -0 0 1
    outer loop
      vertex 57.3895 -19 0.9
      vertex 61.7 -23.7 0.9
      vertex 61.7 -19 0.9
    endloop
  endfacet
  facet normal 0 0 1
    outer loop
      vertex 57.1914 15.7259 0.9
      vertex 57.3895 -19 0.9
      vertex 57.3659 15.2119 0.9
    endloop
  endfacet
  facet normal 0 0 1
    outer loop
      vertex 57.0855 16.2583 0.9
      vertex 57.3895 -19 0.9
      vertex 57.1914 15.7259 0.9
    endloop
  endfacet
  facet normal 0 0 1
    outer loop
      vertex 56.9 -23.7 0.9
      vertex 57.0855 16.2583 0.9
      vertex 57.05 16.8 0.9
    endloop
  endfacet
  facet normal 0 0 1
    outer loop
      vertex 56.9 -23.7 0.9
      vertex 57.05 16.8 0.9
      vertex 56.9 23.7 0.9
    endloop
  endfacet
  facet normal 0 0 1
    outer loop
      vertex 57.3895 -19 0.9
      vertex 56.9 -23.7 0.9
      vertex 61.7 -23.7 0.9
    endloop
  endfacet
  facet normal 0 0 1
    outer loop
      vertex 57.0855 16.2583 0.9
      vertex 56.9 -23.7 0.9
      vertex 57.3895 -19 0.9
    endloop
  endfacet
  facet normal 0 0 1
    outer loop
      vertex 74.2 47.15 0.9
      vertex 68.7 35.15 0.9
      vertex 74.2 -47.15 0.9
    endloop
  endfacet
  facet normal 0 0 1
    outer loop
      vertex 74.2 47.15 0.9
      vertex 65 45.2 0.9
      vertex 68.7 35.15 0.9
    endloop
  endfacet
  facet normal 0 0 1
    outer loop
      vertex 74.2 47.15 0.9
      vertex -65 45.2 0.9
      vertex 65 45.2 0.9
    endloop
  endfacet
  facet normal -0 0 1
    outer loop
      vertex -66.3 33.9 0.9
      vertex -65 32.6 0.9
      vertex -65 45.2 0.9
    endloop
  endfacet
  facet normal 0 0 1
    outer loop
      vertex -76.5 33.9 0.9
      vertex -65.5 23.7 0.9
      vertex -65.5 32.3 0.9
    endloop
  endfacet
  facet normal 0 0 1
    outer loop
      vertex -80.2 -47.15 0.9
      vertex -65.0105 -19 0.9
      vertex -76.5 33.9 0.9
    endloop
  endfacet
  facet normal 0 0 1
    outer loop
      vertex -65.0105 -19 0.9
      vertex -80.2 -47.15 0.9
      vertex -65.5 -23.7 0.9
    endloop
  endfacet
  facet normal -0 0 1
    outer loop
      vertex -76.5 33.9 0.9
      vertex -65.5 32.3 0.9
      vertex -66.3 33.9 0.9
    endloop
  endfacet
  facet normal 0 0 1
    outer loop
      vertex -65 32.6 0.9
      vertex -66.3 33.9 0.9
      vertex -65.5 32.3 0.9
    endloop
  endfacet
  facet normal 0 0 1
    outer loop
      vertex -66.3 33.9 0.9
      vertex -65 45.2 0.9
      vertex -66.3 44.5 0.9
    endloop
  endfacet
  facet normal 0 0 1
    outer loop
      vertex -65 45.2 0.9
      vertex -76.5 44.5 0.9
      vertex -66.3 44.5 0.9
    endloop
  endfacet
  facet normal 0 0 1
    outer loop
      vertex -76.5 44.5 0.9
      vertex -80.2 47.15 0.9
      vertex -76.5 33.9 0.9
    endloop
  endfacet
  facet normal 0 0 1
    outer loop
      vertex -65 45.2 0.9
      vertex -80.2 47.15 0.9
      vertex -76.5 44.5 0.9
    endloop
  endfacet
  facet normal -0 0 1
    outer loop
      vertex -80.2 47.15 0.9
      vertex -65 45.2 0.9
      vertex 74.2 47.15 0.9
    endloop
  endfacet
  facet normal -0 0 1
    outer loop
      vertex 68.7 -35.15 0.9
      vertex 74.2 -47.15 0.9
      vertex 68.7 35.15 0.9
    endloop
  endfacet
  facet normal 0 0 1
    outer loop
      vertex 65.6 -42.2 0.9
      vertex 68.7 -35.15 0.9
      vertex 65.6 -35.15 0.9
    endloop
  endfacet
  facet normal 0 0 1
    outer loop
      vertex 68.7 -35.15 0.9
      vertex 65.6 -42.2 0.9
      vertex 74.2 -47.15 0.9
    endloop
  endfacet
  facet normal -0 0 1
    outer loop
      vertex 56.8 -42.2 0.9
      vertex 74.2 -47.15 0.9
      vertex 65.6 -42.2 0.9
    endloop
  endfacet
  facet normal 0 0 1
    outer loop
      vertex 56.8 -34.8 0.9
      vertex 55.4 -34.8 0.9
      vertex 56.8 -42.2 0.9
    endloop
  endfacet
  facet normal 0 0 1
    outer loop
      vertex 55.4 -42.2 0.9
      vertex 56.8 -42.2 0.9
      vertex 55.4 -34.8 0.9
    endloop
  endfacet
  facet normal -0 0 1
    outer loop
      vertex 55.4 -42.2 0.9
      vertex 74.2 -47.15 0.9
      vertex 56.8 -42.2 0.9
    endloop
  endfacet
  facet normal -0 0 1
    outer loop
      vertex 46.6 -42.2 0.9
      vertex 74.2 -47.15 0.9
      vertex 55.4 -42.2 0.9
    endloop
  endfacet
  facet normal 0 0 1
    outer loop
      vertex 46.6 -34.8 0.9
      vertex 45.2 -34.8 0.9
      vertex 46.6 -42.2 0.9
    endloop
  endfacet
  facet normal 0 0 1
    outer loop
      vertex 45.2 -42.2 0.9
      vertex 46.6 -42.2 0.9
      vertex 45.2 -34.8 0.9
    endloop
  endfacet
  facet normal -0 0 1
    outer loop
      vertex 45.2 -42.2 0.9
      vertex 74.2 -47.15 0.9
      vertex 46.6 -42.2 0.9
    endloop
  endfacet
  facet normal -0 0 1
    outer loop
      vertex 36.4 -42.2 0.9
      vertex 74.2 -47.15 0.9
      vertex 45.2 -42.2 0.9
    endloop
  endfacet
  facet normal 0 0 1
    outer loop
      vertex 35 -34.8 0.9
      vertex 36.4 -34.8 0.9
      vertex 35.479 -28 0.9
    endloop
  endfacet
  facet normal 0 0 1
    outer loop
      vertex 36.4 -34.8 0.9
      vertex 35 -34.8 0.9
      vertex 36.4 -42.2 0.9
    endloop
  endfacet
  facet normal 0 0 1
    outer loop
      vertex 35 -42.2 0.9
      vertex 36.4 -42.2 0.9
      vertex 35 -34.8 0.9
    endloop
  endfacet
  facet normal -0 0 1
    outer loop
      vertex 35 -42.2 0.9
      vertex 74.2 -47.15 0.9
      vertex 36.4 -42.2 0.9
    endloop
  endfacet
  facet normal -0 0 1
    outer loop
      vertex 26.2 -42.2 0.9
      vertex 74.2 -47.15 0.9
      vertex 35 -42.2 0.9
    endloop
  endfacet
  facet normal 0 0 1
    outer loop
      vertex 26.2 -34.8 0.9
      vertex 24.8 -34.8 0.9
      vertex 26.2 -42.2 0.9
    endloop
  endfacet
  facet normal 0 0 1
    outer loop
      vertex 24.8 -42.2 0.9
      vertex 26.2 -42.2 0.9
      vertex 24.8 -34.8 0.9
    endloop
  endfacet
  facet normal -0 0 1
    outer loop
      vertex 24.8 -42.2 0.9
      vertex 74.2 -47.15 0.9
      vertex 26.2 -42.2 0.9
    endloop
  endfacet
  facet normal -0 0 1
    outer loop
      vertex 16 -42.2 0.9
      vertex 74.2 -47.15 0.9
      vertex 24.8 -42.2 0.9
    endloop
  endfacet
  facet normal 0 0 1
    outer loop
      vertex 14.6 -42.2 0.9
      vertex 16 -42.2 0.9
      vertex 14.6 -34.8 0.9
    endloop
  endfacet
  facet normal -0 0 1
    outer loop
      vertex 14.6 -42.2 0.9
      vertex 74.2 -47.15 0.9
      vertex 16 -42.2 0.9
    endloop
  endfacet
  facet normal -0 0 1
    outer loop
      vertex 5.8 -42.2 0.9
      vertex 74.2 -47.15 0.9
      vertex 14.6 -42.2 0.9
    endloop
  endfacet
  facet normal 0 0 1
    outer loop
      vertex 5.8 -34.8 0.9
      vertex 4.4 -34.8 0.9
      vertex 5.8 -42.2 0.9
    endloop
  endfacet
  facet normal 0 0 1
    outer loop
      vertex 4.4 -42.2 0.9
      vertex 5.8 -42.2 0.9
      vertex 4.4 -34.8 0.9
    endloop
  endfacet
  facet normal -0 0 1
    outer loop
      vertex 4.4 -42.2 0.9
      vertex 74.2 -47.15 0.9
      vertex 5.8 -42.2 0.9
    endloop
  endfacet
  facet normal -0 0 1
    outer loop
      vertex -4.4 -42.2 0.9
      vertex 74.2 -47.15 0.9
      vertex 4.4 -42.2 0.9
    endloop
  endfacet
  facet normal 0 0 1
    outer loop
      vertex -4.4 -34.8 0.9
      vertex -5.8 -34.8 0.9
      vertex -4.4 -42.2 0.9
    endloop
  endfacet
  facet normal 0 0 1
    outer loop
      vertex -5.8 -42.2 0.9
      vertex -4.4 -42.2 0.9
      vertex -5.8 -34.8 0.9
    endloop
  endfacet
  facet normal -0 0 1
    outer loop
      vertex -5.8 -42.2 0.9
      vertex 74.2 -47.15 0.9
      vertex -4.4 -42.2 0.9
    endloop
  endfacet
  facet normal 0 0 1
    outer loop
      vertex -80.2 -47.15 0.9
      vertex -5.8 -42.2 0.9
      vertex -14.6 -42.2 0.9
    endloop
  endfacet
  facet normal 0 0 1
    outer loop
      vertex -14.6 -34.8 0.9
      vertex -16 -34.8 0.9
      vertex -14.6 -42.2 0.9
    endloop
  endfacet
  facet normal 0 0 1
    outer loop
      vertex -16 -42.2 0.9
      vertex -14.6 -42.2 0.9
      vertex -16 -34.8 0.9
    endloop
  endfacet
  facet normal 0 0 1
    outer loop
      vertex -80.2 -47.15 0.9
      vertex -14.6 -42.2 0.9
      vertex -16 -42.2 0.9
    endloop
  endfacet
  facet normal 0 0 1
    outer loop
      vertex -80.2 -47.15 0.9
      vertex -16 -42.2 0.9
      vertex -24.8 -42.2 0.9
    endloop
  endfacet
  facet normal 0 0 1
    outer loop
      vertex -24.8 -34.8 0.9
      vertex -26.2 -34.8 0.9
      vertex -24.8 -42.2 0.9
    endloop
  endfacet
  facet normal 0 0 1
    outer loop
      vertex -26.2 -42.2 0.9
      vertex -24.8 -42.2 0.9
      vertex -26.2 -34.8 0.9
    endloop
  endfacet
  facet normal 0 0 1
    outer loop
      vertex -80.2 -47.15 0.9
      vertex -24.8 -42.2 0.9
      vertex -26.2 -42.2 0.9
    endloop
  endfacet
  facet normal 0 0 1
    outer loop
      vertex -80.2 -47.15 0.9
      vertex -26.2 -42.2 0.9
      vertex -35 -42.2 0.9
    endloop
  endfacet
  facet normal 0 0 1
    outer loop
      vertex -35 -34.8 0.9
      vertex -36.4 -34.8 0.9
      vertex -35 -42.2 0.9
    endloop
  endfacet
  facet normal 0 0 1
    outer loop
      vertex -36.4 -42.2 0.9
      vertex -35 -42.2 0.9
      vertex -36.4 -34.8 0.9
    endloop
  endfacet
  facet normal 0 0 1
    outer loop
      vertex -80.2 -47.15 0.9
      vertex -35 -42.2 0.9
      vertex -36.4 -42.2 0.9
    endloop
  endfacet
  facet normal 0 0 1
    outer loop
      vertex -80.2 -47.15 0.9
      vertex -36.4 -42.2 0.9
      vertex -45.2 -42.2 0.9
    endloop
  endfacet
  facet normal 0 0 1
    outer loop
      vertex -44.95 -16.8 0.9
      vertex -46.6 -34.8 0.9
      vertex -45.2 -34.8 0.9
    endloop
  endfacet
  facet normal 0 0 1
    outer loop
      vertex -46.6 -42.2 0.9
      vertex -45.2 -42.2 0.9
      vertex -46.6 -34.8 0.9
    endloop
  endfacet
  facet normal 0 0 1
    outer loop
      vertex -80.2 -47.15 0.9
      vertex -45.2 -42.2 0.9
      vertex -46.6 -42.2 0.9
    endloop
  endfacet
  facet normal 0 0 1
    outer loop
      vertex -80.2 -47.15 0.9
      vertex -46.6 -42.2 0.9
      vertex -55.4 -42.2 0.9
    endloop
  endfacet
  facet normal 0 0 1
    outer loop
      vertex -56.8 -42.2 0.9
      vertex -55.4 -42.2 0.9
      vertex -56.8 -34.8 0.9
    endloop
  endfacet
  facet normal 0 0 1
    outer loop
      vertex -80.2 -47.15 0.9
      vertex -55.4 -42.2 0.9
      vertex -56.8 -42.2 0.9
    endloop
  endfacet
  facet normal 0 0 1
    outer loop
      vertex -80.2 -47.15 0.9
      vertex -56.8 -42.2 0.9
      vertex -65.6 -42.2 0.9
    endloop
  endfacet
  facet normal 0 0 1
    outer loop
      vertex -65.5 -23.7 0.9
      vertex -80.2 -47.15 0.9
      vertex -65.5 -32.3 0.9
    endloop
  endfacet
  facet normal 0 0 1
    outer loop
      vertex -65.5 -32.3 0.9
      vertex -80.2 -47.15 0.9
      vertex -65.6 -34.8 0.9
    endloop
  endfacet
  facet normal 0 0 1
    outer loop
      vertex -80.2 -47.15 0.9
      vertex -76.5 33.9 0.9
      vertex -80.2 47.15 0.9
    endloop
  endfacet
  facet normal 0 0 1
    outer loop
      vertex -5.8 -42.2 0.9
      vertex -80.2 -47.15 0.9
      vertex 74.2 -47.15 0.9
    endloop
  endfacet
  facet normal 0 0 1
    outer loop
      vertex -65.6 -34.8 0.9
      vertex -80.2 -47.15 0.9
      vertex -65.6 -42.2 0.9
    endloop
  endfacet
  facet normal 0 0 1
    outer loop
      vertex 68.7 35.15 0.9
      vertex 65 45.2 0.9
      vertex 65 35.15 0.9
    endloop
  endfacet
  facet normal -0 0 1
    outer loop
      vertex 55.1145 5.05832 0.9
      vertex 55.879 -5.6 0.9
      vertex 55.15 5.6 0.9
    endloop
  endfacet
  facet normal -0 0 1
    outer loop
      vertex 55.0086 4.5259 0.9
      vertex 55.879 -5.6 0.9
      vertex 55.1145 5.05832 0.9
    endloop
  endfacet
  facet normal -0 0 1
    outer loop
      vertex 54.8341 4.01186 0.9
      vertex 55.879 -5.6 0.9
      vertex 55.0086 4.5259 0.9
    endloop
  endfacet
  facet normal -0 0 1
    outer loop
      vertex 54.594 3.525 0.9
      vertex 55.879 -5.6 0.9
      vertex 54.8341 4.01186 0.9
    endloop
  endfacet
  facet normal -0 0 1
    outer loop
      vertex 54.2924 3.07364 0.9
      vertex 55.879 -5.6 0.9
      vertex 54.594 3.525 0.9
    endloop
  endfacet
  facet normal -0 0 1
    outer loop
      vertex 53.9345 2.66551 0.9
      vertex 55.879 -5.6 0.9
      vertex 54.2924 3.07364 0.9
    endloop
  endfacet
  facet normal -0 0 1
    outer loop
      vertex 53.5264 2.30758 0.9
      vertex 55.879 -5.6 0.9
      vertex 53.9345 2.66551 0.9
    endloop
  endfacet
  facet normal -0 0 1
    outer loop
      vertex 53.075 2.00599 0.9
      vertex 55.879 -5.6 0.9
      vertex 53.5264 2.30758 0.9
    endloop
  endfacet
  facet normal 0 0 1
    outer loop
      vertex 51 -0.720963 0.9
      vertex 53.075 2.00599 0.9
      vertex 52.5881 1.7659 0.9
    endloop
  endfacet
  facet normal 0 0 1
    outer loop
      vertex 51 -0.720963 0.9
      vertex 52.5881 1.7659 0.9
      vertex 52.0741 1.59141 0.9
    endloop
  endfacet
  facet normal 0 0 1
    outer loop
      vertex 51 -0.720963 0.9
      vertex 52.0741 1.59141 0.9
      vertex 51.5417 1.4855 0.9
    endloop
  endfacet
  facet normal 0 0 1
    outer loop
      vertex 51 -0.720963 0.9
      vertex 51.5417 1.4855 0.9
      vertex 51 1.45 0.9
    endloop
  endfacet
  facet normal 0 0 1
    outer loop
      vertex 53.075 2.00599 0.9
      vertex 51 -0.720963 0.9
      vertex 55.879 -5.6 0.9
    endloop
  endfacet
  facet normal 0 0 1
    outer loop
      vertex 50.4583 1.4855 0.9
      vertex 51 -0.720963 0.9
      vertex 51 1.45 0.9
    endloop
  endfacet
  facet normal 0 0 1
    outer loop
      vertex 49.9259 1.59141 0.9
      vertex 51 -0.720963 0.9
      vertex 50.4583 1.4855 0.9
    endloop
  endfacet
  facet normal 0 0 1
    outer loop
      vertex 49.4119 1.7659 0.9
      vertex 51 -0.720963 0.9
      vertex 49.9259 1.59141 0.9
    endloop
  endfacet
  facet normal 0 0 1
    outer loop
      vertex 48.925 2.00599 0.9
      vertex 51 -0.720963 0.9
      vertex 49.4119 1.7659 0.9
    endloop
  endfacet
  facet normal 0 0 1
    outer loop
      vertex 46.121 -5.6 0.9
      vertex 48.925 2.00599 0.9
      vertex 48.4736 2.30758 0.9
    endloop
  endfacet
  facet normal 0 0 1
    outer loop
      vertex 46.121 -5.6 0.9
      vertex 48.4736 2.30758 0.9
      vertex 48.0655 2.66551 0.9
    endloop
  endfacet
  facet normal 0 0 1
    outer loop
      vertex 46.121 -5.6 0.9
      vertex 48.0655 2.66551 0.9
      vertex 47.7076 3.07364 0.9
    endloop
  endfacet
  facet normal 0 0 1
    outer loop
      vertex 48.925 2.00599 0.9
      vertex 46.121 -5.6 0.9
      vertex 51 -0.720963 0.9
    endloop
  endfacet
  facet normal 0 0 1
    outer loop
      vertex 47.406 3.525 0.9
      vertex 46.121 -5.6 0.9
      vertex 47.7076 3.07364 0.9
    endloop
  endfacet
  facet normal 0 0 1
    outer loop
      vertex 34.9 1.3 0.9
      vertex 47.406 3.525 0.9
      vertex 47.1659 4.01186 0.9
    endloop
  endfacet
  facet normal 0 0 1
    outer loop
      vertex 46.8855 5.05832 0.9
      vertex 34.9 1.3 0.9
      vertex 46.9914 4.5259 0.9
    endloop
  endfacet
  facet normal 0 0 1
    outer loop
      vertex 34.9 1.3 0.9
      vertex 46.85 5.6 0.9
      vertex 34.9 9.9 0.9
    endloop
  endfacet
  facet normal 0 0 1
    outer loop
      vertex 46.8855 6.14168 0.9
      vertex 34.9 9.9 0.9
      vertex 46.85 5.6 0.9
    endloop
  endfacet
  facet normal -0 0 1
    outer loop
      vertex 55.0086 -17.8741 0.9
      vertex 56.9 -23.7 0.9
      vertex 55.1145 -17.3417 0.9
    endloop
  endfacet
  facet normal -0 0 1
    outer loop
      vertex 54.8341 -18.3881 0.9
      vertex 56.9 -23.7 0.9
      vertex 55.0086 -17.8741 0.9
    endloop
  endfacet
  facet normal -0 0 1
    outer loop
      vertex 54.594 -18.875 0.9
      vertex 56.9 -23.7 0.9
      vertex 54.8341 -18.3881 0.9
    endloop
  endfacet
  facet normal 0 0 1
    outer loop
      vertex 56.9 -23.7 0.9
      vertex 54.8105 -30.2 0.9
      vertex 55.4 -34.8 0.9
    endloop
  endfacet
  facet normal -0 0 1
    outer loop
      vertex 47.1895 -30.2 0.9
      vertex 55.4 -34.8 0.9
      vertex 54.8105 -30.2 0.9
    endloop
  endfacet
  facet normal 0 0 1
    outer loop
      vertex 46.9914 -17.8741 0.9
      vertex 47.1895 -30.2 0.9
      vertex 47.1659 -18.3881 0.9
    endloop
  endfacet
  facet normal 0 0 1
    outer loop
      vertex 45.2 -34.8 0.9
      vertex 46.9914 -17.8741 0.9
      vertex 46.8855 -17.3417 0.9
    endloop
  endfacet
  facet normal 0 0 1
    outer loop
      vertex 45.2 -34.8 0.9
      vertex 46.8855 -17.3417 0.9
      vertex 46.85 -16.8 0.9
    endloop
  endfacet
  facet normal 0 0 1
    outer loop
      vertex 47.1895 -30.2 0.9
      vertex 46.6 -34.8 0.9
      vertex 55.4 -34.8 0.9
    endloop
  endfacet
  facet normal 0 0 1
    outer loop
      vertex 46.9914 -17.8741 0.9
      vertex 45.2 -34.8 0.9
      vertex 47.1895 -30.2 0.9
    endloop
  endfacet
  facet normal 0 0 1
    outer loop
      vertex 56.9 23.7 0.9
      vertex 54.594 7.675 0.9
      vertex 54.8341 7.18814 0.9
    endloop
  endfacet
  facet normal 0 0 1
    outer loop
      vertex 56.9 23.7 0.9
      vertex 54.2924 8.12636 0.9
      vertex 54.594 7.675 0.9
    endloop
  endfacet
  facet normal 0 0 1
    outer loop
      vertex 56.9 23.7 0.9
      vertex 53.9345 8.53449 0.9
      vertex 54.2924 8.12636 0.9
    endloop
  endfacet
  facet normal 0 0 1
    outer loop
      vertex 56.9 23.7 0.9
      vertex 53.5264 8.89242 0.9
      vertex 53.9345 8.53449 0.9
    endloop
  endfacet
  facet normal 0 0 1
    outer loop
      vertex 56.9 23.7 0.9
      vertex 53.075 9.19401 0.9
      vertex 53.5264 8.89242 0.9
    endloop
  endfacet
  facet normal 0 0 1
    outer loop
      vertex 56.9 23.7 0.9
      vertex 52.5881 9.4341 0.9
      vertex 53.075 9.19401 0.9
    endloop
  endfacet
  facet normal 0 0 1
    outer loop
      vertex 56.9 23.7 0.9
      vertex 52.0741 9.60859 0.9
      vertex 52.5881 9.4341 0.9
    endloop
  endfacet
  facet normal 0 0 1
    outer loop
      vertex 56.9 23.7 0.9
      vertex 51.5417 9.7145 0.9
      vertex 52.0741 9.60859 0.9
    endloop
  endfacet
  facet normal 0 0 1
    outer loop
      vertex 56.9 23.7 0.9
      vertex 44.6105 14.6 0.9
      vertex 51.5417 9.7145 0.9
    endloop
  endfacet
  facet normal 0 0 1
    outer loop
      vertex 56.9 23.7 0.9
      vertex 47.1895 25.8 0.9
      vertex 44.6105 14.6 0.9
    endloop
  endfacet
  facet normal 0 0 1
    outer loop
      vertex 51.5417 9.7145 0.9
      vertex 44.6105 14.6 0.9
      vertex 51 9.75 0.9
    endloop
  endfacet
  facet normal 0 0 1
    outer loop
      vertex 51 9.75 0.9
      vertex 44.6105 14.6 0.9
      vertex 50.4583 9.7145 0.9
    endloop
  endfacet
  facet normal 0 0 1
    outer loop
      vertex 50.4583 9.7145 0.9
      vertex 44.6105 14.6 0.9
      vertex 49.9259 9.60859 0.9
    endloop
  endfacet
  facet normal 0 0 1
    outer loop
      vertex 49.9259 9.60859 0.9
      vertex 44.6105 14.6 0.9
      vertex 49.4119 9.4341 0.9
    endloop
  endfacet
  facet normal 0 0 1
    outer loop
      vertex 49.4119 9.4341 0.9
      vertex 44.6105 14.6 0.9
      vertex 48.925 9.19401 0.9
    endloop
  endfacet
  facet normal 0 0 1
    outer loop
      vertex 48.925 9.19401 0.9
      vertex 44.6105 14.6 0.9
      vertex 48.4736 8.89242 0.9
    endloop
  endfacet
  facet normal 0 0 1
    outer loop
      vertex 48.4736 8.89242 0.9
      vertex 44.6105 14.6 0.9
      vertex 48.0655 8.53449 0.9
    endloop
  endfacet
  facet normal 0 0 1
    outer loop
      vertex 48.0655 8.53449 0.9
      vertex 44.6105 14.6 0.9
      vertex 47.7076 8.12636 0.9
    endloop
  endfacet
  facet normal 0 0 1
    outer loop
      vertex 47.7076 8.12636 0.9
      vertex 44.6105 14.6 0.9
      vertex 47.406 7.675 0.9
    endloop
  endfacet
  facet normal 0 -1 0
    outer loop
      vertex -80.2 -48.15 -0.9
      vertex 74.2 -48.15 -0.889999
      vertex -80.2 -48.15 -0.889999
    endloop
  endfacet
  facet normal 0 -1 -0
    outer loop
      vertex 74.2 -48.15 -0.889999
      vertex -80.2 -48.15 -0.9
      vertex 74.2 -48.15 -0.9
    endloop
  endfacet
  facet normal 0 1 -0
    outer loop
      vertex 74.2 48.15 -0.9
      vertex -80.2 48.15 -0.889999
      vertex 74.2 48.15 -0.889999
    endloop
  endfacet
  facet normal 0 1 0
    outer loop
      vertex -80.2 48.15 -0.889999
      vertex 74.2 48.15 -0.9
      vertex -80.2 48.15 -0.9
    endloop
  endfacet
  facet normal 0 0.873004 0.487712
    outer loop
      vertex 74.2 48.15 -0.889999
      vertex -80.2 47.15 0.9
      vertex 74.2 47.15 0.9
    endloop
  endfacet
  facet normal 0 0.873004 0.487712
    outer loop
      vertex -80.2 47.15 0.9
      vertex 74.2 48.15 -0.889999
      vertex -80.2 48.15 -0.889999
    endloop
  endfacet
  facet normal 1 0 0
    outer loop
      vertex 74.2 47.15 0.9
      vertex 74.2 48.15 -0.9
      vertex 74.2 48.15 -0.889999
    endloop
  endfacet
  facet normal 1 -0 0
    outer loop
      vertex 74.2 -47.15 0.9
      vertex 74.2 48.15 -0.9
      vertex 74.2 47.15 0.9
    endloop
  endfacet
  facet normal 1 0 0
    outer loop
      vertex 74.2 -48.15 -0.9
      vertex 74.2 -47.15 0.9
      vertex 74.2 -48.15 -0.889999
    endloop
  endfacet
  facet normal 1 0 0
    outer loop
      vertex 74.2 -47.15 0.9
      vertex 74.2 -48.15 -0.9
      vertex 74.2 48.15 -0.9
    endloop
  endfacet
  facet normal 0 0 -1
    outer loop
      vertex -57.0855 17.3417 -0.9
      vertex -45.679 16.8 -0.9
      vertex -57.05 16.8 -0.9
    endloop
  endfacet
  facet normal 0 0 -1
    outer loop
      vertex -55.1145 5.05832 -0.9
      vertex -57.0855 16.2583 -0.9
      vertex -57.05 16.8 -0.9
    endloop
  endfacet
  facet normal -0 0 -1
    outer loop
      vertex -54.8105 -7.8 -0.9
      vertex -61.2 -12.4 -0.9
      vertex -55.1145 5.05832 -0.9
    endloop
  endfacet
  facet normal 0 0 -1
    outer loop
      vertex -55.1145 5.05832 -0.9
      vertex -57.1914 15.7259 -0.9
      vertex -57.0855 16.2583 -0.9
    endloop
  endfacet
  facet normal 0 0 -1
    outer loop
      vertex -55.1145 5.05832 -0.9
      vertex -57.3659 15.2119 -0.9
      vertex -57.1914 15.7259 -0.9
    endloop
  endfacet
  facet normal 0 0 -1
    outer loop
      vertex -56.9 -23.7 -0.9
      vertex -65.0105 -19 -0.9
      vertex -57.3895 -19 -0.9
    endloop
  endfacet
  facet normal 0 0 -1
    outer loop
      vertex -65.0105 -19 -0.9
      vertex -65.2086 15.7259 -0.9
      vertex -65.0341 15.2119 -0.9
    endloop
  endfacet
  facet normal 0 0 -1
    outer loop
      vertex -65.0105 -19 -0.9
      vertex -65.3145 16.2583 -0.9
      vertex -65.2086 15.7259 -0.9
    endloop
  endfacet
  facet normal 0 0 -1
    outer loop
      vertex -65.5 -23.7 -0.9
      vertex -65.3145 16.2583 -0.9
      vertex -65.0105 -19 -0.9
    endloop
  endfacet
  facet normal -0 0 -1
    outer loop
      vertex -65.3145 16.2583 -0.9
      vertex -65.5 -23.7 -0.9
      vertex -65.35 16.8 -0.9
    endloop
  endfacet
  facet normal 0 0 -1
    outer loop
      vertex -65.5 -23.7 -0.9
      vertex -65.0105 -19 -0.9
      vertex -56.9 -23.7 -0.9
    endloop
  endfacet
  facet normal 0 0 -1
    outer loop
      vertex -56.8 -34.8 -0.9
      vertex -65.5 -32.3 -0.9
      vertex -56.9 -32.3 -0.9
    endloop
  endfacet
  facet normal 0 0 -1
    outer loop
      vertex -80.2 -48.15 -0.9
      vertex -65.5 -23.7 -0.9
      vertex -65.5 -32.3 -0.9
    endloop
  endfacet
  facet normal 0 0 -1
    outer loop
      vertex -65.5 -23.7 -0.9
      vertex -76.5 33.9 -0.9
      vertex -65.5 23.7 -0.9
    endloop
  endfacet
  facet normal 0 0 -1
    outer loop
      vertex -80.2 -48.15 -0.9
      vertex -65.5 -32.3 -0.9
      vertex -65.6 -34.8 -0.9
    endloop
  endfacet
  facet normal 0 0 -1
    outer loop
      vertex -65.6 -34.8 -0.9
      vertex -65.5 -32.3 -0.9
      vertex -56.8 -34.8 -0.9
    endloop
  endfacet
  facet normal 0 0 -1
    outer loop
      vertex -57.1914 17.8741 -0.9
      vertex -45.679 16.8 -0.9
      vertex -57.0855 17.3417 -0.9
    endloop
  endfacet
  facet normal 0 0 -1
    outer loop
      vertex -57.3659 18.3881 -0.9
      vertex -45.679 16.8 -0.9
      vertex -57.1914 17.8741 -0.9
    endloop
  endfacet
  facet normal 0 0 -1
    outer loop
      vertex -45.679 16.8 -0.9
      vertex -57.3659 18.3881 -0.9
      vertex -56.9 23.7 -0.9
    endloop
  endfacet
  facet normal 0 0 -1
    outer loop
      vertex -57.606 18.875 -0.9
      vertex -56.9 23.7 -0.9
      vertex -57.3659 18.3881 -0.9
    endloop
  endfacet
  facet normal 0 0 -1
    outer loop
      vertex -57.9076 19.3264 -0.9
      vertex -56.9 23.7 -0.9
      vertex -57.606 18.875 -0.9
    endloop
  endfacet
  facet normal 0 0 -1
    outer loop
      vertex -58.2655 19.7345 -0.9
      vertex -56.9 23.7 -0.9
      vertex -57.9076 19.3264 -0.9
    endloop
  endfacet
  facet normal 0 0 -1
    outer loop
      vertex -58.6736 20.0924 -0.9
      vertex -56.9 23.7 -0.9
      vertex -58.2655 19.7345 -0.9
    endloop
  endfacet
  facet normal 0 0 -1
    outer loop
      vertex -59.125 20.394 -0.9
      vertex -56.9 23.7 -0.9
      vertex -58.6736 20.0924 -0.9
    endloop
  endfacet
  facet normal 0 0 -1
    outer loop
      vertex -59.6119 20.6341 -0.9
      vertex -56.9 23.7 -0.9
      vertex -59.125 20.394 -0.9
    endloop
  endfacet
  facet normal 0 0 -1
    outer loop
      vertex -60.1259 20.8086 -0.9
      vertex -56.9 23.7 -0.9
      vertex -59.6119 20.6341 -0.9
    endloop
  endfacet
  facet normal 0 0 -1
    outer loop
      vertex -60.6583 20.9145 -0.9
      vertex -56.9 23.7 -0.9
      vertex -60.1259 20.8086 -0.9
    endloop
  endfacet
  facet normal 0 0 -1
    outer loop
      vertex -61.2 20.95 -0.9
      vertex -56.9 23.7 -0.9
      vertex -60.6583 20.9145 -0.9
    endloop
  endfacet
  facet normal 0 0 -1
    outer loop
      vertex -65.5 23.7 -0.9
      vertex -61.2 20.95 -0.9
      vertex -61.7417 20.9145 -0.9
    endloop
  endfacet
  facet normal 0 0 -1
    outer loop
      vertex -65.5 23.7 -0.9
      vertex -61.7417 20.9145 -0.9
      vertex -62.2741 20.8086 -0.9
    endloop
  endfacet
  facet normal 0 0 -1
    outer loop
      vertex -65.5 23.7 -0.9
      vertex -62.2741 20.8086 -0.9
      vertex -62.7881 20.6341 -0.9
    endloop
  endfacet
  facet normal 0 0 -1
    outer loop
      vertex -65.5 23.7 -0.9
      vertex -62.7881 20.6341 -0.9
      vertex -63.275 20.394 -0.9
    endloop
  endfacet
  facet normal 0 0 -1
    outer loop
      vertex -61.2 20.95 -0.9
      vertex -65.5 23.7 -0.9
      vertex -56.9 23.7 -0.9
    endloop
  endfacet
  facet normal 0 0 -1
    outer loop
      vertex -63.7264 20.0924 -0.9
      vertex -65.5 23.7 -0.9
      vertex -63.275 20.394 -0.9
    endloop
  endfacet
  facet normal 0 0 -1
    outer loop
      vertex -64.1345 19.7345 -0.9
      vertex -65.5 23.7 -0.9
      vertex -63.7264 20.0924 -0.9
    endloop
  endfacet
  facet normal 0 0 -1
    outer loop
      vertex -64.4924 19.3264 -0.9
      vertex -65.5 23.7 -0.9
      vertex -64.1345 19.7345 -0.9
    endloop
  endfacet
  facet normal 0 0 -1
    outer loop
      vertex -64.794 18.875 -0.9
      vertex -65.5 23.7 -0.9
      vertex -64.4924 19.3264 -0.9
    endloop
  endfacet
  facet normal 0 0 -1
    outer loop
      vertex -65.0341 18.3881 -0.9
      vertex -65.5 23.7 -0.9
      vertex -64.794 18.875 -0.9
    endloop
  endfacet
  facet normal 0 0 -1
    outer loop
      vertex -65.2086 17.8741 -0.9
      vertex -65.5 23.7 -0.9
      vertex -65.0341 18.3881 -0.9
    endloop
  endfacet
  facet normal 0 0 -1
    outer loop
      vertex -65.3145 17.3417 -0.9
      vertex -65.5 23.7 -0.9
      vertex -65.2086 17.8741 -0.9
    endloop
  endfacet
  facet normal 0 0 -1
    outer loop
      vertex -65.35 16.8 -0.9
      vertex -65.5 23.7 -0.9
      vertex -65.3145 17.3417 -0.9
    endloop
  endfacet
  facet normal 0 0 -1
    outer loop
      vertex -65.5 23.7 -0.9
      vertex -65.35 16.8 -0.9
      vertex -65.5 -23.7 -0.9
    endloop
  endfacet
  facet normal 0 0 -1
    outer loop
      vertex -55.1145 5.05832 -0.9
      vertex -57.606 14.725 -0.9
      vertex -57.3659 15.2119 -0.9
    endloop
  endfacet
  facet normal 0 0 -1
    outer loop
      vertex -55.1145 5.05832 -0.9
      vertex -57.9076 14.2736 -0.9
      vertex -57.606 14.725 -0.9
    endloop
  endfacet
  facet normal 0 0 -1
    outer loop
      vertex -62.7881 12.9659 -0.9
      vertex -55.1145 5.05832 -0.9
      vertex -61.2 -12.4 -0.9
    endloop
  endfacet
  facet normal 0 0 -1
    outer loop
      vertex -55.1145 5.05832 -0.9
      vertex -58.2655 13.8655 -0.9
      vertex -57.9076 14.2736 -0.9
    endloop
  endfacet
  facet normal 0 0 -1
    outer loop
      vertex -55.1145 5.05832 -0.9
      vertex -58.6736 13.5076 -0.9
      vertex -58.2655 13.8655 -0.9
    endloop
  endfacet
  facet normal 0 0 -1
    outer loop
      vertex -55.1145 5.05832 -0.9
      vertex -59.125 13.206 -0.9
      vertex -58.6736 13.5076 -0.9
    endloop
  endfacet
  facet normal 0 0 -1
    outer loop
      vertex -55.1145 5.05832 -0.9
      vertex -59.6119 12.9659 -0.9
      vertex -59.125 13.206 -0.9
    endloop
  endfacet
  facet normal 0 0 -1
    outer loop
      vertex -55.1145 5.05832 -0.9
      vertex -60.1259 12.7914 -0.9
      vertex -59.6119 12.9659 -0.9
    endloop
  endfacet
  facet normal 0 0 -1
    outer loop
      vertex -55.1145 5.05832 -0.9
      vertex -60.6583 12.6855 -0.9
      vertex -60.1259 12.7914 -0.9
    endloop
  endfacet
  facet normal 0 0 -1
    outer loop
      vertex -55.1145 5.05832 -0.9
      vertex -61.2 12.65 -0.9
      vertex -60.6583 12.6855 -0.9
    endloop
  endfacet
  facet normal 0 0 -1
    outer loop
      vertex -55.1145 5.05832 -0.9
      vertex -61.7417 12.6855 -0.9
      vertex -61.2 12.65 -0.9
    endloop
  endfacet
  facet normal 0 0 -1
    outer loop
      vertex -55.1145 5.05832 -0.9
      vertex -62.2741 12.7914 -0.9
      vertex -61.7417 12.6855 -0.9
    endloop
  endfacet
  facet normal 0 0 -1
    outer loop
      vertex -55.1145 5.05832 -0.9
      vertex -62.7881 12.9659 -0.9
      vertex -62.2741 12.7914 -0.9
    endloop
  endfacet
  facet normal 0 0 -1
    outer loop
      vertex -61.2 -12.4 -0.9
      vertex -63.275 13.206 -0.9
      vertex -62.7881 12.9659 -0.9
    endloop
  endfacet
  facet normal 0 0 -1
    outer loop
      vertex -61.2 -12.4 -0.9
      vertex -63.7264 13.5076 -0.9
      vertex -63.275 13.206 -0.9
    endloop
  endfacet
  facet normal 0 0 -1
    outer loop
      vertex -61.2 -12.4 -0.9
      vertex -64.1345 13.8655 -0.9
      vertex -63.7264 13.5076 -0.9
    endloop
  endfacet
  facet normal 0 0 -1
    outer loop
      vertex -61.2 -12.4 -0.9
      vertex -64.4924 14.2736 -0.9
      vertex -64.1345 13.8655 -0.9
    endloop
  endfacet
  facet normal 0 0 -1
    outer loop
      vertex -65.0105 -19 -0.9
      vertex -64.4924 14.2736 -0.9
      vertex -61.2 -12.4 -0.9
    endloop
  endfacet
  facet normal -0 0 -1
    outer loop
      vertex -64.4924 14.2736 -0.9
      vertex -65.0105 -19 -0.9
      vertex -64.794 14.725 -0.9
    endloop
  endfacet
  facet normal -0 0 -1
    outer loop
      vertex -64.794 14.725 -0.9
      vertex -65.0105 -19 -0.9
      vertex -65.0341 15.2119 -0.9
    endloop
  endfacet
  facet normal 0 0 -1
    outer loop
      vertex -44.6105 3.4 -0.9
      vertex -46.8855 5.05832 -0.9
      vertex -46.85 5.6 -0.9
    endloop
  endfacet
  facet normal 0 0 -1
    outer loop
      vertex -47.406 3.525 -0.9
      vertex -45.1 -9.9 -0.9
      vertex -47.1895 -7.8 -0.9
    endloop
  endfacet
  facet normal 0 0 -1
    outer loop
      vertex -45.1 -9.9 -0.9
      vertex -46.9914 4.5259 -0.9
      vertex -46.8855 5.05832 -0.9
    endloop
  endfacet
  facet normal 0 0 -1
    outer loop
      vertex -45.1 -9.9 -0.9
      vertex -47.1659 4.01186 -0.9
      vertex -46.9914 4.5259 -0.9
    endloop
  endfacet
  facet normal -0 -0 -1
    outer loop
      vertex -47.1895 -7.8 -0.9
      vertex -44.8086 -15.7259 -0.9
      vertex -54.8105 -7.8 -0.9
    endloop
  endfacet
  facet normal 0 0 -1
    outer loop
      vertex -54.8105 -7.8 -0.9
      vertex -55.0086 4.5259 -0.9
      vertex -54.8341 4.01186 -0.9
    endloop
  endfacet
  facet normal 0 0 -1
    outer loop
      vertex -54.8105 -7.8 -0.9
      vertex -55.1145 5.05832 -0.9
      vertex -55.0086 4.5259 -0.9
    endloop
  endfacet
  facet normal -0 0 -1
    outer loop
      vertex -44.8086 -15.7259 -0.9
      vertex -57.3895 -19 -0.9
      vertex -54.8105 -7.8 -0.9
    endloop
  endfacet
  facet normal 0 0 -1
    outer loop
      vertex -44.8086 -15.7259 -0.9
      vertex -47.1895 -7.8 -0.9
      vertex -45.1 -9.9 -0.9
    endloop
  endfacet
  facet normal 0 0 -1
    outer loop
      vertex -56.9 -23.7 -0.9
      vertex -46.6 -34.8 -0.9
      vertex -55.4 -34.8 -0.9
    endloop
  endfacet
  facet normal 0 0 -1
    outer loop
      vertex -45.1 -9.9 -0.9
      vertex -47.406 3.525 -0.9
      vertex -47.1659 4.01186 -0.9
    endloop
  endfacet
  facet normal 0 0 -1
    outer loop
      vertex -47.1895 -7.8 -0.9
      vertex -47.7076 3.07364 -0.9
      vertex -47.406 3.525 -0.9
    endloop
  endfacet
  facet normal 0 0 -1
    outer loop
      vertex -47.1895 -7.8 -0.9
      vertex -48.0655 2.66551 -0.9
      vertex -47.7076 3.07364 -0.9
    endloop
  endfacet
  facet normal 0 0 -1
    outer loop
      vertex -47.1895 -7.8 -0.9
      vertex -48.4736 2.30758 -0.9
      vertex -48.0655 2.66551 -0.9
    endloop
  endfacet
  facet normal 0 0 -1
    outer loop
      vertex -51 -1.2 -0.9
      vertex -48.4736 2.30758 -0.9
      vertex -47.1895 -7.8 -0.9
    endloop
  endfacet
  facet normal 0 0 -1
    outer loop
      vertex -48.4736 2.30758 -0.9
      vertex -51 -1.2 -0.9
      vertex -48.925 2.00599 -0.9
    endloop
  endfacet
  facet normal 0 0 -1
    outer loop
      vertex -48.925 2.00599 -0.9
      vertex -51 -1.2 -0.9
      vertex -49.4119 1.7659 -0.9
    endloop
  endfacet
  facet normal 0 0 -1
    outer loop
      vertex -49.4119 1.7659 -0.9
      vertex -51 -1.2 -0.9
      vertex -49.9259 1.59141 -0.9
    endloop
  endfacet
  facet normal 0 0 -1
    outer loop
      vertex -49.9259 1.59141 -0.9
      vertex -51 -1.2 -0.9
      vertex -50.4583 1.4855 -0.9
    endloop
  endfacet
  facet normal 0 0 -1
    outer loop
      vertex -51 -1.2 -0.9
      vertex -51 1.45 -0.9
      vertex -50.4583 1.4855 -0.9
    endloop
  endfacet
  facet normal 0 0 -1
    outer loop
      vertex -51 -1.2 -0.9
      vertex -51.5417 1.4855 -0.9
      vertex -51 1.45 -0.9
    endloop
  endfacet
  facet normal 0 0 -1
    outer loop
      vertex -51 -1.2 -0.9
      vertex -52.0741 1.59141 -0.9
      vertex -51.5417 1.4855 -0.9
    endloop
  endfacet
  facet normal 0 0 -1
    outer loop
      vertex -51 -1.2 -0.9
      vertex -52.5881 1.7659 -0.9
      vertex -52.0741 1.59141 -0.9
    endloop
  endfacet
  facet normal 0 0 -1
    outer loop
      vertex -51 -1.2 -0.9
      vertex -53.075 2.00599 -0.9
      vertex -52.5881 1.7659 -0.9
    endloop
  endfacet
  facet normal 0 0 -1
    outer loop
      vertex -51 -1.2 -0.9
      vertex -53.5264 2.30758 -0.9
      vertex -53.075 2.00599 -0.9
    endloop
  endfacet
  facet normal 0 0 -1
    outer loop
      vertex -54.8105 -7.8 -0.9
      vertex -53.5264 2.30758 -0.9
      vertex -51 -1.2 -0.9
    endloop
  endfacet
  facet normal -0 0 -1
    outer loop
      vertex -53.5264 2.30758 -0.9
      vertex -54.8105 -7.8 -0.9
      vertex -53.9345 2.66551 -0.9
    endloop
  endfacet
  facet normal -0 0 -1
    outer loop
      vertex -53.9345 2.66551 -0.9
      vertex -54.8105 -7.8 -0.9
      vertex -54.2924 3.07364 -0.9
    endloop
  endfacet
  facet normal 0 0 -1
    outer loop
      vertex -54.8105 -7.8 -0.9
      vertex -54.594 3.525 -0.9
      vertex -54.2924 3.07364 -0.9
    endloop
  endfacet
  facet normal -0 0 -1
    outer loop
      vertex -54.594 3.525 -0.9
      vertex -54.8105 -7.8 -0.9
      vertex -54.8341 4.01186 -0.9
    endloop
  endfacet
  facet normal 0 0 -1
    outer loop
      vertex -36.5 -1.3 -0.9
      vertex -44.6105 3.4 -0.9
      vertex -36.9895 3.4 -0.9
    endloop
  endfacet
  facet normal 0 -0 -1
    outer loop
      vertex -44.6105 3.4 -0.9
      vertex -36.5 -1.3 -0.9
      vertex -45.1 -1.3 -0.9
    endloop
  endfacet
  facet normal -0 0 -1
    outer loop
      vertex -24.55 28 -0.9
      vertex -36.6855 27.4583 -0.9
      vertex -36.65 28 -0.9
    endloop
  endfacet
  facet normal 0 0 -1
    outer loop
      vertex -24.55 28 -0.9
      vertex -36.7914 26.9259 -0.9
      vertex -36.6855 27.4583 -0.9
    endloop
  endfacet
  facet normal 0 0 -1
    outer loop
      vertex -24.55 28 -0.9
      vertex -36.9659 26.4119 -0.9
      vertex -36.7914 26.9259 -0.9
    endloop
  endfacet
  facet normal 0 0 -1
    outer loop
      vertex -24.55 28 -0.9
      vertex -37.206 25.925 -0.9
      vertex -36.9659 26.4119 -0.9
    endloop
  endfacet
  facet normal 0 0 -1
    outer loop
      vertex -35.921 16.8 -0.9
      vertex -37.5076 25.4736 -0.9
      vertex -37.206 25.925 -0.9
    endloop
  endfacet
  facet normal 0 0 -1
    outer loop
      vertex -35.921 16.8 -0.9
      vertex -37.8655 25.0655 -0.9
      vertex -37.5076 25.4736 -0.9
    endloop
  endfacet
  facet normal 0 0 -1
    outer loop
      vertex -35.921 16.8 -0.9
      vertex -38.2736 24.7076 -0.9
      vertex -37.8655 25.0655 -0.9
    endloop
  endfacet
  facet normal 0 0 -1
    outer loop
      vertex -35.921 16.8 -0.9
      vertex -38.725 24.406 -0.9
      vertex -38.2736 24.7076 -0.9
    endloop
  endfacet
  facet normal 0 0 -1
    outer loop
      vertex -40.8 21.679 -0.9
      vertex -38.725 24.406 -0.9
      vertex -35.921 16.8 -0.9
    endloop
  endfacet
  facet normal 0 0 -1
    outer loop
      vertex -38.725 24.406 -0.9
      vertex -40.8 21.679 -0.9
      vertex -39.2119 24.1659 -0.9
    endloop
  endfacet
  facet normal 0 0 -1
    outer loop
      vertex -39.2119 24.1659 -0.9
      vertex -40.8 21.679 -0.9
      vertex -39.7259 23.9914 -0.9
    endloop
  endfacet
  facet normal 0 0 -1
    outer loop
      vertex -39.7259 23.9914 -0.9
      vertex -40.8 21.679 -0.9
      vertex -40.2583 23.8855 -0.9
    endloop
  endfacet
  facet normal 0 0 -1
    outer loop
      vertex -40.8 21.679 -0.9
      vertex -40.8 23.85 -0.9
      vertex -40.2583 23.8855 -0.9
    endloop
  endfacet
  facet normal 0 0 -1
    outer loop
      vertex -40.8 21.679 -0.9
      vertex -41.3417 23.8855 -0.9
      vertex -40.8 23.85 -0.9
    endloop
  endfacet
  facet normal 0 0 -1
    outer loop
      vertex -40.8 21.679 -0.9
      vertex -41.8741 23.9914 -0.9
      vertex -41.3417 23.8855 -0.9
    endloop
  endfacet
  facet normal 0 0 -1
    outer loop
      vertex -40.8 21.679 -0.9
      vertex -42.3881 24.1659 -0.9
      vertex -41.8741 23.9914 -0.9
    endloop
  endfacet
  facet normal 0 0 -1
    outer loop
      vertex -40.8 21.679 -0.9
      vertex -42.875 24.406 -0.9
      vertex -42.3881 24.1659 -0.9
    endloop
  endfacet
  facet normal 0 0 -1
    outer loop
      vertex -45.679 16.8 -0.9
      vertex -42.875 24.406 -0.9
      vertex -40.8 21.679 -0.9
    endloop
  endfacet
  facet normal -0 0 -1
    outer loop
      vertex -42.875 24.406 -0.9
      vertex -45.679 16.8 -0.9
      vertex -43.3264 24.7076 -0.9
    endloop
  endfacet
  facet normal -0 0 -1
    outer loop
      vertex -43.3264 24.7076 -0.9
      vertex -45.679 16.8 -0.9
      vertex -43.7345 25.0655 -0.9
    endloop
  endfacet
  facet normal -0 0 -1
    outer loop
      vertex -44.8086 26.9259 -0.9
      vertex -56.9 23.7 -0.9
      vertex -44.9145 27.4583 -0.9
    endloop
  endfacet
  facet normal -0 0 -1
    outer loop
      vertex -44.6341 26.4119 -0.9
      vertex -56.9 23.7 -0.9
      vertex -44.8086 26.9259 -0.9
    endloop
  endfacet
  facet normal -0 0 -1
    outer loop
      vertex -44.394 25.925 -0.9
      vertex -56.9 23.7 -0.9
      vertex -44.6341 26.4119 -0.9
    endloop
  endfacet
  facet normal 0 0 -1
    outer loop
      vertex -56.9 23.7 -0.9
      vertex -44.394 25.925 -0.9
      vertex -45.679 16.8 -0.9
    endloop
  endfacet
  facet normal -0 0 -1
    outer loop
      vertex -44.0924 25.4736 -0.9
      vertex -45.679 16.8 -0.9
      vertex -44.394 25.925 -0.9
    endloop
  endfacet
  facet normal -0 0 -1
    outer loop
      vertex -43.7345 25.0655 -0.9
      vertex -45.679 16.8 -0.9
      vertex -44.0924 25.4736 -0.9
    endloop
  endfacet
  facet normal 0 0 -1
    outer loop
      vertex -24.2341 -26.4119 -0.9
      vertex -36.9659 -26.4119 -0.9
      vertex -23.994 -25.925 -0.9
    endloop
  endfacet
  facet normal -0 0 -1
    outer loop
      vertex -25.279 -16.8 -0.9
      vertex -36.6855 -17.3417 -0.9
      vertex -36.65 -16.8 -0.9
    endloop
  endfacet
  facet normal 0 0 -1
    outer loop
      vertex -37.206 -25.925 -0.9
      vertex -23.994 -25.925 -0.9
      vertex -36.9659 -26.4119 -0.9
    endloop
  endfacet
  facet normal 0 0 -1
    outer loop
      vertex -25.279 -16.8 -0.9
      vertex -36.7914 -17.8741 -0.9
      vertex -36.6855 -17.3417 -0.9
    endloop
  endfacet
  facet normal 0 0 -1
    outer loop
      vertex -37.206 -18.875 -0.9
      vertex -23.994 -25.925 -0.9
      vertex -37.206 -25.925 -0.9
    endloop
  endfacet
  facet normal 0 0 -1
    outer loop
      vertex -25.279 -16.8 -0.9
      vertex -36.9659 -18.3881 -0.9
      vertex -36.7914 -17.8741 -0.9
    endloop
  endfacet
  facet normal 0 0 -1
    outer loop
      vertex -23.994 -25.925 -0.9
      vertex -37.206 -18.875 -0.9
      vertex -25.279 -16.8 -0.9
    endloop
  endfacet
  facet normal 0 0 -1
    outer loop
      vertex -25.279 -16.8 -0.9
      vertex -37.206 -18.875 -0.9
      vertex -36.9659 -18.3881 -0.9
    endloop
  endfacet
  facet normal 0 0 -1
    outer loop
      vertex -37.5076 -25.4736 -0.9
      vertex -37.206 -18.875 -0.9
      vertex -37.206 -25.925 -0.9
    endloop
  endfacet
  facet normal 0 0 -1
    outer loop
      vertex -37.5076 -25.4736 -0.9
      vertex -37.5076 -19.3264 -0.9
      vertex -37.206 -18.875 -0.9
    endloop
  endfacet
  facet normal 0 0 -1
    outer loop
      vertex -37.8655 -25.0655 -0.9
      vertex -37.5076 -19.3264 -0.9
      vertex -37.5076 -25.4736 -0.9
    endloop
  endfacet
  facet normal 0 0 -1
    outer loop
      vertex -37.8655 -25.0655 -0.9
      vertex -37.8655 -19.7345 -0.9
      vertex -37.5076 -19.3264 -0.9
    endloop
  endfacet
  facet normal 0 0 -1
    outer loop
      vertex -38.2736 -24.7076 -0.9
      vertex -37.8655 -19.7345 -0.9
      vertex -37.8655 -25.0655 -0.9
    endloop
  endfacet
  facet normal 0 0 -1
    outer loop
      vertex -38.2736 -24.7076 -0.9
      vertex -38.2736 -20.0924 -0.9
      vertex -37.8655 -19.7345 -0.9
    endloop
  endfacet
  facet normal 0 0 -1
    outer loop
      vertex -38.725 -24.406 -0.9
      vertex -38.2736 -20.0924 -0.9
      vertex -38.2736 -24.7076 -0.9
    endloop
  endfacet
  facet normal 0 0 -1
    outer loop
      vertex -38.725 -24.406 -0.9
      vertex -38.725 -20.394 -0.9
      vertex -38.2736 -20.0924 -0.9
    endloop
  endfacet
  facet normal 0 0 -1
    outer loop
      vertex -39.2119 -24.1659 -0.9
      vertex -38.725 -20.394 -0.9
      vertex -38.725 -24.406 -0.9
    endloop
  endfacet
  facet normal 0 0 -1
    outer loop
      vertex -39.2119 -24.1659 -0.9
      vertex -39.2119 -20.6341 -0.9
      vertex -38.725 -20.394 -0.9
    endloop
  endfacet
  facet normal 0 0 -1
    outer loop
      vertex -39.7259 -23.9914 -0.9
      vertex -39.2119 -20.6341 -0.9
      vertex -39.2119 -24.1659 -0.9
    endloop
  endfacet
  facet normal 0 0 -1
    outer loop
      vertex -39.7259 -23.9914 -0.9
      vertex -39.7259 -20.8086 -0.9
      vertex -39.2119 -20.6341 -0.9
    endloop
  endfacet
  facet normal 0 0 -1
    outer loop
      vertex -40.2583 -23.8855 -0.9
      vertex -39.7259 -20.8086 -0.9
      vertex -39.7259 -23.9914 -0.9
    endloop
  endfacet
  facet normal 0 0 -1
    outer loop
      vertex -40.2583 -23.8855 -0.9
      vertex -40.2583 -20.9145 -0.9
      vertex -39.7259 -20.8086 -0.9
    endloop
  endfacet
  facet normal 0 0 -1
    outer loop
      vertex -40.8 -23.85 -0.9
      vertex -40.2583 -20.9145 -0.9
      vertex -40.2583 -23.8855 -0.9
    endloop
  endfacet
  facet normal 0 0 -1
    outer loop
      vertex -40.8 -23.85 -0.9
      vertex -40.8 -20.95 -0.9
      vertex -40.2583 -20.9145 -0.9
    endloop
  endfacet
  facet normal 0 0 -1
    outer loop
      vertex -41.3417 -23.8855 -0.9
      vertex -40.8 -20.95 -0.9
      vertex -40.8 -23.85 -0.9
    endloop
  endfacet
  facet normal 0 0 -1
    outer loop
      vertex -41.3417 -23.8855 -0.9
      vertex -41.3417 -20.9145 -0.9
      vertex -40.8 -20.95 -0.9
    endloop
  endfacet
  facet normal 0 0 -1
    outer loop
      vertex -41.8741 -23.9914 -0.9
      vertex -41.3417 -20.9145 -0.9
      vertex -41.3417 -23.8855 -0.9
    endloop
  endfacet
  facet normal 0 0 -1
    outer loop
      vertex -41.8741 -23.9914 -0.9
      vertex -41.8741 -20.8086 -0.9
      vertex -41.3417 -20.9145 -0.9
    endloop
  endfacet
  facet normal 0 0 -1
    outer loop
      vertex -42.3881 -24.1659 -0.9
      vertex -41.8741 -20.8086 -0.9
      vertex -41.8741 -23.9914 -0.9
    endloop
  endfacet
  facet normal 0 0 -1
    outer loop
      vertex -42.3881 -24.1659 -0.9
      vertex -42.3881 -20.6341 -0.9
      vertex -41.8741 -20.8086 -0.9
    endloop
  endfacet
  facet normal 0 0 -1
    outer loop
      vertex -42.875 -24.406 -0.9
      vertex -42.3881 -20.6341 -0.9
      vertex -42.3881 -24.1659 -0.9
    endloop
  endfacet
  facet normal 0 0 -1
    outer loop
      vertex -42.875 -24.406 -0.9
      vertex -42.875 -20.394 -0.9
      vertex -42.3881 -20.6341 -0.9
    endloop
  endfacet
  facet normal 0 0 -1
    outer loop
      vertex -43.3264 -24.7076 -0.9
      vertex -42.875 -20.394 -0.9
      vertex -42.875 -24.406 -0.9
    endloop
  endfacet
  facet normal 0 0 -1
    outer loop
      vertex -43.3264 -24.7076 -0.9
      vertex -43.3264 -20.0924 -0.9
      vertex -42.875 -20.394 -0.9
    endloop
  endfacet
  facet normal 0 0 -1
    outer loop
      vertex -43.7345 -25.0655 -0.9
      vertex -43.3264 -20.0924 -0.9
      vertex -43.3264 -24.7076 -0.9
    endloop
  endfacet
  facet normal 0 0 -1
    outer loop
      vertex -43.7345 -25.0655 -0.9
      vertex -43.7345 -19.7345 -0.9
      vertex -43.3264 -20.0924 -0.9
    endloop
  endfacet
  facet normal 0 0 -1
    outer loop
      vertex -44.0924 -25.4736 -0.9
      vertex -43.7345 -19.7345 -0.9
      vertex -43.7345 -25.0655 -0.9
    endloop
  endfacet
  facet normal 0 0 -1
    outer loop
      vertex -44.0924 -25.4736 -0.9
      vertex -44.0924 -19.3264 -0.9
      vertex -43.7345 -19.7345 -0.9
    endloop
  endfacet
  facet normal 0 0 -1
    outer loop
      vertex -44.394 -25.925 -0.9
      vertex -44.0924 -19.3264 -0.9
      vertex -44.0924 -25.4736 -0.9
    endloop
  endfacet
  facet normal 0 0 -1
    outer loop
      vertex -44.394 -25.925 -0.9
      vertex -44.394 -18.875 -0.9
      vertex -44.0924 -19.3264 -0.9
    endloop
  endfacet
  facet normal 0 0 -1
    outer loop
      vertex -56.9 -23.7 -0.9
      vertex -44.394 -25.925 -0.9
      vertex -44.6341 -26.4119 -0.9
    endloop
  endfacet
  facet normal 0 0 -1
    outer loop
      vertex -44.394 -25.925 -0.9
      vertex -56.9 -23.7 -0.9
      vertex -44.394 -18.875 -0.9
    endloop
  endfacet
  facet normal 0 0 -1
    outer loop
      vertex -56.9 -23.7 -0.9
      vertex -44.6341 -26.4119 -0.9
      vertex -44.8086 -26.9259 -0.9
    endloop
  endfacet
  facet normal -0 0 -1
    outer loop
      vertex -44.394 -18.875 -0.9
      vertex -56.9 -23.7 -0.9
      vertex -44.6341 -18.3881 -0.9
    endloop
  endfacet
  facet normal 0 0 -1
    outer loop
      vertex -56.9 -23.7 -0.9
      vertex -44.8086 -26.9259 -0.9
      vertex -44.9145 -27.4583 -0.9
    endloop
  endfacet
  facet normal 0 0 -1
    outer loop
      vertex -57.3895 -19 -0.9
      vertex -44.6341 -18.3881 -0.9
      vertex -56.9 -23.7 -0.9
    endloop
  endfacet
  facet normal 0 0 -1
    outer loop
      vertex -44.9145 -28.5417 -0.9
      vertex -56.9 -23.7 -0.9
      vertex -44.95 -28 -0.9
    endloop
  endfacet
  facet normal 0 0 -1
    outer loop
      vertex -44.95 -28 -0.9
      vertex -56.9 -23.7 -0.9
      vertex -44.9145 -27.4583 -0.9
    endloop
  endfacet
  facet normal 0 0 -1
    outer loop
      vertex -36.9659 -26.4119 -0.9
      vertex -24.2341 -26.4119 -0.9
      vertex -36.7914 -26.9259 -0.9
    endloop
  endfacet
  facet normal 0 0 -1
    outer loop
      vertex -35 -34.8 -0.9
      vertex -36.6855 -28.5417 -0.9
      vertex -36.65 -28 -0.9
    endloop
  endfacet
  facet normal 0 0 -1
    outer loop
      vertex -35 -34.8 -0.9
      vertex -36.7914 -29.0741 -0.9
      vertex -36.6855 -28.5417 -0.9
    endloop
  endfacet
  facet normal 0 0 -1
    outer loop
      vertex -35 -34.8 -0.9
      vertex -36.9659 -29.5881 -0.9
      vertex -36.7914 -29.0741 -0.9
    endloop
  endfacet
  facet normal 0 0 -1
    outer loop
      vertex -35 -34.8 -0.9
      vertex -37.206 -30.075 -0.9
      vertex -36.9659 -29.5881 -0.9
    endloop
  endfacet
  facet normal 0 0 -1
    outer loop
      vertex -35 -34.8 -0.9
      vertex -37.5076 -30.5264 -0.9
      vertex -37.206 -30.075 -0.9
    endloop
  endfacet
  facet normal 0 0 -1
    outer loop
      vertex -36.4 -34.8 -0.9
      vertex -37.8655 -30.9345 -0.9
      vertex -37.5076 -30.5264 -0.9
    endloop
  endfacet
  facet normal 0 0 -1
    outer loop
      vertex -36.4 -34.8 -0.9
      vertex -38.2736 -31.2924 -0.9
      vertex -37.8655 -30.9345 -0.9
    endloop
  endfacet
  facet normal 0 0 -1
    outer loop
      vertex -36.4 -34.8 -0.9
      vertex -38.725 -31.594 -0.9
      vertex -38.2736 -31.2924 -0.9
    endloop
  endfacet
  facet normal 0 0 -1
    outer loop
      vertex -36.4 -34.8 -0.9
      vertex -39.2119 -31.8341 -0.9
      vertex -38.725 -31.594 -0.9
    endloop
  endfacet
  facet normal 0 0 -1
    outer loop
      vertex -36.4 -34.8 -0.9
      vertex -39.7259 -32.0086 -0.9
      vertex -39.2119 -31.8341 -0.9
    endloop
  endfacet
  facet normal 0 0 -1
    outer loop
      vertex -36.4 -34.8 -0.9
      vertex -40.2583 -32.1145 -0.9
      vertex -39.7259 -32.0086 -0.9
    endloop
  endfacet
  facet normal 0 0 -1
    outer loop
      vertex -36.4 -34.8 -0.9
      vertex -40.8 -32.15 -0.9
      vertex -40.2583 -32.1145 -0.9
    endloop
  endfacet
  facet normal 0 0 -1
    outer loop
      vertex -45.2 -34.8 -0.9
      vertex -40.8 -32.15 -0.9
      vertex -36.4 -34.8 -0.9
    endloop
  endfacet
  facet normal -0 0 -1
    outer loop
      vertex -40.8 -32.15 -0.9
      vertex -45.2 -34.8 -0.9
      vertex -41.3417 -32.1145 -0.9
    endloop
  endfacet
  facet normal -0 0 -1
    outer loop
      vertex -41.3417 -32.1145 -0.9
      vertex -45.2 -34.8 -0.9
      vertex -41.8741 -32.0086 -0.9
    endloop
  endfacet
  facet normal -0 0 -1
    outer loop
      vertex -41.8741 -32.0086 -0.9
      vertex -45.2 -34.8 -0.9
      vertex -42.3881 -31.8341 -0.9
    endloop
  endfacet
  facet normal -0 0 -1
    outer loop
      vertex -44.6341 -18.3881 -0.9
      vertex -57.3895 -19 -0.9
      vertex -44.8086 -17.8741 -0.9
    endloop
  endfacet
  facet normal -0 0 -1
    outer loop
      vertex -44.8086 -17.8741 -0.9
      vertex -57.3895 -19 -0.9
      vertex -44.9145 -17.3417 -0.9
    endloop
  endfacet
  facet normal 0 0 -1
    outer loop
      vertex -56.9 -23.7 -0.9
      vertex -44.9145 -28.5417 -0.9
      vertex -46.6 -34.8 -0.9
    endloop
  endfacet
  facet normal -0 0 -1
    outer loop
      vertex -44.8086 -29.0741 -0.9
      vertex -46.6 -34.8 -0.9
      vertex -44.9145 -28.5417 -0.9
    endloop
  endfacet
  facet normal -0 0 -1
    outer loop
      vertex -44.6341 -29.5881 -0.9
      vertex -46.6 -34.8 -0.9
      vertex -44.8086 -29.0741 -0.9
    endloop
  endfacet
  facet normal -0 0 -1
    outer loop
      vertex -44.394 -30.075 -0.9
      vertex -46.6 -34.8 -0.9
      vertex -44.6341 -29.5881 -0.9
    endloop
  endfacet
  facet normal -0 0 -1
    outer loop
      vertex -44.0924 -30.5264 -0.9
      vertex -46.6 -34.8 -0.9
      vertex -44.394 -30.075 -0.9
    endloop
  endfacet
  facet normal 0 0 -1
    outer loop
      vertex -46.6 -34.8 -0.9
      vertex -44.0924 -30.5264 -0.9
      vertex -45.2 -34.8 -0.9
    endloop
  endfacet
  facet normal -0 0 -1
    outer loop
      vertex -43.7345 -30.9345 -0.9
      vertex -45.2 -34.8 -0.9
      vertex -44.0924 -30.5264 -0.9
    endloop
  endfacet
  facet normal -0 0 -1
    outer loop
      vertex -43.3264 -31.2924 -0.9
      vertex -45.2 -34.8 -0.9
      vertex -43.7345 -30.9345 -0.9
    endloop
  endfacet
  facet normal -0 0 -1
    outer loop
      vertex -42.875 -31.594 -0.9
      vertex -45.2 -34.8 -0.9
      vertex -43.3264 -31.2924 -0.9
    endloop
  endfacet
  facet normal -0 0 -1
    outer loop
      vertex -42.3881 -31.8341 -0.9
      vertex -45.2 -34.8 -0.9
      vertex -42.875 -31.594 -0.9
    endloop
  endfacet
  facet normal -0 0 -1
    outer loop
      vertex -24.4086 -6.6741 -0.9
      vertex -36.5 -9.9 -0.9
      vertex -24.5145 -6.14168 -0.9
    endloop
  endfacet
  facet normal 0 0 -1
    outer loop
      vertex -36.5 -1.3 -0.9
      vertex -24.5145 -6.14168 -0.9
      vertex -36.5 -9.9 -0.9
    endloop
  endfacet
  facet normal 0 0 -1
    outer loop
      vertex -36.9895 3.4 -0.9
      vertex -24.5145 -6.14168 -0.9
      vertex -36.5 -1.3 -0.9
    endloop
  endfacet
  facet normal 0 0 -1
    outer loop
      vertex -24.5145 -6.14168 -0.9
      vertex -36.9895 3.4 -0.9
      vertex -35.921 16.8 -0.9
    endloop
  endfacet
  facet normal 0 0 -1
    outer loop
      vertex -40.8 10 -0.9
      vertex -35.921 16.8 -0.9
      vertex -36.9895 3.4 -0.9
    endloop
  endfacet
  facet normal 0 0 -1
    outer loop
      vertex -40.8 10 -0.9
      vertex -40.8 11.921 -0.9
      vertex -35.921 16.8 -0.9
    endloop
  endfacet
  facet normal 0 0 -1
    outer loop
      vertex -46.8855 6.14168 -0.9
      vertex -40.8 10 -0.9
      vertex -44.6105 3.4 -0.9
    endloop
  endfacet
  facet normal 0 0 -1
    outer loop
      vertex -47.1659 7.18814 -0.9
      vertex -40.8 10 -0.9
      vertex -46.9914 6.6741 -0.9
    endloop
  endfacet
  facet normal 0 0 -1
    outer loop
      vertex -46.8855 5.05832 -0.9
      vertex -44.6105 3.4 -0.9
      vertex -45.1 -1.3 -0.9
    endloop
  endfacet
  facet normal 0 0 -1
    outer loop
      vertex -57.3895 -19 -0.9
      vertex -44.8086 -15.7259 -0.9
      vertex -44.9145 -16.2583 -0.9
    endloop
  endfacet
  facet normal 0 0 -1
    outer loop
      vertex -36.6855 -16.2583 -0.9
      vertex -25.279 -16.8 -0.9
      vertex -36.65 -16.8 -0.9
    endloop
  endfacet
  facet normal 0 0 -1
    outer loop
      vertex -36.7914 -15.7259 -0.9
      vertex -25.279 -16.8 -0.9
      vertex -36.6855 -16.2583 -0.9
    endloop
  endfacet
  facet normal 0 0 -1
    outer loop
      vertex -36.9659 -15.2119 -0.9
      vertex -25.279 -16.8 -0.9
      vertex -36.7914 -15.7259 -0.9
    endloop
  endfacet
  facet normal 0 0 -1
    outer loop
      vertex -25.279 -16.8 -0.9
      vertex -36.9659 -15.2119 -0.9
      vertex -36.5 -9.9 -0.9
    endloop
  endfacet
  facet normal 0 0 -1
    outer loop
      vertex -37.206 -14.725 -0.9
      vertex -36.5 -9.9 -0.9
      vertex -36.9659 -15.2119 -0.9
    endloop
  endfacet
  facet normal 0 0 -1
    outer loop
      vertex -37.5076 -14.2736 -0.9
      vertex -36.5 -9.9 -0.9
      vertex -37.206 -14.725 -0.9
    endloop
  endfacet
  facet normal 0 0 -1
    outer loop
      vertex -37.8655 -13.8655 -0.9
      vertex -36.5 -9.9 -0.9
      vertex -37.5076 -14.2736 -0.9
    endloop
  endfacet
  facet normal 0 0 -1
    outer loop
      vertex -38.2736 -13.5076 -0.9
      vertex -36.5 -9.9 -0.9
      vertex -37.8655 -13.8655 -0.9
    endloop
  endfacet
  facet normal 0 0 -1
    outer loop
      vertex -38.725 -13.206 -0.9
      vertex -36.5 -9.9 -0.9
      vertex -38.2736 -13.5076 -0.9
    endloop
  endfacet
  facet normal 0 0 -1
    outer loop
      vertex -39.2119 -12.9659 -0.9
      vertex -36.5 -9.9 -0.9
      vertex -38.725 -13.206 -0.9
    endloop
  endfacet
  facet normal 0 0 -1
    outer loop
      vertex -39.7259 -12.7914 -0.9
      vertex -36.5 -9.9 -0.9
      vertex -39.2119 -12.9659 -0.9
    endloop
  endfacet
  facet normal 0 0 -1
    outer loop
      vertex -40.2583 -12.6855 -0.9
      vertex -36.5 -9.9 -0.9
      vertex -39.7259 -12.7914 -0.9
    endloop
  endfacet
  facet normal 0 0 -1
    outer loop
      vertex -40.8 -12.65 -0.9
      vertex -36.5 -9.9 -0.9
      vertex -40.2583 -12.6855 -0.9
    endloop
  endfacet
  facet normal 0 0 -1
    outer loop
      vertex -45.1 -9.9 -0.9
      vertex -40.8 -12.65 -0.9
      vertex -41.3417 -12.6855 -0.9
    endloop
  endfacet
  facet normal 0 0 -1
    outer loop
      vertex -45.1 -9.9 -0.9
      vertex -41.3417 -12.6855 -0.9
      vertex -41.8741 -12.7914 -0.9
    endloop
  endfacet
  facet normal 0 0 -1
    outer loop
      vertex -45.1 -9.9 -0.9
      vertex -41.8741 -12.7914 -0.9
      vertex -42.3881 -12.9659 -0.9
    endloop
  endfacet
  facet normal 0 0 -1
    outer loop
      vertex -45.1 -9.9 -0.9
      vertex -42.3881 -12.9659 -0.9
      vertex -42.875 -13.206 -0.9
    endloop
  endfacet
  facet normal 0 0 -1
    outer loop
      vertex -40.8 -12.65 -0.9
      vertex -45.1 -9.9 -0.9
      vertex -36.5 -9.9 -0.9
    endloop
  endfacet
  facet normal 0 0 -1
    outer loop
      vertex -43.3264 -13.5076 -0.9
      vertex -45.1 -9.9 -0.9
      vertex -42.875 -13.206 -0.9
    endloop
  endfacet
  facet normal 0 0 -1
    outer loop
      vertex -43.7345 -13.8655 -0.9
      vertex -45.1 -9.9 -0.9
      vertex -43.3264 -13.5076 -0.9
    endloop
  endfacet
  facet normal 0 0 -1
    outer loop
      vertex -44.0924 -14.2736 -0.9
      vertex -45.1 -9.9 -0.9
      vertex -43.7345 -13.8655 -0.9
    endloop
  endfacet
  facet normal 0 0 -1
    outer loop
      vertex -44.394 -14.725 -0.9
      vertex -45.1 -9.9 -0.9
      vertex -44.0924 -14.2736 -0.9
    endloop
  endfacet
  facet normal 0 0 -1
    outer loop
      vertex -44.6341 -15.2119 -0.9
      vertex -45.1 -9.9 -0.9
      vertex -44.394 -14.725 -0.9
    endloop
  endfacet
  facet normal 0 0 -1
    outer loop
      vertex -44.8086 -15.7259 -0.9
      vertex -45.1 -9.9 -0.9
      vertex -44.6341 -15.2119 -0.9
    endloop
  endfacet
  facet normal 0 0 -1
    outer loop
      vertex -57.3895 -19 -0.9
      vertex -44.9145 -16.2583 -0.9
      vertex -44.95 -16.8 -0.9
    endloop
  endfacet
  facet normal -0 0 -1
    outer loop
      vertex -44.9145 -17.3417 -0.9
      vertex -57.3895 -19 -0.9
      vertex -44.95 -16.8 -0.9
    endloop
  endfacet
  facet normal 0 0 -1
    outer loop
      vertex -16.5659 7.18814 -0.9
      vertex -14.5 12.5 -0.9
      vertex -16.3914 6.6741 -0.9
    endloop
  endfacet
  facet normal 0 0 -1
    outer loop
      vertex -14.5 21.1 -0.9
      vertex -16.2855 27.4583 -0.9
      vertex -16.25 28 -0.9
    endloop
  endfacet
  facet normal 0 0 -1
    outer loop
      vertex -14.5 12.5 -0.9
      vertex -16.5895 14.6 -0.9
      vertex -14.5 21.1 -0.9
    endloop
  endfacet
  facet normal 0 0 -1
    outer loop
      vertex -20.4 21.2 -0.9
      vertex -14.5 21.1 -0.9
      vertex -16.5895 14.6 -0.9
    endloop
  endfacet
  facet normal 0 0 -1
    outer loop
      vertex -16.806 7.675 -0.9
      vertex -14.5 12.5 -0.9
      vertex -16.5659 7.18814 -0.9
    endloop
  endfacet
  facet normal 0 0 -1
    outer loop
      vertex -14.5 21.1 -0.9
      vertex -16.3914 26.9259 -0.9
      vertex -16.2855 27.4583 -0.9
    endloop
  endfacet
  facet normal 0 0 -1
    outer loop
      vertex -14.5 21.1 -0.9
      vertex -16.5659 26.4119 -0.9
      vertex -16.3914 26.9259 -0.9
    endloop
  endfacet
  facet normal 0 0 -1
    outer loop
      vertex -17.1076 8.12636 -0.9
      vertex -14.5 12.5 -0.9
      vertex -16.806 7.675 -0.9
    endloop
  endfacet
  facet normal 0 0 -1
    outer loop
      vertex -17.4655 8.53449 -0.9
      vertex -14.5 12.5 -0.9
      vertex -17.1076 8.12636 -0.9
    endloop
  endfacet
  facet normal 0 0 -1
    outer loop
      vertex -17.8736 8.89242 -0.9
      vertex -14.5 12.5 -0.9
      vertex -17.4655 8.53449 -0.9
    endloop
  endfacet
  facet normal 0 0 -1
    outer loop
      vertex -18.325 9.19401 -0.9
      vertex -14.5 12.5 -0.9
      vertex -17.8736 8.89242 -0.9
    endloop
  endfacet
  facet normal -0 0 -1
    outer loop
      vertex -14.5 12.5 -0.9
      vertex -18.325 9.19401 -0.9
      vertex -16.5895 14.6 -0.9
    endloop
  endfacet
  facet normal 0 0 -1
    outer loop
      vertex -18.8119 9.4341 -0.9
      vertex -16.5895 14.6 -0.9
      vertex -18.325 9.19401 -0.9
    endloop
  endfacet
  facet normal 0 0 -1
    outer loop
      vertex -19.3259 9.60859 -0.9
      vertex -16.5895 14.6 -0.9
      vertex -18.8119 9.4341 -0.9
    endloop
  endfacet
  facet normal 0 0 -1
    outer loop
      vertex -19.8583 9.7145 -0.9
      vertex -16.5895 14.6 -0.9
      vertex -19.3259 9.60859 -0.9
    endloop
  endfacet
  facet normal 0 0 -1
    outer loop
      vertex -20.4 9.75 -0.9
      vertex -16.5895 14.6 -0.9
      vertex -19.8583 9.7145 -0.9
    endloop
  endfacet
  facet normal 0 0 -1
    outer loop
      vertex -24.2105 14.6 -0.9
      vertex -20.4 9.75 -0.9
      vertex -20.9417 9.7145 -0.9
    endloop
  endfacet
  facet normal 0 0 -1
    outer loop
      vertex -24.2105 14.6 -0.9
      vertex -20.9417 9.7145 -0.9
      vertex -21.4741 9.60859 -0.9
    endloop
  endfacet
  facet normal 0 0 -1
    outer loop
      vertex -24.2105 14.6 -0.9
      vertex -21.4741 9.60859 -0.9
      vertex -21.9881 9.4341 -0.9
    endloop
  endfacet
  facet normal 0 0 -1
    outer loop
      vertex -24.2105 14.6 -0.9
      vertex -21.9881 9.4341 -0.9
      vertex -22.475 9.19401 -0.9
    endloop
  endfacet
  facet normal 0 0 -1
    outer loop
      vertex -24.2105 14.6 -0.9
      vertex -22.475 9.19401 -0.9
      vertex -22.9264 8.89242 -0.9
    endloop
  endfacet
  facet normal 0 0 -1
    outer loop
      vertex -24.2105 14.6 -0.9
      vertex -22.9264 8.89242 -0.9
      vertex -23.3345 8.53449 -0.9
    endloop
  endfacet
  facet normal 0 0 -1
    outer loop
      vertex -20.4 9.75 -0.9
      vertex -24.2105 14.6 -0.9
      vertex -16.5895 14.6 -0.9
    endloop
  endfacet
  facet normal 0 0 -1
    outer loop
      vertex -23.6924 8.12636 -0.9
      vertex -24.2105 14.6 -0.9
      vertex -23.3345 8.53449 -0.9
    endloop
  endfacet
  facet normal 0 0 -1
    outer loop
      vertex -23.994 7.675 -0.9
      vertex -24.2105 14.6 -0.9
      vertex -23.6924 8.12636 -0.9
    endloop
  endfacet
  facet normal 0 -0 -1
    outer loop
      vertex -24.2105 14.6 -0.9
      vertex -23.994 7.675 -0.9
      vertex -24.2341 7.18814 -0.9
    endloop
  endfacet
  facet normal 0 0 -1
    outer loop
      vertex -16.3914 -4.5259 -0.9
      vertex -4.15 -5.6 -0.9
      vertex -16.2855 -5.05832 -0.9
    endloop
  endfacet
  facet normal 0 0 -1
    outer loop
      vertex -4.15 -5.6 -0.9
      vertex -16.2855 5.05832 -0.9
      vertex -16.25 5.6 -0.9
    endloop
  endfacet
  facet normal 0 0 -1
    outer loop
      vertex -16.5659 -4.01186 -0.9
      vertex -4.15 -5.6 -0.9
      vertex -16.3914 -4.5259 -0.9
    endloop
  endfacet
  facet normal 0 0 -1
    outer loop
      vertex -4.15 -5.6 -0.9
      vertex -16.3914 4.5259 -0.9
      vertex -16.2855 5.05832 -0.9
    endloop
  endfacet
  facet normal 0 0 -1
    outer loop
      vertex -16.806 -3.525 -0.9
      vertex -4.15 -5.6 -0.9
      vertex -16.5659 -4.01186 -0.9
    endloop
  endfacet
  facet normal 0 0 -1
    outer loop
      vertex -4.15 -5.6 -0.9
      vertex -16.5659 4.01186 -0.9
      vertex -16.3914 4.5259 -0.9
    endloop
  endfacet
  facet normal 0 0 -1
    outer loop
      vertex -16.806 3.525 -0.9
      vertex -4.15 -5.6 -0.9
      vertex -16.806 -3.525 -0.9
    endloop
  endfacet
  facet normal 0 0 -1
    outer loop
      vertex -4.15 -5.6 -0.9
      vertex -16.806 3.525 -0.9
      vertex -16.5659 4.01186 -0.9
    endloop
  endfacet
  facet normal 0 0 -1
    outer loop
      vertex -17.1076 -3.07364 -0.9
      vertex -16.806 3.525 -0.9
      vertex -16.806 -3.525 -0.9
    endloop
  endfacet
  facet normal 0 0 -1
    outer loop
      vertex -17.1076 -3.07364 -0.9
      vertex -17.1076 3.07364 -0.9
      vertex -16.806 3.525 -0.9
    endloop
  endfacet
  facet normal 0 0 -1
    outer loop
      vertex -17.4655 -2.66551 -0.9
      vertex -17.1076 3.07364 -0.9
      vertex -17.1076 -3.07364 -0.9
    endloop
  endfacet
  facet normal 0 0 -1
    outer loop
      vertex -17.4655 -2.66551 -0.9
      vertex -17.4655 2.66551 -0.9
      vertex -17.1076 3.07364 -0.9
    endloop
  endfacet
  facet normal 0 0 -1
    outer loop
      vertex -17.8736 -2.30758 -0.9
      vertex -17.4655 2.66551 -0.9
      vertex -17.4655 -2.66551 -0.9
    endloop
  endfacet
  facet normal 0 0 -1
    outer loop
      vertex -17.8736 -2.30758 -0.9
      vertex -17.8736 2.30758 -0.9
      vertex -17.4655 2.66551 -0.9
    endloop
  endfacet
  facet normal 0 0 -1
    outer loop
      vertex -18.325 -2.00599 -0.9
      vertex -17.8736 2.30758 -0.9
      vertex -17.8736 -2.30758 -0.9
    endloop
  endfacet
  facet normal 0 0 -1
    outer loop
      vertex -18.325 -2.00599 -0.9
      vertex -18.325 2.00599 -0.9
      vertex -17.8736 2.30758 -0.9
    endloop
  endfacet
  facet normal 0 0 -1
    outer loop
      vertex -18.8119 -1.7659 -0.9
      vertex -18.325 2.00599 -0.9
      vertex -18.325 -2.00599 -0.9
    endloop
  endfacet
  facet normal 0 0 -1
    outer loop
      vertex -18.8119 -1.7659 -0.9
      vertex -18.8119 1.7659 -0.9
      vertex -18.325 2.00599 -0.9
    endloop
  endfacet
  facet normal 0 0 -1
    outer loop
      vertex -19.3259 -1.59141 -0.9
      vertex -18.8119 1.7659 -0.9
      vertex -18.8119 -1.7659 -0.9
    endloop
  endfacet
  facet normal 0 0 -1
    outer loop
      vertex -19.3259 -1.59141 -0.9
      vertex -19.3259 1.59141 -0.9
      vertex -18.8119 1.7659 -0.9
    endloop
  endfacet
  facet normal 0 0 -1
    outer loop
      vertex -19.8583 -1.4855 -0.9
      vertex -19.3259 1.59141 -0.9
      vertex -19.3259 -1.59141 -0.9
    endloop
  endfacet
  facet normal 0 0 -1
    outer loop
      vertex -19.8583 -1.4855 -0.9
      vertex -19.8583 1.4855 -0.9
      vertex -19.3259 1.59141 -0.9
    endloop
  endfacet
  facet normal 0 0 -1
    outer loop
      vertex -20.4 -1.45 -0.9
      vertex -19.8583 1.4855 -0.9
      vertex -19.8583 -1.4855 -0.9
    endloop
  endfacet
  facet normal 0 0 -1
    outer loop
      vertex -20.4 -1.45 -0.9
      vertex -20.4 1.45 -0.9
      vertex -19.8583 1.4855 -0.9
    endloop
  endfacet
  facet normal 0 0 -1
    outer loop
      vertex -20.9417 -1.4855 -0.9
      vertex -20.4 1.45 -0.9
      vertex -20.4 -1.45 -0.9
    endloop
  endfacet
  facet normal 0 0 -1
    outer loop
      vertex -20.9417 -1.4855 -0.9
      vertex -20.9417 1.4855 -0.9
      vertex -20.4 1.45 -0.9
    endloop
  endfacet
  facet normal 0 0 -1
    outer loop
      vertex -21.4741 -1.59141 -0.9
      vertex -20.9417 1.4855 -0.9
      vertex -20.9417 -1.4855 -0.9
    endloop
  endfacet
  facet normal 0 0 -1
    outer loop
      vertex -21.4741 -1.59141 -0.9
      vertex -21.4741 1.59141 -0.9
      vertex -20.9417 1.4855 -0.9
    endloop
  endfacet
  facet normal 0 0 -1
    outer loop
      vertex -21.9881 -1.7659 -0.9
      vertex -21.4741 1.59141 -0.9
      vertex -21.4741 -1.59141 -0.9
    endloop
  endfacet
  facet normal 0 0 -1
    outer loop
      vertex -21.9881 -1.7659 -0.9
      vertex -21.9881 1.7659 -0.9
      vertex -21.4741 1.59141 -0.9
    endloop
  endfacet
  facet normal 0 0 -1
    outer loop
      vertex -22.475 -2.00599 -0.9
      vertex -21.9881 1.7659 -0.9
      vertex -21.9881 -1.7659 -0.9
    endloop
  endfacet
  facet normal 0 0 -1
    outer loop
      vertex -22.475 -2.00599 -0.9
      vertex -22.475 2.00599 -0.9
      vertex -21.9881 1.7659 -0.9
    endloop
  endfacet
  facet normal 0 0 -1
    outer loop
      vertex -22.9264 -2.30758 -0.9
      vertex -22.475 2.00599 -0.9
      vertex -22.475 -2.00599 -0.9
    endloop
  endfacet
  facet normal 0 0 -1
    outer loop
      vertex -22.9264 -2.30758 -0.9
      vertex -22.9264 2.30758 -0.9
      vertex -22.475 2.00599 -0.9
    endloop
  endfacet
  facet normal 0 0 -1
    outer loop
      vertex -23.3345 -2.66551 -0.9
      vertex -22.9264 2.30758 -0.9
      vertex -22.9264 -2.30758 -0.9
    endloop
  endfacet
  facet normal 0 0 -1
    outer loop
      vertex -23.3345 -2.66551 -0.9
      vertex -23.3345 2.66551 -0.9
      vertex -22.9264 2.30758 -0.9
    endloop
  endfacet
  facet normal 0 0 -1
    outer loop
      vertex -23.6924 -3.07364 -0.9
      vertex -23.3345 2.66551 -0.9
      vertex -23.3345 -2.66551 -0.9
    endloop
  endfacet
  facet normal 0 0 -1
    outer loop
      vertex -23.6924 -3.07364 -0.9
      vertex -23.6924 3.07364 -0.9
      vertex -23.3345 2.66551 -0.9
    endloop
  endfacet
  facet normal 0 0 -1
    outer loop
      vertex -23.994 -3.525 -0.9
      vertex -23.6924 3.07364 -0.9
      vertex -23.6924 -3.07364 -0.9
    endloop
  endfacet
  facet normal 0 0 -1
    outer loop
      vertex -23.994 -3.525 -0.9
      vertex -23.994 3.525 -0.9
      vertex -23.6924 3.07364 -0.9
    endloop
  endfacet
  facet normal 0 0 -1
    outer loop
      vertex -24.2341 -4.01186 -0.9
      vertex -23.994 3.525 -0.9
      vertex -23.994 -3.525 -0.9
    endloop
  endfacet
  facet normal 0 0 -1
    outer loop
      vertex -24.2341 -4.01186 -0.9
      vertex -24.2341 4.01186 -0.9
      vertex -23.994 3.525 -0.9
    endloop
  endfacet
  facet normal 0 0 -1
    outer loop
      vertex -24.4086 -4.5259 -0.9
      vertex -24.2341 4.01186 -0.9
      vertex -24.2341 -4.01186 -0.9
    endloop
  endfacet
  facet normal 0 0 -1
    outer loop
      vertex -24.4086 -4.5259 -0.9
      vertex -24.4086 4.5259 -0.9
      vertex -24.2341 4.01186 -0.9
    endloop
  endfacet
  facet normal 0 0 -1
    outer loop
      vertex -35.921 16.8 -0.9
      vertex -24.4086 -4.5259 -0.9
      vertex -24.5145 -5.05832 -0.9
    endloop
  endfacet
  facet normal 0 0 -1
    outer loop
      vertex -24.4086 -4.5259 -0.9
      vertex -35.921 16.8 -0.9
      vertex -24.4086 4.5259 -0.9
    endloop
  endfacet
  facet normal 0 0 -1
    outer loop
      vertex -35.921 16.8 -0.9
      vertex -24.5145 -5.05832 -0.9
      vertex -24.55 -5.6 -0.9
    endloop
  endfacet
  facet normal 0 0 -1
    outer loop
      vertex -24.4086 4.5259 -0.9
      vertex -35.921 16.8 -0.9
      vertex -24.5145 5.05832 -0.9
    endloop
  endfacet
  facet normal 0 0 -1
    outer loop
      vertex -4.1145 -6.14168 -0.9
      vertex -16.2855 -6.14168 -0.9
      vertex -16.25 -5.6 -0.9
    endloop
  endfacet
  facet normal 0 0 -1
    outer loop
      vertex -3.594 -7.675 -0.9
      vertex -16.3914 -6.6741 -0.9
      vertex -16.2855 -6.14168 -0.9
    endloop
  endfacet
  facet normal 0 0 -1
    outer loop
      vertex -3.594 -7.675 -0.9
      vertex -16.5659 -7.18814 -0.9
      vertex -16.3914 -6.6741 -0.9
    endloop
  endfacet
  facet normal 0 0 -1
    outer loop
      vertex -3.594 -7.675 -0.9
      vertex -16.806 -7.675 -0.9
      vertex -16.5659 -7.18814 -0.9
    endloop
  endfacet
  facet normal 0 0 -1
    outer loop
      vertex -15.521 -16.8 -0.9
      vertex -17.1076 -8.12636 -0.9
      vertex -16.806 -7.675 -0.9
    endloop
  endfacet
  facet normal 0 0 -1
    outer loop
      vertex -15.521 -16.8 -0.9
      vertex -17.4655 -8.53449 -0.9
      vertex -17.1076 -8.12636 -0.9
    endloop
  endfacet
  facet normal 0 0 -1
    outer loop
      vertex -15.521 -16.8 -0.9
      vertex -17.8736 -8.89242 -0.9
      vertex -17.4655 -8.53449 -0.9
    endloop
  endfacet
  facet normal 0 0 -1
    outer loop
      vertex -15.521 -16.8 -0.9
      vertex -18.325 -9.19401 -0.9
      vertex -17.8736 -8.89242 -0.9
    endloop
  endfacet
  facet normal 0 0 -1
    outer loop
      vertex -20.4 -11.921 -0.9
      vertex -18.325 -9.19401 -0.9
      vertex -15.521 -16.8 -0.9
    endloop
  endfacet
  facet normal 0 0 -1
    outer loop
      vertex -18.325 -9.19401 -0.9
      vertex -20.4 -11.921 -0.9
      vertex -18.8119 -9.4341 -0.9
    endloop
  endfacet
  facet normal 0 0 -1
    outer loop
      vertex -18.8119 -9.4341 -0.9
      vertex -20.4 -11.921 -0.9
      vertex -19.3259 -9.60859 -0.9
    endloop
  endfacet
  facet normal 0 0 -1
    outer loop
      vertex -19.3259 -9.60859 -0.9
      vertex -20.4 -11.921 -0.9
      vertex -19.8583 -9.7145 -0.9
    endloop
  endfacet
  facet normal 0 0 -1
    outer loop
      vertex -20.4 -11.921 -0.9
      vertex -20.4 -9.75 -0.9
      vertex -19.8583 -9.7145 -0.9
    endloop
  endfacet
  facet normal 0 0 -1
    outer loop
      vertex -20.4 -11.921 -0.9
      vertex -20.9417 -9.7145 -0.9
      vertex -20.4 -9.75 -0.9
    endloop
  endfacet
  facet normal 0 0 -1
    outer loop
      vertex -20.4 -11.921 -0.9
      vertex -21.4741 -9.60859 -0.9
      vertex -20.9417 -9.7145 -0.9
    endloop
  endfacet
  facet normal 0 0 -1
    outer loop
      vertex -20.4 -11.921 -0.9
      vertex -21.9881 -9.4341 -0.9
      vertex -21.4741 -9.60859 -0.9
    endloop
  endfacet
  facet normal 0 0 -1
    outer loop
      vertex -20.4 -11.921 -0.9
      vertex -22.475 -9.19401 -0.9
      vertex -21.9881 -9.4341 -0.9
    endloop
  endfacet
  facet normal 0 0 -1
    outer loop
      vertex -25.279 -16.8 -0.9
      vertex -22.475 -9.19401 -0.9
      vertex -20.4 -11.921 -0.9
    endloop
  endfacet
  facet normal -0 0 -1
    outer loop
      vertex -22.475 -9.19401 -0.9
      vertex -25.279 -16.8 -0.9
      vertex -22.9264 -8.89242 -0.9
    endloop
  endfacet
  facet normal -0 0 -1
    outer loop
      vertex -22.9264 -8.89242 -0.9
      vertex -25.279 -16.8 -0.9
      vertex -23.3345 -8.53449 -0.9
    endloop
  endfacet
  facet normal 0 0 -1
    outer loop
      vertex -24.5145 5.05832 -0.9
      vertex -35.921 16.8 -0.9
      vertex -24.55 5.6 -0.9
    endloop
  endfacet
  facet normal 0 0 -1
    outer loop
      vertex -24.5145 -6.14168 -0.9
      vertex -35.921 16.8 -0.9
      vertex -24.55 -5.6 -0.9
    endloop
  endfacet
  facet normal 0 0 -1
    outer loop
      vertex -24.4086 -26.9259 -0.9
      vertex -36.7914 -26.9259 -0.9
      vertex -24.2341 -26.4119 -0.9
    endloop
  endfacet
  facet normal -0 0 -1
    outer loop
      vertex -24.2341 -7.18814 -0.9
      vertex -36.5 -9.9 -0.9
      vertex -24.4086 -6.6741 -0.9
    endloop
  endfacet
  facet normal -0 0 -1
    outer loop
      vertex -23.994 -7.675 -0.9
      vertex -36.5 -9.9 -0.9
      vertex -24.2341 -7.18814 -0.9
    endloop
  endfacet
  facet normal 0 0 -1
    outer loop
      vertex -36.5 -9.9 -0.9
      vertex -23.994 -7.675 -0.9
      vertex -25.279 -16.8 -0.9
    endloop
  endfacet
  facet normal -0 0 -1
    outer loop
      vertex -23.6924 -8.12636 -0.9
      vertex -25.279 -16.8 -0.9
      vertex -23.994 -7.675 -0.9
    endloop
  endfacet
  facet normal -0 0 -1
    outer loop
      vertex -23.3345 -8.53449 -0.9
      vertex -25.279 -16.8 -0.9
      vertex -23.6924 -8.12636 -0.9
    endloop
  endfacet
  facet normal 0 0 -1
    outer loop
      vertex -14.0105 -30.2 -0.9
      vertex -16.2855 -28.5417 -0.9
      vertex -16.25 -28 -0.9
    endloop
  endfacet
  facet normal 0 0 -1
    outer loop
      vertex -14.0105 -30.2 -0.9
      vertex -16.3914 -29.0741 -0.9
      vertex -16.2855 -28.5417 -0.9
    endloop
  endfacet
  facet normal 0 0 -1
    outer loop
      vertex -14.0105 -30.2 -0.9
      vertex -16.5659 -29.5881 -0.9
      vertex -16.3914 -29.0741 -0.9
    endloop
  endfacet
  facet normal 0 0 -1
    outer loop
      vertex -14.0105 -30.2 -0.9
      vertex -16.806 -30.075 -0.9
      vertex -16.5659 -29.5881 -0.9
    endloop
  endfacet
  facet normal -0 0 -1
    outer loop
      vertex -14.0105 -30.2 -0.9
      vertex -17.1076 -30.5264 -0.9
      vertex -16.806 -30.075 -0.9
    endloop
  endfacet
  facet normal 0 0 -1
    outer loop
      vertex -16 -34.8 -0.9
      vertex -17.4655 -30.9345 -0.9
      vertex -17.1076 -30.5264 -0.9
    endloop
  endfacet
  facet normal 0 0 -1
    outer loop
      vertex -16 -34.8 -0.9
      vertex -17.8736 -31.2924 -0.9
      vertex -17.4655 -30.9345 -0.9
    endloop
  endfacet
  facet normal 0 0 -1
    outer loop
      vertex -16 -34.8 -0.9
      vertex -18.325 -31.594 -0.9
      vertex -17.8736 -31.2924 -0.9
    endloop
  endfacet
  facet normal 0 0 -1
    outer loop
      vertex -16 -34.8 -0.9
      vertex -18.8119 -31.8341 -0.9
      vertex -18.325 -31.594 -0.9
    endloop
  endfacet
  facet normal 0 0 -1
    outer loop
      vertex -16 -34.8 -0.9
      vertex -19.3259 -32.0086 -0.9
      vertex -18.8119 -31.8341 -0.9
    endloop
  endfacet
  facet normal 0 0 -1
    outer loop
      vertex -16 -34.8 -0.9
      vertex -19.8583 -32.1145 -0.9
      vertex -19.3259 -32.0086 -0.9
    endloop
  endfacet
  facet normal 0 0 -1
    outer loop
      vertex -16 -34.8 -0.9
      vertex -20.4 -32.15 -0.9
      vertex -19.8583 -32.1145 -0.9
    endloop
  endfacet
  facet normal 0 0 -1
    outer loop
      vertex -24.8 -34.8 -0.9
      vertex -20.4 -32.15 -0.9
      vertex -16 -34.8 -0.9
    endloop
  endfacet
  facet normal -0 0 -1
    outer loop
      vertex -20.4 -32.15 -0.9
      vertex -24.8 -34.8 -0.9
      vertex -20.9417 -32.1145 -0.9
    endloop
  endfacet
  facet normal -0 0 -1
    outer loop
      vertex -20.9417 -32.1145 -0.9
      vertex -24.8 -34.8 -0.9
      vertex -21.4741 -32.0086 -0.9
    endloop
  endfacet
  facet normal -0 0 -1
    outer loop
      vertex -21.4741 -32.0086 -0.9
      vertex -24.8 -34.8 -0.9
      vertex -21.9881 -31.8341 -0.9
    endloop
  endfacet
  facet normal 0 0 -1
    outer loop
      vertex -35 -34.8 -0.9
      vertex -24.4086 -29.0741 -0.9
      vertex -26.2 -34.8 -0.9
    endloop
  endfacet
  facet normal -0 0 -1
    outer loop
      vertex -24.2341 -29.5881 -0.9
      vertex -26.2 -34.8 -0.9
      vertex -24.4086 -29.0741 -0.9
    endloop
  endfacet
  facet normal -0 0 -1
    outer loop
      vertex -23.994 -30.075 -0.9
      vertex -26.2 -34.8 -0.9
      vertex -24.2341 -29.5881 -0.9
    endloop
  endfacet
  facet normal -0 0 -1
    outer loop
      vertex -23.6924 -30.5264 -0.9
      vertex -26.2 -34.8 -0.9
      vertex -23.994 -30.075 -0.9
    endloop
  endfacet
  facet normal 0 0 -1
    outer loop
      vertex -26.2 -34.8 -0.9
      vertex -23.6924 -30.5264 -0.9
      vertex -24.8 -34.8 -0.9
    endloop
  endfacet
  facet normal -0 0 -1
    outer loop
      vertex -23.3345 -30.9345 -0.9
      vertex -24.8 -34.8 -0.9
      vertex -23.6924 -30.5264 -0.9
    endloop
  endfacet
  facet normal -0 0 -1
    outer loop
      vertex -22.9264 -31.2924 -0.9
      vertex -24.8 -34.8 -0.9
      vertex -23.3345 -30.9345 -0.9
    endloop
  endfacet
  facet normal -0 0 -1
    outer loop
      vertex -22.475 -31.594 -0.9
      vertex -24.8 -34.8 -0.9
      vertex -22.9264 -31.2924 -0.9
    endloop
  endfacet
  facet normal -0 0 -1
    outer loop
      vertex -21.9881 -31.8341 -0.9
      vertex -24.8 -34.8 -0.9
      vertex -22.475 -31.594 -0.9
    endloop
  endfacet
  facet normal 0 0 -1
    outer loop
      vertex -17.1076 -30.5264 -0.9
      vertex -14.0105 -30.2 -0.9
      vertex -16 -34.8 -0.9
    endloop
  endfacet
  facet normal 0 0 -1
    outer loop
      vertex -16.2855 -27.4583 -0.9
      vertex -14.0105 -30.2 -0.9
      vertex -16.25 -28 -0.9
    endloop
  endfacet
  facet normal 0 0 -1
    outer loop
      vertex -16.3914 -26.9259 -0.9
      vertex -14.0105 -30.2 -0.9
      vertex -16.2855 -27.4583 -0.9
    endloop
  endfacet
  facet normal 0 0 -1
    outer loop
      vertex -16.5659 -26.4119 -0.9
      vertex -14.0105 -30.2 -0.9
      vertex -16.3914 -26.9259 -0.9
    endloop
  endfacet
  facet normal 0 0 -1
    outer loop
      vertex -14.0105 -30.2 -0.9
      vertex -16.5659 -26.4119 -0.9
      vertex -15.521 -16.8 -0.9
    endloop
  endfacet
  facet normal 0 0 -1
    outer loop
      vertex -16.806 -25.925 -0.9
      vertex -15.521 -16.8 -0.9
      vertex -16.5659 -26.4119 -0.9
    endloop
  endfacet
  facet normal 0 0 -1
    outer loop
      vertex -17.1076 -25.4736 -0.9
      vertex -15.521 -16.8 -0.9
      vertex -16.806 -25.925 -0.9
    endloop
  endfacet
  facet normal 0 0 -1
    outer loop
      vertex -17.4655 -25.0655 -0.9
      vertex -15.521 -16.8 -0.9
      vertex -17.1076 -25.4736 -0.9
    endloop
  endfacet
  facet normal 0 0 -1
    outer loop
      vertex -17.8736 -24.7076 -0.9
      vertex -15.521 -16.8 -0.9
      vertex -17.4655 -25.0655 -0.9
    endloop
  endfacet
  facet normal 0 0 -1
    outer loop
      vertex -18.325 -24.406 -0.9
      vertex -15.521 -16.8 -0.9
      vertex -17.8736 -24.7076 -0.9
    endloop
  endfacet
  facet normal 0 0 -1
    outer loop
      vertex -20.4 -21.679 -0.9
      vertex -18.325 -24.406 -0.9
      vertex -18.8119 -24.1659 -0.9
    endloop
  endfacet
  facet normal 0 0 -1
    outer loop
      vertex -20.4 -21.679 -0.9
      vertex -18.8119 -24.1659 -0.9
      vertex -19.3259 -23.9914 -0.9
    endloop
  endfacet
  facet normal 0 0 -1
    outer loop
      vertex -20.4 -21.679 -0.9
      vertex -19.3259 -23.9914 -0.9
      vertex -19.8583 -23.8855 -0.9
    endloop
  endfacet
  facet normal 0 0 -1
    outer loop
      vertex -20.4 -21.679 -0.9
      vertex -19.8583 -23.8855 -0.9
      vertex -20.4 -23.85 -0.9
    endloop
  endfacet
  facet normal 0 0 -1
    outer loop
      vertex -18.325 -24.406 -0.9
      vertex -20.4 -21.679 -0.9
      vertex -15.521 -16.8 -0.9
    endloop
  endfacet
  facet normal 0 0 -1
    outer loop
      vertex -20.9417 -23.8855 -0.9
      vertex -20.4 -21.679 -0.9
      vertex -20.4 -23.85 -0.9
    endloop
  endfacet
  facet normal 0 0 -1
    outer loop
      vertex -21.4741 -23.9914 -0.9
      vertex -20.4 -21.679 -0.9
      vertex -20.9417 -23.8855 -0.9
    endloop
  endfacet
  facet normal 0 0 -1
    outer loop
      vertex -21.9881 -24.1659 -0.9
      vertex -20.4 -21.679 -0.9
      vertex -21.4741 -23.9914 -0.9
    endloop
  endfacet
  facet normal 0 0 -1
    outer loop
      vertex -22.475 -24.406 -0.9
      vertex -20.4 -21.679 -0.9
      vertex -21.9881 -24.1659 -0.9
    endloop
  endfacet
  facet normal 0 0 -1
    outer loop
      vertex -25.279 -16.8 -0.9
      vertex -22.475 -24.406 -0.9
      vertex -22.9264 -24.7076 -0.9
    endloop
  endfacet
  facet normal 0 0 -1
    outer loop
      vertex -25.279 -16.8 -0.9
      vertex -22.9264 -24.7076 -0.9
      vertex -23.3345 -25.0655 -0.9
    endloop
  endfacet
  facet normal 0 0 -1
    outer loop
      vertex -25.279 -16.8 -0.9
      vertex -23.3345 -25.0655 -0.9
      vertex -23.6924 -25.4736 -0.9
    endloop
  endfacet
  facet normal 0 0 -1
    outer loop
      vertex -22.475 -24.406 -0.9
      vertex -25.279 -16.8 -0.9
      vertex -20.4 -21.679 -0.9
    endloop
  endfacet
  facet normal 0 0 -1
    outer loop
      vertex -23.994 -25.925 -0.9
      vertex -25.279 -16.8 -0.9
      vertex -23.6924 -25.4736 -0.9
    endloop
  endfacet
  facet normal 0 0 -1
    outer loop
      vertex -36.7914 -26.9259 -0.9
      vertex -24.4086 -26.9259 -0.9
      vertex -36.6855 -27.4583 -0.9
    endloop
  endfacet
  facet normal 0 0 -1
    outer loop
      vertex -24.5145 -27.4583 -0.9
      vertex -36.6855 -27.4583 -0.9
      vertex -24.4086 -26.9259 -0.9
    endloop
  endfacet
  facet normal 0 0 -1
    outer loop
      vertex -24.55 -28 -0.9
      vertex -36.65 -28 -0.9
      vertex -24.5145 -27.4583 -0.9
    endloop
  endfacet
  facet normal 0 0 -1
    outer loop
      vertex -24.5145 -28.5417 -0.9
      vertex -36.65 -28 -0.9
      vertex -24.55 -28 -0.9
    endloop
  endfacet
  facet normal 0 0 -1
    outer loop
      vertex -36.65 -28 -0.9
      vertex -24.4086 -29.0741 -0.9
      vertex -35 -34.8 -0.9
    endloop
  endfacet
  facet normal 0 0 -1
    outer loop
      vertex -14.5 21.1 -0.9
      vertex -16.806 25.925 -0.9
      vertex -16.5659 26.4119 -0.9
    endloop
  endfacet
  facet normal 0 0 -1
    outer loop
      vertex -14.5 21.1 -0.9
      vertex -17.1076 25.4736 -0.9
      vertex -16.806 25.925 -0.9
    endloop
  endfacet
  facet normal 0 0 -1
    outer loop
      vertex -14.5 21.1 -0.9
      vertex -17.4655 25.0655 -0.9
      vertex -17.1076 25.4736 -0.9
    endloop
  endfacet
  facet normal 0 0 -1
    outer loop
      vertex -14.5 21.1 -0.9
      vertex -17.8736 24.7076 -0.9
      vertex -17.4655 25.0655 -0.9
    endloop
  endfacet
  facet normal 0 -0 -1
    outer loop
      vertex -18.8119 24.1659 -0.9
      vertex -14.5 21.1 -0.9
      vertex -20.4 21.2 -0.9
    endloop
  endfacet
  facet normal 0 0 -1
    outer loop
      vertex -14.5 21.1 -0.9
      vertex -18.325 24.406 -0.9
      vertex -17.8736 24.7076 -0.9
    endloop
  endfacet
  facet normal 0 0 -1
    outer loop
      vertex -14.5 21.1 -0.9
      vertex -18.8119 24.1659 -0.9
      vertex -18.325 24.406 -0.9
    endloop
  endfacet
  facet normal 0 0 -1
    outer loop
      vertex -18.8119 24.1659 -0.9
      vertex -20.4 21.2 -0.9
      vertex -19.3259 23.9914 -0.9
    endloop
  endfacet
  facet normal 0 0 -1
    outer loop
      vertex -19.3259 23.9914 -0.9
      vertex -20.4 21.2 -0.9
      vertex -19.8583 23.8855 -0.9
    endloop
  endfacet
  facet normal 0 0 -1
    outer loop
      vertex -20.4 21.2 -0.9
      vertex -20.4 23.85 -0.9
      vertex -19.8583 23.8855 -0.9
    endloop
  endfacet
  facet normal 0 0 -1
    outer loop
      vertex -20.4 21.2 -0.9
      vertex -20.9417 23.8855 -0.9
      vertex -20.4 23.85 -0.9
    endloop
  endfacet
  facet normal 0 0 -1
    outer loop
      vertex -20.4 21.2 -0.9
      vertex -21.4741 23.9914 -0.9
      vertex -20.9417 23.8855 -0.9
    endloop
  endfacet
  facet normal 0 0 -1
    outer loop
      vertex -20.4 21.2 -0.9
      vertex -21.9881 24.1659 -0.9
      vertex -21.4741 23.9914 -0.9
    endloop
  endfacet
  facet normal 0 0 -1
    outer loop
      vertex -20.4 21.2 -0.9
      vertex -22.475 24.406 -0.9
      vertex -21.9881 24.1659 -0.9
    endloop
  endfacet
  facet normal 0 0 -1
    outer loop
      vertex -20.4 21.2 -0.9
      vertex -22.9264 24.7076 -0.9
      vertex -22.475 24.406 -0.9
    endloop
  endfacet
  facet normal 0 0 -1
    outer loop
      vertex -24.2105 14.6 -0.9
      vertex -22.9264 24.7076 -0.9
      vertex -20.4 21.2 -0.9
    endloop
  endfacet
  facet normal -0 0 -1
    outer loop
      vertex -22.9264 24.7076 -0.9
      vertex -24.2105 14.6 -0.9
      vertex -23.3345 25.0655 -0.9
    endloop
  endfacet
  facet normal -0 0 -1
    outer loop
      vertex -23.3345 25.0655 -0.9
      vertex -24.2105 14.6 -0.9
      vertex -23.6924 25.4736 -0.9
    endloop
  endfacet
  facet normal 0 0 -1
    outer loop
      vertex -24.2105 14.6 -0.9
      vertex -23.994 25.925 -0.9
      vertex -23.6924 25.4736 -0.9
    endloop
  endfacet
  facet normal 0 0 -1
    outer loop
      vertex -24.2105 14.6 -0.9
      vertex -24.2341 26.4119 -0.9
      vertex -23.994 25.925 -0.9
    endloop
  endfacet
  facet normal 0 0 -1
    outer loop
      vertex -24.4086 6.6741 -0.9
      vertex -24.2105 14.6 -0.9
      vertex -24.2341 7.18814 -0.9
    endloop
  endfacet
  facet normal 0 0 -1
    outer loop
      vertex -24.5145 6.14168 -0.9
      vertex -24.2105 14.6 -0.9
      vertex -24.4086 6.6741 -0.9
    endloop
  endfacet
  facet normal 0 0 -1
    outer loop
      vertex -24.2105 14.6 -0.9
      vertex -24.4086 26.9259 -0.9
      vertex -24.2341 26.4119 -0.9
    endloop
  endfacet
  facet normal 0 0 -1
    outer loop
      vertex -24.5145 27.4583 -0.9
      vertex -24.2105 14.6 -0.9
      vertex -24.5145 6.14168 -0.9
    endloop
  endfacet
  facet normal 0 0 -1
    outer loop
      vertex -24.2105 14.6 -0.9
      vertex -24.5145 27.4583 -0.9
      vertex -24.4086 26.9259 -0.9
    endloop
  endfacet
  facet normal 0 0 -1
    outer loop
      vertex -24.55 5.6 -0.9
      vertex -24.5145 27.4583 -0.9
      vertex -24.5145 6.14168 -0.9
    endloop
  endfacet
  facet normal -0 0 -1
    outer loop
      vertex -24.5145 27.4583 -0.9
      vertex -24.55 5.6 -0.9
      vertex -24.55 28 -0.9
    endloop
  endfacet
  facet normal 0 0 -1
    outer loop
      vertex -5.9 21.1 -0.9
      vertex -14.0105 25.8 -0.9
      vertex -6.38949 25.8 -0.9
    endloop
  endfacet
  facet normal 0 -0 -1
    outer loop
      vertex -14.0105 25.8 -0.9
      vertex -5.9 21.1 -0.9
      vertex -14.5 21.1 -0.9
    endloop
  endfacet
  facet normal 0 0 -1
    outer loop
      vertex -16.2855 -6.14168 -0.9
      vertex -4.00859 -6.6741 -0.9
      vertex -3.8341 -7.18814 -0.9
    endloop
  endfacet
  facet normal 0 0 -1
    outer loop
      vertex -5.8 -34.8 -0.9
      vertex -14.0105 -30.2 -0.9
      vertex -6.38949 -30.2 -0.9
    endloop
  endfacet
  facet normal 0 0 -1
    outer loop
      vertex -16.2855 -5.05832 -0.9
      vertex -4.15 -5.6 -0.9
      vertex -16.25 -5.6 -0.9
    endloop
  endfacet
  facet normal 0 0 -1
    outer loop
      vertex -16 -34.8 -0.9
      vertex -14.0105 -30.2 -0.9
      vertex -14.6 -34.8 -0.9
    endloop
  endfacet
  facet normal 0 0 -1
    outer loop
      vertex -14.6 -34.8 -0.9
      vertex -14.0105 -30.2 -0.9
      vertex -5.8 -34.8 -0.9
    endloop
  endfacet
  facet normal 0 0 -1
    outer loop
      vertex -16.2855 -6.14168 -0.9
      vertex -4.1145 -6.14168 -0.9
      vertex -4.00859 -6.6741 -0.9
    endloop
  endfacet
  facet normal 0 0 -1
    outer loop
      vertex -15.521 -16.8 -0.9
      vertex -10.2 -23.6 -0.9
      vertex -14.0105 -30.2 -0.9
    endloop
  endfacet
  facet normal 0 0 -1
    outer loop
      vertex -4.1145 -6.14168 -0.9
      vertex -16.25 -5.6 -0.9
      vertex -4.15 -5.6 -0.9
    endloop
  endfacet
  facet normal 0 0 -1
    outer loop
      vertex 5.9 -12.5 -0.9
      vertex 4.1145 -6.14168 -0.9
      vertex 4.15 -5.6 -0.9
    endloop
  endfacet
  facet normal 0 0 -1
    outer loop
      vertex 3.594 -7.675 -0.9
      vertex 5.9 -21.1 -0.9
      vertex 3.81051 -19 -0.9
    endloop
  endfacet
  facet normal 0 0 -1
    outer loop
      vertex 5.9 -21.1 -0.9
      vertex 4.00859 -6.6741 -0.9
      vertex 4.1145 -6.14168 -0.9
    endloop
  endfacet
  facet normal 0 0 -1
    outer loop
      vertex 5.9 -21.1 -0.9
      vertex 3.8341 -7.18814 -0.9
      vertex 4.00859 -6.6741 -0.9
    endloop
  endfacet
  facet normal 0 0 -1
    outer loop
      vertex 6.19141 -26.9259 -0.9
      vertex 3.81051 -19 -0.9
      vertex 5.9 -21.1 -0.9
    endloop
  endfacet
  facet normal -0 0 -1
    outer loop
      vertex -3.29242 -8.12636 -0.9
      vertex -15.521 -16.8 -0.9
      vertex -3.594 -7.675 -0.9
    endloop
  endfacet
  facet normal 0 0 -1
    outer loop
      vertex -16.806 -7.675 -0.9
      vertex -3.594 -7.675 -0.9
      vertex -15.521 -16.8 -0.9
    endloop
  endfacet
  facet normal -0 0 -1
    outer loop
      vertex 6.19141 -26.9259 -0.9
      vertex -6.38949 -30.2 -0.9
      vertex -3.81051 -19 -0.9
    endloop
  endfacet
  facet normal 0 0 -1
    outer loop
      vertex -6.38949 -30.2 -0.9
      vertex -4.4 -34.8 -0.9
      vertex -5.8 -34.8 -0.9
    endloop
  endfacet
  facet normal -0 -0 -1
    outer loop
      vertex 3.81051 -19 -0.9
      vertex 6.19141 -26.9259 -0.9
      vertex -3.81051 -19 -0.9
    endloop
  endfacet
  facet normal 0 0 -1
    outer loop
      vertex 4.1145 -6.14168 -0.9
      vertex 5.9 -12.5 -0.9
      vertex 5.9 -21.1 -0.9
    endloop
  endfacet
  facet normal 0 0 -1
    outer loop
      vertex 4.1145 -5.05832 -0.9
      vertex 5.9 -12.5 -0.9
      vertex 4.15 -5.6 -0.9
    endloop
  endfacet
  facet normal 0 0 -1
    outer loop
      vertex 5.9 -12.5 -0.9
      vertex 4.1145 -5.05832 -0.9
      vertex 4.87904 5.6 -0.9
    endloop
  endfacet
  facet normal 0 0 -1
    outer loop
      vertex 4.00859 -4.5259 -0.9
      vertex 4.87904 5.6 -0.9
      vertex 4.1145 -5.05832 -0.9
    endloop
  endfacet
  facet normal 0 0 -1
    outer loop
      vertex 3.8341 -4.01186 -0.9
      vertex 4.87904 5.6 -0.9
      vertex 4.00859 -4.5259 -0.9
    endloop
  endfacet
  facet normal 0 0 -1
    outer loop
      vertex 3.594 -3.525 -0.9
      vertex 4.87904 5.6 -0.9
      vertex 3.8341 -4.01186 -0.9
    endloop
  endfacet
  facet normal 0 0 -1
    outer loop
      vertex 3.29242 -3.07364 -0.9
      vertex 4.87904 5.6 -0.9
      vertex 3.594 -3.525 -0.9
    endloop
  endfacet
  facet normal 0 0 -1
    outer loop
      vertex 2.93449 -2.66551 -0.9
      vertex 4.87904 5.6 -0.9
      vertex 3.29242 -3.07364 -0.9
    endloop
  endfacet
  facet normal 0 0 -1
    outer loop
      vertex 2.52636 -2.30758 -0.9
      vertex 4.87904 5.6 -0.9
      vertex 2.93449 -2.66551 -0.9
    endloop
  endfacet
  facet normal 0 0 -1
    outer loop
      vertex 2.075 -2.00599 -0.9
      vertex 4.87904 5.6 -0.9
      vertex 2.52636 -2.30758 -0.9
    endloop
  endfacet
  facet normal 0 0 -1
    outer loop
      vertex 0 0.720963 -0.9
      vertex 2.075 -2.00599 -0.9
      vertex 1.58814 -1.7659 -0.9
    endloop
  endfacet
  facet normal 0 0 -1
    outer loop
      vertex 0 0.720963 -0.9
      vertex 1.58814 -1.7659 -0.9
      vertex 1.0741 -1.59141 -0.9
    endloop
  endfacet
  facet normal 0 0 -1
    outer loop
      vertex 0 0.720963 -0.9
      vertex 1.0741 -1.59141 -0.9
      vertex 0.541683 -1.4855 -0.9
    endloop
  endfacet
  facet normal 0 0 -1
    outer loop
      vertex 0 0.720963 -0.9
      vertex 0.541683 -1.4855 -0.9
      vertex 0 -1.45 -0.9
    endloop
  endfacet
  facet normal 0 0 -1
    outer loop
      vertex 2.075 -2.00599 -0.9
      vertex 0 0.720963 -0.9
      vertex 4.87904 5.6 -0.9
    endloop
  endfacet
  facet normal 0 0 -1
    outer loop
      vertex -0.541683 -1.4855 -0.9
      vertex 0 0.720963 -0.9
      vertex 0 -1.45 -0.9
    endloop
  endfacet
  facet normal 0 0 -1
    outer loop
      vertex -1.0741 -1.59141 -0.9
      vertex 0 0.720963 -0.9
      vertex -0.541683 -1.4855 -0.9
    endloop
  endfacet
  facet normal 0 0 -1
    outer loop
      vertex -1.58814 -1.7659 -0.9
      vertex 0 0.720963 -0.9
      vertex -1.0741 -1.59141 -0.9
    endloop
  endfacet
  facet normal 0 0 -1
    outer loop
      vertex -2.075 -2.00599 -0.9
      vertex 0 0.720963 -0.9
      vertex -1.58814 -1.7659 -0.9
    endloop
  endfacet
  facet normal 0 0 -1
    outer loop
      vertex -4.87904 5.6 -0.9
      vertex -2.075 -2.00599 -0.9
      vertex -2.52636 -2.30758 -0.9
    endloop
  endfacet
  facet normal 0 0 -1
    outer loop
      vertex -4.87904 5.6 -0.9
      vertex -2.52636 -2.30758 -0.9
      vertex -2.93449 -2.66551 -0.9
    endloop
  endfacet
  facet normal 0 0 -1
    outer loop
      vertex -4.87904 5.6 -0.9
      vertex -2.93449 -2.66551 -0.9
      vertex -3.29242 -3.07364 -0.9
    endloop
  endfacet
  facet normal 0 0 -1
    outer loop
      vertex -2.075 -2.00599 -0.9
      vertex -4.87904 5.6 -0.9
      vertex 0 0.720963 -0.9
    endloop
  endfacet
  facet normal 0 0 -1
    outer loop
      vertex -3.594 -3.525 -0.9
      vertex -4.87904 5.6 -0.9
      vertex -3.29242 -3.07364 -0.9
    endloop
  endfacet
  facet normal 0 0 -1
    outer loop
      vertex -3.8341 -4.01186 -0.9
      vertex -4.87904 5.6 -0.9
      vertex -3.594 -3.525 -0.9
    endloop
  endfacet
  facet normal 0 0 -1
    outer loop
      vertex -4.00859 -4.5259 -0.9
      vertex -4.87904 5.6 -0.9
      vertex -3.8341 -4.01186 -0.9
    endloop
  endfacet
  facet normal 0 0 -1
    outer loop
      vertex -4.1145 -5.05832 -0.9
      vertex -4.87904 5.6 -0.9
      vertex -4.00859 -4.5259 -0.9
    endloop
  endfacet
  facet normal 0 0 -1
    outer loop
      vertex -4.15 -5.6 -0.9
      vertex -4.87904 5.6 -0.9
      vertex -4.1145 -5.05832 -0.9
    endloop
  endfacet
  facet normal 0 0 -1
    outer loop
      vertex -10.2 -23.6 -0.9
      vertex -3.81051 -19 -0.9
      vertex -6.38949 -30.2 -0.9
    endloop
  endfacet
  facet normal 0 0 -1
    outer loop
      vertex 5.9 -21.1 -0.9
      vertex 3.594 -7.675 -0.9
      vertex 3.8341 -7.18814 -0.9
    endloop
  endfacet
  facet normal 0 0 -1
    outer loop
      vertex 3.81051 -19 -0.9
      vertex 3.29242 -8.12636 -0.9
      vertex 3.594 -7.675 -0.9
    endloop
  endfacet
  facet normal 0 0 -1
    outer loop
      vertex 3.81051 -19 -0.9
      vertex 2.93449 -8.53449 -0.9
      vertex 3.29242 -8.12636 -0.9
    endloop
  endfacet
  facet normal 0 0 -1
    outer loop
      vertex 3.81051 -19 -0.9
      vertex 2.52636 -8.89242 -0.9
      vertex 2.93449 -8.53449 -0.9
    endloop
  endfacet
  facet normal 0 0 -1
    outer loop
      vertex 0 -12.4 -0.9
      vertex 2.52636 -8.89242 -0.9
      vertex 3.81051 -19 -0.9
    endloop
  endfacet
  facet normal 0 0 -1
    outer loop
      vertex 2.52636 -8.89242 -0.9
      vertex 0 -12.4 -0.9
      vertex 2.075 -9.19401 -0.9
    endloop
  endfacet
  facet normal 0 0 -1
    outer loop
      vertex 2.075 -9.19401 -0.9
      vertex 0 -12.4 -0.9
      vertex 1.58814 -9.4341 -0.9
    endloop
  endfacet
  facet normal 0 0 -1
    outer loop
      vertex 1.58814 -9.4341 -0.9
      vertex 0 -12.4 -0.9
      vertex 1.0741 -9.60859 -0.9
    endloop
  endfacet
  facet normal 0 0 -1
    outer loop
      vertex 1.0741 -9.60859 -0.9
      vertex 0 -12.4 -0.9
      vertex 0.541683 -9.7145 -0.9
    endloop
  endfacet
  facet normal 0 0 -1
    outer loop
      vertex 0 -12.4 -0.9
      vertex 0 -9.75 -0.9
      vertex 0.541683 -9.7145 -0.9
    endloop
  endfacet
  facet normal 0 0 -1
    outer loop
      vertex 0 -12.4 -0.9
      vertex -0.541683 -9.7145 -0.9
      vertex 0 -9.75 -0.9
    endloop
  endfacet
  facet normal 0 0 -1
    outer loop
      vertex 0 -12.4 -0.9
      vertex -1.0741 -9.60859 -0.9
      vertex -0.541683 -9.7145 -0.9
    endloop
  endfacet
  facet normal 0 0 -1
    outer loop
      vertex 0 -12.4 -0.9
      vertex -1.58814 -9.4341 -0.9
      vertex -1.0741 -9.60859 -0.9
    endloop
  endfacet
  facet normal 0 0 -1
    outer loop
      vertex 0 -12.4 -0.9
      vertex -2.075 -9.19401 -0.9
      vertex -1.58814 -9.4341 -0.9
    endloop
  endfacet
  facet normal 0 0 -1
    outer loop
      vertex 0 -12.4 -0.9
      vertex -2.52636 -8.89242 -0.9
      vertex -2.075 -9.19401 -0.9
    endloop
  endfacet
  facet normal 0 0 -1
    outer loop
      vertex -3.81051 -19 -0.9
      vertex -2.52636 -8.89242 -0.9
      vertex 0 -12.4 -0.9
    endloop
  endfacet
  facet normal -0 0 -1
    outer loop
      vertex -2.52636 -8.89242 -0.9
      vertex -3.81051 -19 -0.9
      vertex -2.93449 -8.53449 -0.9
    endloop
  endfacet
  facet normal -0 0 -1
    outer loop
      vertex -2.93449 -8.53449 -0.9
      vertex -3.81051 -19 -0.9
      vertex -3.29242 -8.12636 -0.9
    endloop
  endfacet
  facet normal 0 0 -1
    outer loop
      vertex -15.521 -16.8 -0.9
      vertex -3.29242 -8.12636 -0.9
      vertex -3.81051 -19 -0.9
    endloop
  endfacet
  facet normal 0 0 -1
    outer loop
      vertex -15.521 -16.8 -0.9
      vertex -3.81051 -19 -0.9
      vertex -10.2 -23.6 -0.9
    endloop
  endfacet
  facet normal 0 0 -1
    outer loop
      vertex 26.7659 18.3881 -0.9
      vertex 14.0341 18.3881 -0.9
      vertex 27.006 18.875 -0.9
    endloop
  endfacet
  facet normal -0 0 -1
    outer loop
      vertex 25.721 28 -0.9
      vertex 14.3145 27.4583 -0.9
      vertex 14.35 28 -0.9
    endloop
  endfacet
  facet normal 0 0 -1
    outer loop
      vertex 13.794 18.875 -0.9
      vertex 27.006 18.875 -0.9
      vertex 14.0341 18.3881 -0.9
    endloop
  endfacet
  facet normal 0 0 -1
    outer loop
      vertex 25.721 28 -0.9
      vertex 14.2086 26.9259 -0.9
      vertex 14.3145 27.4583 -0.9
    endloop
  endfacet
  facet normal 0 0 -1
    outer loop
      vertex 13.794 25.925 -0.9
      vertex 27.006 18.875 -0.9
      vertex 13.794 18.875 -0.9
    endloop
  endfacet
  facet normal 0 0 -1
    outer loop
      vertex 25.721 28 -0.9
      vertex 14.0341 26.4119 -0.9
      vertex 14.2086 26.9259 -0.9
    endloop
  endfacet
  facet normal 0 0 -1
    outer loop
      vertex 27.006 18.875 -0.9
      vertex 13.794 25.925 -0.9
      vertex 25.721 28 -0.9
    endloop
  endfacet
  facet normal 0 0 -1
    outer loop
      vertex 25.721 28 -0.9
      vertex 13.794 25.925 -0.9
      vertex 14.0341 26.4119 -0.9
    endloop
  endfacet
  facet normal 0 0 -1
    outer loop
      vertex 13.4924 19.3264 -0.9
      vertex 13.794 25.925 -0.9
      vertex 13.794 18.875 -0.9
    endloop
  endfacet
  facet normal 0 0 -1
    outer loop
      vertex 13.4924 19.3264 -0.9
      vertex 13.4924 25.4736 -0.9
      vertex 13.794 25.925 -0.9
    endloop
  endfacet
  facet normal 0 0 -1
    outer loop
      vertex 13.1345 19.7345 -0.9
      vertex 13.4924 25.4736 -0.9
      vertex 13.4924 19.3264 -0.9
    endloop
  endfacet
  facet normal 0 0 -1
    outer loop
      vertex 13.1345 19.7345 -0.9
      vertex 13.1345 25.0655 -0.9
      vertex 13.4924 25.4736 -0.9
    endloop
  endfacet
  facet normal 0 0 -1
    outer loop
      vertex 12.7264 20.0924 -0.9
      vertex 13.1345 25.0655 -0.9
      vertex 13.1345 19.7345 -0.9
    endloop
  endfacet
  facet normal 0 0 -1
    outer loop
      vertex 12.7264 20.0924 -0.9
      vertex 12.7264 24.7076 -0.9
      vertex 13.1345 25.0655 -0.9
    endloop
  endfacet
  facet normal 0 0 -1
    outer loop
      vertex 12.275 20.394 -0.9
      vertex 12.7264 24.7076 -0.9
      vertex 12.7264 20.0924 -0.9
    endloop
  endfacet
  facet normal 0 0 -1
    outer loop
      vertex 12.275 20.394 -0.9
      vertex 12.275 24.406 -0.9
      vertex 12.7264 24.7076 -0.9
    endloop
  endfacet
  facet normal 0 0 -1
    outer loop
      vertex 11.7881 20.6341 -0.9
      vertex 12.275 24.406 -0.9
      vertex 12.275 20.394 -0.9
    endloop
  endfacet
  facet normal 0 0 -1
    outer loop
      vertex 11.7881 20.6341 -0.9
      vertex 11.7881 24.1659 -0.9
      vertex 12.275 24.406 -0.9
    endloop
  endfacet
  facet normal 0 0 -1
    outer loop
      vertex 11.2741 20.8086 -0.9
      vertex 11.7881 24.1659 -0.9
      vertex 11.7881 20.6341 -0.9
    endloop
  endfacet
  facet normal 0 0 -1
    outer loop
      vertex 11.2741 20.8086 -0.9
      vertex 11.2741 23.9914 -0.9
      vertex 11.7881 24.1659 -0.9
    endloop
  endfacet
  facet normal 0 0 -1
    outer loop
      vertex 10.7417 20.9145 -0.9
      vertex 11.2741 23.9914 -0.9
      vertex 11.2741 20.8086 -0.9
    endloop
  endfacet
  facet normal 0 0 -1
    outer loop
      vertex 10.7417 20.9145 -0.9
      vertex 10.7417 23.8855 -0.9
      vertex 11.2741 23.9914 -0.9
    endloop
  endfacet
  facet normal 0 0 -1
    outer loop
      vertex 10.2 20.95 -0.9
      vertex 10.7417 23.8855 -0.9
      vertex 10.7417 20.9145 -0.9
    endloop
  endfacet
  facet normal 0 0 -1
    outer loop
      vertex 10.2 20.95 -0.9
      vertex 10.2 23.85 -0.9
      vertex 10.7417 23.8855 -0.9
    endloop
  endfacet
  facet normal 0 0 -1
    outer loop
      vertex 9.65832 20.9145 -0.9
      vertex 10.2 23.85 -0.9
      vertex 10.2 20.95 -0.9
    endloop
  endfacet
  facet normal 0 0 -1
    outer loop
      vertex 9.65832 20.9145 -0.9
      vertex 9.65832 23.8855 -0.9
      vertex 10.2 23.85 -0.9
    endloop
  endfacet
  facet normal 0 0 -1
    outer loop
      vertex 9.1259 20.8086 -0.9
      vertex 9.65832 23.8855 -0.9
      vertex 9.65832 20.9145 -0.9
    endloop
  endfacet
  facet normal 0 0 -1
    outer loop
      vertex 9.1259 20.8086 -0.9
      vertex 9.1259 23.9914 -0.9
      vertex 9.65832 23.8855 -0.9
    endloop
  endfacet
  facet normal 0 0 -1
    outer loop
      vertex 8.61186 20.6341 -0.9
      vertex 9.1259 23.9914 -0.9
      vertex 9.1259 20.8086 -0.9
    endloop
  endfacet
  facet normal 0 0 -1
    outer loop
      vertex 8.61186 20.6341 -0.9
      vertex 8.61186 24.1659 -0.9
      vertex 9.1259 23.9914 -0.9
    endloop
  endfacet
  facet normal 0 0 -1
    outer loop
      vertex 8.125 20.394 -0.9
      vertex 8.61186 24.1659 -0.9
      vertex 8.61186 20.6341 -0.9
    endloop
  endfacet
  facet normal 0 0 -1
    outer loop
      vertex 8.125 20.394 -0.9
      vertex 8.125 24.406 -0.9
      vertex 8.61186 24.1659 -0.9
    endloop
  endfacet
  facet normal 0 0 -1
    outer loop
      vertex 7.67364 20.0924 -0.9
      vertex 8.125 24.406 -0.9
      vertex 8.125 20.394 -0.9
    endloop
  endfacet
  facet normal 0 0 -1
    outer loop
      vertex 7.67364 20.0924 -0.9
      vertex 7.67364 24.7076 -0.9
      vertex 8.125 24.406 -0.9
    endloop
  endfacet
  facet normal 0 0 -1
    outer loop
      vertex 7.26551 19.7345 -0.9
      vertex 7.67364 24.7076 -0.9
      vertex 7.67364 20.0924 -0.9
    endloop
  endfacet
  facet normal 0 0 -1
    outer loop
      vertex 7.26551 19.7345 -0.9
      vertex 7.26551 25.0655 -0.9
      vertex 7.67364 24.7076 -0.9
    endloop
  endfacet
  facet normal 0 0 -1
    outer loop
      vertex 6.90758 19.3264 -0.9
      vertex 7.26551 25.0655 -0.9
      vertex 7.26551 19.7345 -0.9
    endloop
  endfacet
  facet normal 0 0 -1
    outer loop
      vertex 6.90758 19.3264 -0.9
      vertex 6.90758 25.4736 -0.9
      vertex 7.26551 25.0655 -0.9
    endloop
  endfacet
  facet normal 0 0 -1
    outer loop
      vertex 6.60599 18.875 -0.9
      vertex 6.90758 25.4736 -0.9
      vertex 6.90758 19.3264 -0.9
    endloop
  endfacet
  facet normal 0 0 -1
    outer loop
      vertex 6.60599 18.875 -0.9
      vertex 6.60599 25.925 -0.9
      vertex 6.90758 25.4736 -0.9
    endloop
  endfacet
  facet normal 0 0 -1
    outer loop
      vertex -5.9 21.1 -0.9
      vertex 6.60599 18.875 -0.9
      vertex 6.3659 18.3881 -0.9
    endloop
  endfacet
  facet normal 0 0 -1
    outer loop
      vertex 6.60599 18.875 -0.9
      vertex -5.9 21.1 -0.9
      vertex 6.60599 25.925 -0.9
    endloop
  endfacet
  facet normal 0 0 -1
    outer loop
      vertex -5.9 21.1 -0.9
      vertex 6.3659 18.3881 -0.9
      vertex 6.19141 17.8741 -0.9
    endloop
  endfacet
  facet normal -0 0 -1
    outer loop
      vertex 6.60599 25.925 -0.9
      vertex -5.9 21.1 -0.9
      vertex 6.3659 26.4119 -0.9
    endloop
  endfacet
  facet normal 0 0 -1
    outer loop
      vertex -5.9 21.1 -0.9
      vertex 6.19141 17.8741 -0.9
      vertex 6.0855 17.3417 -0.9
    endloop
  endfacet
  facet normal 0 0 -1
    outer loop
      vertex -6.38949 25.8 -0.9
      vertex 6.3659 26.4119 -0.9
      vertex -5.9 21.1 -0.9
    endloop
  endfacet
  facet normal 0 0 -1
    outer loop
      vertex -5.9 21.1 -0.9
      vertex 6.0855 17.3417 -0.9
      vertex 6.05 16.8 -0.9
    endloop
  endfacet
  facet normal -0 0 -1
    outer loop
      vertex 6.3659 26.4119 -0.9
      vertex -6.38949 25.8 -0.9
      vertex 6.19141 26.9259 -0.9
    endloop
  endfacet
  facet normal 0 0 -1
    outer loop
      vertex 20.4 10 -0.9
      vertex 14.3145 16.2583 -0.9
      vertex 14.35 16.8 -0.9
    endloop
  endfacet
  facet normal 0 0 -1
    outer loop
      vertex 10.2 -1.2 -0.9
      vertex 16.5895 3.4 -0.9
      vertex 14.0105 -7.8 -0.9
    endloop
  endfacet
  facet normal 0 0 -1
    outer loop
      vertex 16.5895 3.4 -0.9
      vertex 14.2086 15.7259 -0.9
      vertex 14.3145 16.2583 -0.9
    endloop
  endfacet
  facet normal 0 0 -1
    outer loop
      vertex 16.5895 3.4 -0.9
      vertex 14.0341 15.2119 -0.9
      vertex 14.2086 15.7259 -0.9
    endloop
  endfacet
  facet normal 0 0 -1
    outer loop
      vertex 14.5 -12.5 -0.9
      vertex 6.38949 -7.8 -0.9
      vertex 14.0105 -7.8 -0.9
    endloop
  endfacet
  facet normal -0 0 -1
    outer loop
      vertex 6.90758 14.2736 -0.9
      vertex 0 10.479 -0.9
      vertex 6.60599 14.725 -0.9
    endloop
  endfacet
  facet normal -0 0 -1
    outer loop
      vertex 6.60599 14.725 -0.9
      vertex 0 10.479 -0.9
      vertex 6.3659 15.2119 -0.9
    endloop
  endfacet
  facet normal -0 0 -1
    outer loop
      vertex 6.3659 15.2119 -0.9
      vertex 0 10.479 -0.9
      vertex 6.19141 15.7259 -0.9
    endloop
  endfacet
  facet normal -0 0 -1
    outer loop
      vertex 6.19141 15.7259 -0.9
      vertex 0 10.479 -0.9
      vertex 6.0855 16.2583 -0.9
    endloop
  endfacet
  facet normal 0 0 -1
    outer loop
      vertex 4.87904 5.6 -0.9
      vertex 6.38949 -7.8 -0.9
      vertex 5.9 -12.5 -0.9
    endloop
  endfacet
  facet normal 0 0 -1
    outer loop
      vertex 5.9 -12.5 -0.9
      vertex 6.38949 -7.8 -0.9
      vertex 14.5 -12.5 -0.9
    endloop
  endfacet
  facet normal 0 0 -1
    outer loop
      vertex 14.3145 -27.4583 -0.9
      vertex 25.721 -28 -0.9
      vertex 14.35 -28 -0.9
    endloop
  endfacet
  facet normal 0 0 -1
    outer loop
      vertex 16 -34.8 -0.9
      vertex 14.3145 -28.5417 -0.9
      vertex 14.35 -28 -0.9
    endloop
  endfacet
  facet normal 0 0 -1
    outer loop
      vertex 16 -34.8 -0.9
      vertex 14.2086 -29.0741 -0.9
      vertex 14.3145 -28.5417 -0.9
    endloop
  endfacet
  facet normal 0 0 -1
    outer loop
      vertex 16 -34.8 -0.9
      vertex 14.0341 -29.5881 -0.9
      vertex 14.2086 -29.0741 -0.9
    endloop
  endfacet
  facet normal 0 0 -1
    outer loop
      vertex 16 -34.8 -0.9
      vertex 13.794 -30.075 -0.9
      vertex 14.0341 -29.5881 -0.9
    endloop
  endfacet
  facet normal 0 0 -1
    outer loop
      vertex 16 -34.8 -0.9
      vertex 13.4924 -30.5264 -0.9
      vertex 13.794 -30.075 -0.9
    endloop
  endfacet
  facet normal 0 0 -1
    outer loop
      vertex 14.6 -34.8 -0.9
      vertex 13.1345 -30.9345 -0.9
      vertex 13.4924 -30.5264 -0.9
    endloop
  endfacet
  facet normal 0 0 -1
    outer loop
      vertex 14.6 -34.8 -0.9
      vertex 12.7264 -31.2924 -0.9
      vertex 13.1345 -30.9345 -0.9
    endloop
  endfacet
  facet normal 0 0 -1
    outer loop
      vertex 14.6 -34.8 -0.9
      vertex 12.275 -31.594 -0.9
      vertex 12.7264 -31.2924 -0.9
    endloop
  endfacet
  facet normal 0 0 -1
    outer loop
      vertex 14.6 -34.8 -0.9
      vertex 11.7881 -31.8341 -0.9
      vertex 12.275 -31.594 -0.9
    endloop
  endfacet
  facet normal 0 0 -1
    outer loop
      vertex 14.6 -34.8 -0.9
      vertex 11.2741 -32.0086 -0.9
      vertex 11.7881 -31.8341 -0.9
    endloop
  endfacet
  facet normal 0 0 -1
    outer loop
      vertex 14.6 -34.8 -0.9
      vertex 10.7417 -32.1145 -0.9
      vertex 11.2741 -32.0086 -0.9
    endloop
  endfacet
  facet normal 0 0 -1
    outer loop
      vertex 14.6 -34.8 -0.9
      vertex 10.2 -32.15 -0.9
      vertex 10.7417 -32.1145 -0.9
    endloop
  endfacet
  facet normal 0 0 -1
    outer loop
      vertex 5.8 -34.8 -0.9
      vertex 10.2 -32.15 -0.9
      vertex 14.6 -34.8 -0.9
    endloop
  endfacet
  facet normal -0 0 -1
    outer loop
      vertex 10.2 -32.15 -0.9
      vertex 5.8 -34.8 -0.9
      vertex 9.65832 -32.1145 -0.9
    endloop
  endfacet
  facet normal -0 0 -1
    outer loop
      vertex 9.65832 -32.1145 -0.9
      vertex 5.8 -34.8 -0.9
      vertex 9.1259 -32.0086 -0.9
    endloop
  endfacet
  facet normal -0 0 -1
    outer loop
      vertex 9.1259 -32.0086 -0.9
      vertex 5.8 -34.8 -0.9
      vertex 8.61186 -31.8341 -0.9
    endloop
  endfacet
  facet normal 0 0 -1
    outer loop
      vertex -6.38949 -30.2 -0.9
      vertex 6.19141 -29.0741 -0.9
      vertex -4.4 -34.8 -0.9
    endloop
  endfacet
  facet normal 0 0 -1
    outer loop
      vertex 4.4 -34.8 -0.9
      vertex 5.8 -34.8 -0.9
      vertex 4.4 -42.2 -0.9
    endloop
  endfacet
  facet normal 0 0 -1
    outer loop
      vertex -4.4 -34.8 -0.9
      vertex 6.19141 -29.0741 -0.9
      vertex 4.4 -34.8 -0.9
    endloop
  endfacet
  facet normal -0 0 -1
    outer loop
      vertex 6.3659 -29.5881 -0.9
      vertex 4.4 -34.8 -0.9
      vertex 6.19141 -29.0741 -0.9
    endloop
  endfacet
  facet normal -0 0 -1
    outer loop
      vertex 6.60599 -30.075 -0.9
      vertex 4.4 -34.8 -0.9
      vertex 6.3659 -29.5881 -0.9
    endloop
  endfacet
  facet normal -0 0 -1
    outer loop
      vertex 6.90758 -30.5264 -0.9
      vertex 4.4 -34.8 -0.9
      vertex 6.60599 -30.075 -0.9
    endloop
  endfacet
  facet normal 0 0 -1
    outer loop
      vertex 4.4 -34.8 -0.9
      vertex 6.90758 -30.5264 -0.9
      vertex 5.8 -34.8 -0.9
    endloop
  endfacet
  facet normal -0 0 -1
    outer loop
      vertex 7.26551 -30.9345 -0.9
      vertex 5.8 -34.8 -0.9
      vertex 6.90758 -30.5264 -0.9
    endloop
  endfacet
  facet normal -0 0 -1
    outer loop
      vertex 7.67364 -31.2924 -0.9
      vertex 5.8 -34.8 -0.9
      vertex 7.26551 -30.9345 -0.9
    endloop
  endfacet
  facet normal -0 0 -1
    outer loop
      vertex 8.125 -31.594 -0.9
      vertex 5.8 -34.8 -0.9
      vertex 7.67364 -31.2924 -0.9
    endloop
  endfacet
  facet normal -0 0 -1
    outer loop
      vertex 8.61186 -31.8341 -0.9
      vertex 5.8 -34.8 -0.9
      vertex 8.125 -31.594 -0.9
    endloop
  endfacet
  facet normal 0 0 -1
    outer loop
      vertex 14.2086 -26.9259 -0.9
      vertex 25.721 -28 -0.9
      vertex 14.3145 -27.4583 -0.9
    endloop
  endfacet
  facet normal 0 0 -1
    outer loop
      vertex 14.0341 -26.4119 -0.9
      vertex 25.721 -28 -0.9
      vertex 14.2086 -26.9259 -0.9
    endloop
  endfacet
  facet normal 0 0 -1
    outer loop
      vertex 25.721 -28 -0.9
      vertex 14.0341 -26.4119 -0.9
      vertex 14.5 -21.1 -0.9
    endloop
  endfacet
  facet normal 0 0 -1
    outer loop
      vertex 13.794 -25.925 -0.9
      vertex 14.5 -21.1 -0.9
      vertex 14.0341 -26.4119 -0.9
    endloop
  endfacet
  facet normal 0 0 -1
    outer loop
      vertex 13.4924 -25.4736 -0.9
      vertex 14.5 -21.1 -0.9
      vertex 13.794 -25.925 -0.9
    endloop
  endfacet
  facet normal 0 0 -1
    outer loop
      vertex 13.1345 -25.0655 -0.9
      vertex 14.5 -21.1 -0.9
      vertex 13.4924 -25.4736 -0.9
    endloop
  endfacet
  facet normal 0 0 -1
    outer loop
      vertex 12.7264 -24.7076 -0.9
      vertex 14.5 -21.1 -0.9
      vertex 13.1345 -25.0655 -0.9
    endloop
  endfacet
  facet normal 0 0 -1
    outer loop
      vertex 12.275 -24.406 -0.9
      vertex 14.5 -21.1 -0.9
      vertex 12.7264 -24.7076 -0.9
    endloop
  endfacet
  facet normal 0 0 -1
    outer loop
      vertex 11.7881 -24.1659 -0.9
      vertex 14.5 -21.1 -0.9
      vertex 12.275 -24.406 -0.9
    endloop
  endfacet
  facet normal 0 0 -1
    outer loop
      vertex 11.2741 -23.9914 -0.9
      vertex 14.5 -21.1 -0.9
      vertex 11.7881 -24.1659 -0.9
    endloop
  endfacet
  facet normal 0 0 -1
    outer loop
      vertex 10.7417 -23.8855 -0.9
      vertex 14.5 -21.1 -0.9
      vertex 11.2741 -23.9914 -0.9
    endloop
  endfacet
  facet normal 0 0 -1
    outer loop
      vertex 10.2 -23.85 -0.9
      vertex 14.5 -21.1 -0.9
      vertex 10.7417 -23.8855 -0.9
    endloop
  endfacet
  facet normal 0 0 -1
    outer loop
      vertex 5.9 -21.1 -0.9
      vertex 10.2 -23.85 -0.9
      vertex 9.65832 -23.8855 -0.9
    endloop
  endfacet
  facet normal 0 0 -1
    outer loop
      vertex 5.9 -21.1 -0.9
      vertex 9.65832 -23.8855 -0.9
      vertex 9.1259 -23.9914 -0.9
    endloop
  endfacet
  facet normal 0 0 -1
    outer loop
      vertex 5.9 -21.1 -0.9
      vertex 9.1259 -23.9914 -0.9
      vertex 8.61186 -24.1659 -0.9
    endloop
  endfacet
  facet normal 0 0 -1
    outer loop
      vertex 5.9 -21.1 -0.9
      vertex 8.61186 -24.1659 -0.9
      vertex 8.125 -24.406 -0.9
    endloop
  endfacet
  facet normal 0 0 -1
    outer loop
      vertex 10.2 -23.85 -0.9
      vertex 5.9 -21.1 -0.9
      vertex 14.5 -21.1 -0.9
    endloop
  endfacet
  facet normal 0 0 -1
    outer loop
      vertex 7.67364 -24.7076 -0.9
      vertex 5.9 -21.1 -0.9
      vertex 8.125 -24.406 -0.9
    endloop
  endfacet
  facet normal 0 0 -1
    outer loop
      vertex 7.26551 -25.0655 -0.9
      vertex 5.9 -21.1 -0.9
      vertex 7.67364 -24.7076 -0.9
    endloop
  endfacet
  facet normal 0 0 -1
    outer loop
      vertex 6.90758 -25.4736 -0.9
      vertex 5.9 -21.1 -0.9
      vertex 7.26551 -25.0655 -0.9
    endloop
  endfacet
  facet normal 0 0 -1
    outer loop
      vertex 6.60599 -25.925 -0.9
      vertex 5.9 -21.1 -0.9
      vertex 6.90758 -25.4736 -0.9
    endloop
  endfacet
  facet normal 0 0 -1
    outer loop
      vertex 6.3659 -26.4119 -0.9
      vertex 5.9 -21.1 -0.9
      vertex 6.60599 -25.925 -0.9
    endloop
  endfacet
  facet normal 0 0 -1
    outer loop
      vertex 6.19141 -26.9259 -0.9
      vertex 5.9 -21.1 -0.9
      vertex 6.3659 -26.4119 -0.9
    endloop
  endfacet
  facet normal -0 0 -1
    outer loop
      vertex 6.05 -28 -0.9
      vertex -6.38949 -30.2 -0.9
      vertex 6.0855 -27.4583 -0.9
    endloop
  endfacet
  facet normal -0 0 -1
    outer loop
      vertex 6.19141 -29.0741 -0.9
      vertex -6.38949 -30.2 -0.9
      vertex 6.0855 -28.5417 -0.9
    endloop
  endfacet
  facet normal 0 0 -1
    outer loop
      vertex 16.5895 3.4 -0.9
      vertex 13.794 14.725 -0.9
      vertex 14.0341 15.2119 -0.9
    endloop
  endfacet
  facet normal 0 0 -1
    outer loop
      vertex 16.5895 3.4 -0.9
      vertex 13.4924 14.2736 -0.9
      vertex 13.794 14.725 -0.9
    endloop
  endfacet
  facet normal 0 0 -1
    outer loop
      vertex 4.87904 5.6 -0.9
      vertex 16.5895 3.4 -0.9
      vertex 10.2 -1.2 -0.9
    endloop
  endfacet
  facet normal 0 0 -1
    outer loop
      vertex 16.5895 3.4 -0.9
      vertex 13.1345 13.8655 -0.9
      vertex 13.4924 14.2736 -0.9
    endloop
  endfacet
  facet normal 0 0 -1
    outer loop
      vertex 16.5895 3.4 -0.9
      vertex 12.7264 13.5076 -0.9
      vertex 13.1345 13.8655 -0.9
    endloop
  endfacet
  facet normal 0 0 -1
    outer loop
      vertex 16.5895 3.4 -0.9
      vertex 12.275 13.206 -0.9
      vertex 12.7264 13.5076 -0.9
    endloop
  endfacet
  facet normal 0 0 -1
    outer loop
      vertex 16.5895 3.4 -0.9
      vertex 11.7881 12.9659 -0.9
      vertex 12.275 13.206 -0.9
    endloop
  endfacet
  facet normal 0 0 -1
    outer loop
      vertex 16.5895 3.4 -0.9
      vertex 11.2741 12.7914 -0.9
      vertex 11.7881 12.9659 -0.9
    endloop
  endfacet
  facet normal 0 0 -1
    outer loop
      vertex 16.5895 3.4 -0.9
      vertex 10.7417 12.6855 -0.9
      vertex 11.2741 12.7914 -0.9
    endloop
  endfacet
  facet normal 0 0 -1
    outer loop
      vertex 16.5895 3.4 -0.9
      vertex 4.87904 5.6 -0.9
      vertex 10.7417 12.6855 -0.9
    endloop
  endfacet
  facet normal 0 0 -1
    outer loop
      vertex 10.7417 12.6855 -0.9
      vertex 4.87904 5.6 -0.9
      vertex 10.2 12.65 -0.9
    endloop
  endfacet
  facet normal -0 0 -1
    outer loop
      vertex 10.2 12.65 -0.9
      vertex 4.87904 5.6 -0.9
      vertex 9.65832 12.6855 -0.9
    endloop
  endfacet
  facet normal -0 0 -1
    outer loop
      vertex 9.65832 12.6855 -0.9
      vertex 4.87904 5.6 -0.9
      vertex 9.1259 12.7914 -0.9
    endloop
  endfacet
  facet normal -0 0 -1
    outer loop
      vertex 9.1259 12.7914 -0.9
      vertex 4.87904 5.6 -0.9
      vertex 8.61186 12.9659 -0.9
    endloop
  endfacet
  facet normal -0 0 -1
    outer loop
      vertex 8.61186 12.9659 -0.9
      vertex 4.87904 5.6 -0.9
      vertex 8.125 13.206 -0.9
    endloop
  endfacet
  facet normal -0 0 -1
    outer loop
      vertex 8.125 13.206 -0.9
      vertex 4.87904 5.6 -0.9
      vertex 7.67364 13.5076 -0.9
    endloop
  endfacet
  facet normal 0 0 -1
    outer loop
      vertex 0 10.479 -0.9
      vertex 7.67364 13.5076 -0.9
      vertex 4.87904 5.6 -0.9
    endloop
  endfacet
  facet normal 0 0 -1
    outer loop
      vertex 4.87904 5.6 -0.9
      vertex 10.2 -1.2 -0.9
      vertex 6.38949 -7.8 -0.9
    endloop
  endfacet
  facet normal -0 0 -1
    outer loop
      vertex 7.67364 13.5076 -0.9
      vertex 0 10.479 -0.9
      vertex 7.26551 13.8655 -0.9
    endloop
  endfacet
  facet normal -0 0 -1
    outer loop
      vertex 7.26551 13.8655 -0.9
      vertex 0 10.479 -0.9
      vertex 6.90758 14.2736 -0.9
    endloop
  endfacet
  facet normal 0 0 -1
    outer loop
      vertex 26.45 -5.6 -0.9
      vertex 16.5895 3.4 -0.9
      vertex 24.2105 3.4 -0.9
    endloop
  endfacet
  facet normal 0 0 -1
    outer loop
      vertex 14.35 -28 -0.9
      vertex 25.721 -28 -0.9
      vertex 16 -34.8 -0.9
    endloop
  endfacet
  facet normal 0 0 -1
    outer loop
      vertex 36.9895 14.6 -0.9
      vertex 34.7145 16.2583 -0.9
      vertex 34.75 16.8 -0.9
    endloop
  endfacet
  facet normal 0 0 -1
    outer loop
      vertex 36.9895 14.6 -0.9
      vertex 34.6086 15.7259 -0.9
      vertex 34.7145 16.2583 -0.9
    endloop
  endfacet
  facet normal 0 0 -1
    outer loop
      vertex 36.9895 14.6 -0.9
      vertex 34.4341 15.2119 -0.9
      vertex 34.6086 15.7259 -0.9
    endloop
  endfacet
  facet normal 0 0 -1
    outer loop
      vertex 36.9895 14.6 -0.9
      vertex 34.194 14.725 -0.9
      vertex 34.4341 15.2119 -0.9
    endloop
  endfacet
  facet normal -0 0 -1
    outer loop
      vertex 36.9895 14.6 -0.9
      vertex 33.8924 14.2736 -0.9
      vertex 34.194 14.725 -0.9
    endloop
  endfacet
  facet normal 0 0 -1
    outer loop
      vertex 34.9 9.9 -0.9
      vertex 33.5345 13.8655 -0.9
      vertex 33.8924 14.2736 -0.9
    endloop
  endfacet
  facet normal 0 0 -1
    outer loop
      vertex 34.9 9.9 -0.9
      vertex 33.1264 13.5076 -0.9
      vertex 33.5345 13.8655 -0.9
    endloop
  endfacet
  facet normal 0 0 -1
    outer loop
      vertex 34.9 9.9 -0.9
      vertex 32.675 13.206 -0.9
      vertex 33.1264 13.5076 -0.9
    endloop
  endfacet
  facet normal 0 0 -1
    outer loop
      vertex 34.9 9.9 -0.9
      vertex 32.1881 12.9659 -0.9
      vertex 32.675 13.206 -0.9
    endloop
  endfacet
  facet normal 0 0 -1
    outer loop
      vertex 34.9 9.9 -0.9
      vertex 31.6741 12.7914 -0.9
      vertex 32.1881 12.9659 -0.9
    endloop
  endfacet
  facet normal 0 0 -1
    outer loop
      vertex 34.9 9.9 -0.9
      vertex 31.1417 12.6855 -0.9
      vertex 31.6741 12.7914 -0.9
    endloop
  endfacet
  facet normal 0 0 -1
    outer loop
      vertex 34.9 9.9 -0.9
      vertex 30.6 12.65 -0.9
      vertex 31.1417 12.6855 -0.9
    endloop
  endfacet
  facet normal 0 0 -1
    outer loop
      vertex 26.3 9.9 -0.9
      vertex 30.6 12.65 -0.9
      vertex 34.9 9.9 -0.9
    endloop
  endfacet
  facet normal -0 0 -1
    outer loop
      vertex 30.6 12.65 -0.9
      vertex 26.3 9.9 -0.9
      vertex 30.0583 12.6855 -0.9
    endloop
  endfacet
  facet normal -0 0 -1
    outer loop
      vertex 30.0583 12.6855 -0.9
      vertex 26.3 9.9 -0.9
      vertex 29.5259 12.7914 -0.9
    endloop
  endfacet
  facet normal -0 0 -1
    outer loop
      vertex 29.5259 12.7914 -0.9
      vertex 26.3 9.9 -0.9
      vertex 29.0119 12.9659 -0.9
    endloop
  endfacet
  facet normal -0 0 -1
    outer loop
      vertex 26.5914 15.7259 -0.9
      vertex 20.4 10 -0.9
      vertex 26.4855 16.2583 -0.9
    endloop
  endfacet
  facet normal -0 0 -1
    outer loop
      vertex 26.7659 15.2119 -0.9
      vertex 20.4 10 -0.9
      vertex 26.5914 15.7259 -0.9
    endloop
  endfacet
  facet normal -0 0 -1
    outer loop
      vertex 27.006 14.725 -0.9
      vertex 20.4 10 -0.9
      vertex 26.7659 15.2119 -0.9
    endloop
  endfacet
  facet normal 0 0 -1
    outer loop
      vertex 20.4 10 -0.9
      vertex 27.006 14.725 -0.9
      vertex 26.3 9.9 -0.9
    endloop
  endfacet
  facet normal -0 0 -1
    outer loop
      vertex 27.3076 14.2736 -0.9
      vertex 26.3 9.9 -0.9
      vertex 27.006 14.725 -0.9
    endloop
  endfacet
  facet normal -0 0 -1
    outer loop
      vertex 27.6655 13.8655 -0.9
      vertex 26.3 9.9 -0.9
      vertex 27.3076 14.2736 -0.9
    endloop
  endfacet
  facet normal -0 0 -1
    outer loop
      vertex 28.0736 13.5076 -0.9
      vertex 26.3 9.9 -0.9
      vertex 27.6655 13.8655 -0.9
    endloop
  endfacet
  facet normal -0 0 -1
    outer loop
      vertex 28.525 13.206 -0.9
      vertex 26.3 9.9 -0.9
      vertex 28.0736 13.5076 -0.9
    endloop
  endfacet
  facet normal -0 0 -1
    outer loop
      vertex 29.0119 12.9659 -0.9
      vertex 26.3 9.9 -0.9
      vertex 28.525 13.206 -0.9
    endloop
  endfacet
  facet normal 0 0 -1
    outer loop
      vertex 34.6086 -15.7259 -0.9
      vertex 46.85 -16.8 -0.9
      vertex 34.7145 -16.2583 -0.9
    endloop
  endfacet
  facet normal 0 0 -1
    outer loop
      vertex 46.85 -16.8 -0.9
      vertex 34.7145 -6.14168 -0.9
      vertex 34.75 -5.6 -0.9
    endloop
  endfacet
  facet normal 0 0 -1
    outer loop
      vertex 34.4341 -15.2119 -0.9
      vertex 46.85 -16.8 -0.9
      vertex 34.6086 -15.7259 -0.9
    endloop
  endfacet
  facet normal 0 0 -1
    outer loop
      vertex 46.85 -16.8 -0.9
      vertex 34.6086 -6.6741 -0.9
      vertex 34.7145 -6.14168 -0.9
    endloop
  endfacet
  facet normal 0 0 -1
    outer loop
      vertex 34.194 -14.725 -0.9
      vertex 46.85 -16.8 -0.9
      vertex 34.4341 -15.2119 -0.9
    endloop
  endfacet
  facet normal 0 0 -1
    outer loop
      vertex 46.85 -16.8 -0.9
      vertex 34.4341 -7.18814 -0.9
      vertex 34.6086 -6.6741 -0.9
    endloop
  endfacet
  facet normal 0 0 -1
    outer loop
      vertex 34.194 -7.675 -0.9
      vertex 46.85 -16.8 -0.9
      vertex 34.194 -14.725 -0.9
    endloop
  endfacet
  facet normal 0 0 -1
    outer loop
      vertex 46.85 -16.8 -0.9
      vertex 34.194 -7.675 -0.9
      vertex 34.4341 -7.18814 -0.9
    endloop
  endfacet
  facet normal 0 0 -1
    outer loop
      vertex 33.8924 -14.2736 -0.9
      vertex 34.194 -7.675 -0.9
      vertex 34.194 -14.725 -0.9
    endloop
  endfacet
  facet normal 0 0 -1
    outer loop
      vertex 33.8924 -14.2736 -0.9
      vertex 33.8924 -8.12636 -0.9
      vertex 34.194 -7.675 -0.9
    endloop
  endfacet
  facet normal 0 0 -1
    outer loop
      vertex 33.5345 -13.8655 -0.9
      vertex 33.8924 -8.12636 -0.9
      vertex 33.8924 -14.2736 -0.9
    endloop
  endfacet
  facet normal 0 0 -1
    outer loop
      vertex 33.5345 -13.8655 -0.9
      vertex 33.5345 -8.53449 -0.9
      vertex 33.8924 -8.12636 -0.9
    endloop
  endfacet
  facet normal 0 0 -1
    outer loop
      vertex 33.1264 -13.5076 -0.9
      vertex 33.5345 -8.53449 -0.9
      vertex 33.5345 -13.8655 -0.9
    endloop
  endfacet
  facet normal 0 0 -1
    outer loop
      vertex 33.1264 -13.5076 -0.9
      vertex 33.1264 -8.89242 -0.9
      vertex 33.5345 -8.53449 -0.9
    endloop
  endfacet
  facet normal 0 0 -1
    outer loop
      vertex 32.675 -13.206 -0.9
      vertex 33.1264 -8.89242 -0.9
      vertex 33.1264 -13.5076 -0.9
    endloop
  endfacet
  facet normal 0 0 -1
    outer loop
      vertex 32.675 -13.206 -0.9
      vertex 32.675 -9.19401 -0.9
      vertex 33.1264 -8.89242 -0.9
    endloop
  endfacet
  facet normal 0 0 -1
    outer loop
      vertex 32.1881 -12.9659 -0.9
      vertex 32.675 -9.19401 -0.9
      vertex 32.675 -13.206 -0.9
    endloop
  endfacet
  facet normal 0 0 -1
    outer loop
      vertex 32.1881 -12.9659 -0.9
      vertex 32.1881 -9.4341 -0.9
      vertex 32.675 -9.19401 -0.9
    endloop
  endfacet
  facet normal 0 0 -1
    outer loop
      vertex 31.6741 -12.7914 -0.9
      vertex 32.1881 -9.4341 -0.9
      vertex 32.1881 -12.9659 -0.9
    endloop
  endfacet
  facet normal 0 0 -1
    outer loop
      vertex 31.6741 -12.7914 -0.9
      vertex 31.6741 -9.60859 -0.9
      vertex 32.1881 -9.4341 -0.9
    endloop
  endfacet
  facet normal 0 0 -1
    outer loop
      vertex 31.1417 -12.6855 -0.9
      vertex 31.6741 -9.60859 -0.9
      vertex 31.6741 -12.7914 -0.9
    endloop
  endfacet
  facet normal 0 0 -1
    outer loop
      vertex 31.1417 -12.6855 -0.9
      vertex 31.1417 -9.7145 -0.9
      vertex 31.6741 -9.60859 -0.9
    endloop
  endfacet
  facet normal 0 0 -1
    outer loop
      vertex 30.6 -12.65 -0.9
      vertex 31.1417 -9.7145 -0.9
      vertex 31.1417 -12.6855 -0.9
    endloop
  endfacet
  facet normal 0 0 -1
    outer loop
      vertex 30.6 -12.65 -0.9
      vertex 30.6 -9.75 -0.9
      vertex 31.1417 -9.7145 -0.9
    endloop
  endfacet
  facet normal 0 0 -1
    outer loop
      vertex 30.0583 -12.6855 -0.9
      vertex 30.6 -9.75 -0.9
      vertex 30.6 -12.65 -0.9
    endloop
  endfacet
  facet normal 0 0 -1
    outer loop
      vertex 30.0583 -12.6855 -0.9
      vertex 30.0583 -9.7145 -0.9
      vertex 30.6 -9.75 -0.9
    endloop
  endfacet
  facet normal 0 0 -1
    outer loop
      vertex 29.5259 -12.7914 -0.9
      vertex 30.0583 -9.7145 -0.9
      vertex 30.0583 -12.6855 -0.9
    endloop
  endfacet
  facet normal 0 0 -1
    outer loop
      vertex 29.5259 -12.7914 -0.9
      vertex 29.5259 -9.60859 -0.9
      vertex 30.0583 -9.7145 -0.9
    endloop
  endfacet
  facet normal 0 0 -1
    outer loop
      vertex 29.0119 -12.9659 -0.9
      vertex 29.5259 -9.60859 -0.9
      vertex 29.5259 -12.7914 -0.9
    endloop
  endfacet
  facet normal 0 0 -1
    outer loop
      vertex 29.0119 -12.9659 -0.9
      vertex 29.0119 -9.4341 -0.9
      vertex 29.5259 -9.60859 -0.9
    endloop
  endfacet
  facet normal 0 0 -1
    outer loop
      vertex 28.525 -13.206 -0.9
      vertex 29.0119 -9.4341 -0.9
      vertex 29.0119 -12.9659 -0.9
    endloop
  endfacet
  facet normal 0 0 -1
    outer loop
      vertex 28.525 -13.206 -0.9
      vertex 28.525 -9.19401 -0.9
      vertex 29.0119 -9.4341 -0.9
    endloop
  endfacet
  facet normal 0 0 -1
    outer loop
      vertex 28.0736 -13.5076 -0.9
      vertex 28.525 -9.19401 -0.9
      vertex 28.525 -13.206 -0.9
    endloop
  endfacet
  facet normal 0 0 -1
    outer loop
      vertex 28.0736 -13.5076 -0.9
      vertex 28.0736 -8.89242 -0.9
      vertex 28.525 -9.19401 -0.9
    endloop
  endfacet
  facet normal 0 0 -1
    outer loop
      vertex 27.6655 -13.8655 -0.9
      vertex 28.0736 -8.89242 -0.9
      vertex 28.0736 -13.5076 -0.9
    endloop
  endfacet
  facet normal 0 0 -1
    outer loop
      vertex 27.6655 -13.8655 -0.9
      vertex 27.6655 -8.53449 -0.9
      vertex 28.0736 -8.89242 -0.9
    endloop
  endfacet
  facet normal 0 0 -1
    outer loop
      vertex 27.3076 -14.2736 -0.9
      vertex 27.6655 -8.53449 -0.9
      vertex 27.6655 -13.8655 -0.9
    endloop
  endfacet
  facet normal 0 0 -1
    outer loop
      vertex 27.3076 -14.2736 -0.9
      vertex 27.3076 -8.12636 -0.9
      vertex 27.6655 -8.53449 -0.9
    endloop
  endfacet
  facet normal 0 0 -1
    outer loop
      vertex 27.006 -14.725 -0.9
      vertex 27.3076 -8.12636 -0.9
      vertex 27.3076 -14.2736 -0.9
    endloop
  endfacet
  facet normal 0 0 -1
    outer loop
      vertex 27.006 -14.725 -0.9
      vertex 27.006 -7.675 -0.9
      vertex 27.3076 -8.12636 -0.9
    endloop
  endfacet
  facet normal 0 0 -1
    outer loop
      vertex 14.0105 -7.8 -0.9
      vertex 27.006 -14.725 -0.9
      vertex 26.7659 -15.2119 -0.9
    endloop
  endfacet
  facet normal 0 0 -1
    outer loop
      vertex 27.006 -14.725 -0.9
      vertex 14.0105 -7.8 -0.9
      vertex 27.006 -7.675 -0.9
    endloop
  endfacet
  facet normal 0 0 -1
    outer loop
      vertex 14.0105 -7.8 -0.9
      vertex 26.7659 -15.2119 -0.9
      vertex 26.5914 -15.7259 -0.9
    endloop
  endfacet
  facet normal -0 0 -1
    outer loop
      vertex 27.006 -7.675 -0.9
      vertex 14.0105 -7.8 -0.9
      vertex 26.7659 -7.18814 -0.9
    endloop
  endfacet
  facet normal 0 0 -1
    outer loop
      vertex 14.0105 -7.8 -0.9
      vertex 26.5914 -15.7259 -0.9
      vertex 26.4855 -16.2583 -0.9
    endloop
  endfacet
  facet normal -0 0 -1
    outer loop
      vertex 26.7659 -7.18814 -0.9
      vertex 14.0105 -7.8 -0.9
      vertex 26.5914 -6.6741 -0.9
    endloop
  endfacet
  facet normal 0 0 -1
    outer loop
      vertex 14.0105 -7.8 -0.9
      vertex 26.4855 -16.2583 -0.9
      vertex 26.45 -16.8 -0.9
    endloop
  endfacet
  facet normal 0 0 -1
    outer loop
      vertex 14.0105 -7.8 -0.9
      vertex 26.4855 -6.14168 -0.9
      vertex 26.5914 -6.6741 -0.9
    endloop
  endfacet
  facet normal -0 0 -1
    outer loop
      vertex 44.6105 14.6 -0.9
      vertex 34.9 9.9 -0.9
      vertex 36.9895 14.6 -0.9
    endloop
  endfacet
  facet normal 0 0 -1
    outer loop
      vertex 34.7145 -16.2583 -0.9
      vertex 46.85 -16.8 -0.9
      vertex 34.75 -16.8 -0.9
    endloop
  endfacet
  facet normal -0 0 -1
    outer loop
      vertex 46.85 -16.8 -0.9
      vertex 34.7145 -17.3417 -0.9
      vertex 34.75 -16.8 -0.9
    endloop
  endfacet
  facet normal 0 0 -1
    outer loop
      vertex 46.8855 -17.3417 -0.9
      vertex 34.7145 -17.3417 -0.9
      vertex 46.85 -16.8 -0.9
    endloop
  endfacet
  facet normal 0 -0 -1
    outer loop
      vertex 34.7145 -17.3417 -0.9
      vertex 46.8855 -17.3417 -0.9
      vertex 34.6086 -17.8741 -0.9
    endloop
  endfacet
  facet normal 0 0 -1
    outer loop
      vertex 46.9914 -17.8741 -0.9
      vertex 34.6086 -17.8741 -0.9
      vertex 46.8855 -17.3417 -0.9
    endloop
  endfacet
  facet normal 0 0 -1
    outer loop
      vertex 35.479 -28 -0.9
      vertex 33.8924 -19.3264 -0.9
      vertex 34.194 -18.875 -0.9
    endloop
  endfacet
  facet normal 0 0 -1
    outer loop
      vertex 35.479 -28 -0.9
      vertex 33.5345 -19.7345 -0.9
      vertex 33.8924 -19.3264 -0.9
    endloop
  endfacet
  facet normal 0 0 -1
    outer loop
      vertex 35.479 -28 -0.9
      vertex 33.1264 -20.0924 -0.9
      vertex 33.5345 -19.7345 -0.9
    endloop
  endfacet
  facet normal 0 0 -1
    outer loop
      vertex 35.479 -28 -0.9
      vertex 32.675 -20.394 -0.9
      vertex 33.1264 -20.0924 -0.9
    endloop
  endfacet
  facet normal 0 0 -1
    outer loop
      vertex 30.6 -23.121 -0.9
      vertex 32.675 -20.394 -0.9
      vertex 35.479 -28 -0.9
    endloop
  endfacet
  facet normal 0 0 -1
    outer loop
      vertex 32.675 -20.394 -0.9
      vertex 30.6 -23.121 -0.9
      vertex 32.1881 -20.6341 -0.9
    endloop
  endfacet
  facet normal 0 0 -1
    outer loop
      vertex 32.1881 -20.6341 -0.9
      vertex 30.6 -23.121 -0.9
      vertex 31.6741 -20.8086 -0.9
    endloop
  endfacet
  facet normal 0 0 -1
    outer loop
      vertex 31.6741 -20.8086 -0.9
      vertex 30.6 -23.121 -0.9
      vertex 31.1417 -20.9145 -0.9
    endloop
  endfacet
  facet normal 0 0 -1
    outer loop
      vertex 30.6 -23.121 -0.9
      vertex 30.6 -20.95 -0.9
      vertex 31.1417 -20.9145 -0.9
    endloop
  endfacet
  facet normal 0 0 -1
    outer loop
      vertex 30.6 -23.121 -0.9
      vertex 30.0583 -20.9145 -0.9
      vertex 30.6 -20.95 -0.9
    endloop
  endfacet
  facet normal 0 0 -1
    outer loop
      vertex 30.6 -23.121 -0.9
      vertex 29.5259 -20.8086 -0.9
      vertex 30.0583 -20.9145 -0.9
    endloop
  endfacet
  facet normal 0 0 -1
    outer loop
      vertex 30.6 -23.121 -0.9
      vertex 29.0119 -20.6341 -0.9
      vertex 29.5259 -20.8086 -0.9
    endloop
  endfacet
  facet normal 0 0 -1
    outer loop
      vertex 30.6 -23.121 -0.9
      vertex 28.525 -20.394 -0.9
      vertex 29.0119 -20.6341 -0.9
    endloop
  endfacet
  facet normal 0 0 -1
    outer loop
      vertex 25.721 -28 -0.9
      vertex 28.525 -20.394 -0.9
      vertex 30.6 -23.121 -0.9
    endloop
  endfacet
  facet normal -0 0 -1
    outer loop
      vertex 28.525 -20.394 -0.9
      vertex 25.721 -28 -0.9
      vertex 28.0736 -20.0924 -0.9
    endloop
  endfacet
  facet normal -0 0 -1
    outer loop
      vertex 28.0736 -20.0924 -0.9
      vertex 25.721 -28 -0.9
      vertex 27.6655 -19.7345 -0.9
    endloop
  endfacet
  facet normal 0 0 -1
    outer loop
      vertex 14.0105 -7.8 -0.9
      vertex 26.45 -5.6 -0.9
      vertex 26.4855 -6.14168 -0.9
    endloop
  endfacet
  facet normal 0 0 -1
    outer loop
      vertex 26.45 -5.6 -0.9
      vertex 24.2105 3.4 -0.9
      vertex 26.3 1.3 -0.9
    endloop
  endfacet
  facet normal 0 0 -1
    outer loop
      vertex 14.0105 -7.8 -0.9
      vertex 26.45 -16.8 -0.9
      vertex 26.4855 -17.3417 -0.9
    endloop
  endfacet
  facet normal 0 0 -1
    outer loop
      vertex 26.5914 -17.8741 -0.9
      vertex 14.0105 -7.8 -0.9
      vertex 26.4855 -17.3417 -0.9
    endloop
  endfacet
  facet normal 0 0 -1
    outer loop
      vertex 14.0105 -7.8 -0.9
      vertex 26.5914 -17.8741 -0.9
      vertex 25.721 -28 -0.9
    endloop
  endfacet
  facet normal -0 0 -1
    outer loop
      vertex 26.7659 -18.3881 -0.9
      vertex 25.721 -28 -0.9
      vertex 26.5914 -17.8741 -0.9
    endloop
  endfacet
  facet normal -0 0 -1
    outer loop
      vertex 27.006 -18.875 -0.9
      vertex 25.721 -28 -0.9
      vertex 26.7659 -18.3881 -0.9
    endloop
  endfacet
  facet normal -0 0 -1
    outer loop
      vertex 27.3076 -19.3264 -0.9
      vertex 25.721 -28 -0.9
      vertex 27.006 -18.875 -0.9
    endloop
  endfacet
  facet normal -0 0 -1
    outer loop
      vertex 27.6655 -19.7345 -0.9
      vertex 25.721 -28 -0.9
      vertex 27.3076 -19.3264 -0.9
    endloop
  endfacet
  facet normal 0 0 -1
    outer loop
      vertex 36.4 -34.8 -0.9
      vertex 35 -34.8 -0.9
      vertex 35.479 -28 -0.9
    endloop
  endfacet
  facet normal 0 0 -1
    outer loop
      vertex 35 -34.8 -0.9
      vertex 30.6 -32.879 -0.9
      vertex 35.479 -28 -0.9
    endloop
  endfacet
  facet normal 0 0 -1
    outer loop
      vertex 26.2 -34.8 -0.9
      vertex 30.6 -32.879 -0.9
      vertex 35 -34.8 -0.9
    endloop
  endfacet
  facet normal -0 0 -1
    outer loop
      vertex 30.6 -32.879 -0.9
      vertex 26.2 -34.8 -0.9
      vertex 25.721 -28 -0.9
    endloop
  endfacet
  facet normal 0 0 -1
    outer loop
      vertex 33.8924 14.2736 -0.9
      vertex 36.9895 14.6 -0.9
      vertex 34.9 9.9 -0.9
    endloop
  endfacet
  facet normal 0 0 -1
    outer loop
      vertex 34.7145 17.3417 -0.9
      vertex 36.9895 14.6 -0.9
      vertex 34.75 16.8 -0.9
    endloop
  endfacet
  facet normal 0 0 -1
    outer loop
      vertex 34.6086 17.8741 -0.9
      vertex 36.9895 14.6 -0.9
      vertex 34.7145 17.3417 -0.9
    endloop
  endfacet
  facet normal 0 0 -1
    outer loop
      vertex 34.4341 18.3881 -0.9
      vertex 36.9895 14.6 -0.9
      vertex 34.6086 17.8741 -0.9
    endloop
  endfacet
  facet normal 0 0 -1
    outer loop
      vertex 36.9895 14.6 -0.9
      vertex 34.4341 18.3881 -0.9
      vertex 35.479 28 -0.9
    endloop
  endfacet
  facet normal 0 0 -1
    outer loop
      vertex 34.194 18.875 -0.9
      vertex 35.479 28 -0.9
      vertex 34.4341 18.3881 -0.9
    endloop
  endfacet
  facet normal 0 0 -1
    outer loop
      vertex 33.8924 19.3264 -0.9
      vertex 35.479 28 -0.9
      vertex 34.194 18.875 -0.9
    endloop
  endfacet
  facet normal 0 0 -1
    outer loop
      vertex 33.5345 19.7345 -0.9
      vertex 35.479 28 -0.9
      vertex 33.8924 19.3264 -0.9
    endloop
  endfacet
  facet normal 0 0 -1
    outer loop
      vertex 33.1264 20.0924 -0.9
      vertex 35.479 28 -0.9
      vertex 33.5345 19.7345 -0.9
    endloop
  endfacet
  facet normal 0 0 -1
    outer loop
      vertex 32.675 20.394 -0.9
      vertex 35.479 28 -0.9
      vertex 33.1264 20.0924 -0.9
    endloop
  endfacet
  facet normal 0 0 -1
    outer loop
      vertex 30.6 23.121 -0.9
      vertex 32.675 20.394 -0.9
      vertex 32.1881 20.6341 -0.9
    endloop
  endfacet
  facet normal 0 0 -1
    outer loop
      vertex 30.6 23.121 -0.9
      vertex 32.1881 20.6341 -0.9
      vertex 31.6741 20.8086 -0.9
    endloop
  endfacet
  facet normal 0 0 -1
    outer loop
      vertex 30.6 23.121 -0.9
      vertex 31.6741 20.8086 -0.9
      vertex 31.1417 20.9145 -0.9
    endloop
  endfacet
  facet normal 0 0 -1
    outer loop
      vertex 30.6 23.121 -0.9
      vertex 31.1417 20.9145 -0.9
      vertex 30.6 20.95 -0.9
    endloop
  endfacet
  facet normal 0 0 -1
    outer loop
      vertex 32.675 20.394 -0.9
      vertex 30.6 23.121 -0.9
      vertex 35.479 28 -0.9
    endloop
  endfacet
  facet normal 0 0 -1
    outer loop
      vertex 30.0583 20.9145 -0.9
      vertex 30.6 23.121 -0.9
      vertex 30.6 20.95 -0.9
    endloop
  endfacet
  facet normal 0 0 -1
    outer loop
      vertex 29.5259 20.8086 -0.9
      vertex 30.6 23.121 -0.9
      vertex 30.0583 20.9145 -0.9
    endloop
  endfacet
  facet normal 0 0 -1
    outer loop
      vertex 29.0119 20.6341 -0.9
      vertex 30.6 23.121 -0.9
      vertex 29.5259 20.8086 -0.9
    endloop
  endfacet
  facet normal 0 0 -1
    outer loop
      vertex 28.525 20.394 -0.9
      vertex 30.6 23.121 -0.9
      vertex 29.0119 20.6341 -0.9
    endloop
  endfacet
  facet normal 0 0 -1
    outer loop
      vertex 25.721 28 -0.9
      vertex 28.525 20.394 -0.9
      vertex 28.0736 20.0924 -0.9
    endloop
  endfacet
  facet normal 0 0 -1
    outer loop
      vertex 25.721 28 -0.9
      vertex 28.0736 20.0924 -0.9
      vertex 27.6655 19.7345 -0.9
    endloop
  endfacet
  facet normal 0 0 -1
    outer loop
      vertex 25.721 28 -0.9
      vertex 27.6655 19.7345 -0.9
      vertex 27.3076 19.3264 -0.9
    endloop
  endfacet
  facet normal 0 0 -1
    outer loop
      vertex 28.525 20.394 -0.9
      vertex 25.721 28 -0.9
      vertex 30.6 23.121 -0.9
    endloop
  endfacet
  facet normal 0 0 -1
    outer loop
      vertex 27.006 18.875 -0.9
      vertex 25.721 28 -0.9
      vertex 27.3076 19.3264 -0.9
    endloop
  endfacet
  facet normal 0 0 -1
    outer loop
      vertex 14.2086 17.8741 -0.9
      vertex 26.5914 17.8741 -0.9
      vertex 14.3145 17.3417 -0.9
    endloop
  endfacet
  facet normal 0 0 -1
    outer loop
      vertex 26.4855 17.3417 -0.9
      vertex 14.3145 17.3417 -0.9
      vertex 26.5914 17.8741 -0.9
    endloop
  endfacet
  facet normal 0 0 -1
    outer loop
      vertex 14.3145 17.3417 -0.9
      vertex 26.4855 17.3417 -0.9
      vertex 14.35 16.8 -0.9
    endloop
  endfacet
  facet normal 0 0 -1
    outer loop
      vertex 14.35 16.8 -0.9
      vertex 26.4855 17.3417 -0.9
      vertex 26.45 16.8 -0.9
    endloop
  endfacet
  facet normal -0 0 -1
    outer loop
      vertex 26.4855 16.2583 -0.9
      vertex 20.4 10 -0.9
      vertex 26.45 16.8 -0.9
    endloop
  endfacet
  facet normal 0 0 -1
    outer loop
      vertex 26.3 1.3 -0.9
      vertex 24.2105 3.4 -0.9
      vertex 26.3 9.9 -0.9
    endloop
  endfacet
  facet normal 0 0 -1
    outer loop
      vertex 34.7145 -5.05832 -0.9
      vertex 46.85 -16.8 -0.9
      vertex 34.75 -5.6 -0.9
    endloop
  endfacet
  facet normal 0 0 -1
    outer loop
      vertex 46.85 -16.8 -0.9
      vertex 34.7145 -5.05832 -0.9
      vertex 34.9 1.3 -0.9
    endloop
  endfacet
  facet normal 0 0 -1
    outer loop
      vertex 34.6086 -4.5259 -0.9
      vertex 34.9 1.3 -0.9
      vertex 34.7145 -5.05832 -0.9
    endloop
  endfacet
  facet normal 0 0 -1
    outer loop
      vertex 34.4341 -4.01186 -0.9
      vertex 34.9 1.3 -0.9
      vertex 34.6086 -4.5259 -0.9
    endloop
  endfacet
  facet normal 0 0 -1
    outer loop
      vertex 34.194 -3.525 -0.9
      vertex 34.9 1.3 -0.9
      vertex 34.4341 -4.01186 -0.9
    endloop
  endfacet
  facet normal 0 0 -1
    outer loop
      vertex 33.8924 -3.07364 -0.9
      vertex 34.9 1.3 -0.9
      vertex 34.194 -3.525 -0.9
    endloop
  endfacet
  facet normal 0 0 -1
    outer loop
      vertex 33.5345 -2.66551 -0.9
      vertex 34.9 1.3 -0.9
      vertex 33.8924 -3.07364 -0.9
    endloop
  endfacet
  facet normal 0 0 -1
    outer loop
      vertex 33.1264 -2.30758 -0.9
      vertex 34.9 1.3 -0.9
      vertex 33.5345 -2.66551 -0.9
    endloop
  endfacet
  facet normal 0 0 -1
    outer loop
      vertex 32.675 -2.00599 -0.9
      vertex 34.9 1.3 -0.9
      vertex 33.1264 -2.30758 -0.9
    endloop
  endfacet
  facet normal 0 0 -1
    outer loop
      vertex 32.1881 -1.7659 -0.9
      vertex 34.9 1.3 -0.9
      vertex 32.675 -2.00599 -0.9
    endloop
  endfacet
  facet normal 0 0 -1
    outer loop
      vertex 31.6741 -1.59141 -0.9
      vertex 34.9 1.3 -0.9
      vertex 32.1881 -1.7659 -0.9
    endloop
  endfacet
  facet normal 0 0 -1
    outer loop
      vertex 31.1417 -1.4855 -0.9
      vertex 34.9 1.3 -0.9
      vertex 31.6741 -1.59141 -0.9
    endloop
  endfacet
  facet normal 0 0 -1
    outer loop
      vertex 30.6 -1.45 -0.9
      vertex 34.9 1.3 -0.9
      vertex 31.1417 -1.4855 -0.9
    endloop
  endfacet
  facet normal 0 0 -1
    outer loop
      vertex 26.3 1.3 -0.9
      vertex 30.6 -1.45 -0.9
      vertex 30.0583 -1.4855 -0.9
    endloop
  endfacet
  facet normal 0 0 -1
    outer loop
      vertex 26.3 1.3 -0.9
      vertex 30.0583 -1.4855 -0.9
      vertex 29.5259 -1.59141 -0.9
    endloop
  endfacet
  facet normal 0 0 -1
    outer loop
      vertex 26.3 1.3 -0.9
      vertex 29.5259 -1.59141 -0.9
      vertex 29.0119 -1.7659 -0.9
    endloop
  endfacet
  facet normal 0 0 -1
    outer loop
      vertex 26.3 1.3 -0.9
      vertex 29.0119 -1.7659 -0.9
      vertex 28.525 -2.00599 -0.9
    endloop
  endfacet
  facet normal 0 0 -1
    outer loop
      vertex 30.6 -1.45 -0.9
      vertex 26.3 1.3 -0.9
      vertex 34.9 1.3 -0.9
    endloop
  endfacet
  facet normal 0 0 -1
    outer loop
      vertex 28.0736 -2.30758 -0.9
      vertex 26.3 1.3 -0.9
      vertex 28.525 -2.00599 -0.9
    endloop
  endfacet
  facet normal 0 0 -1
    outer loop
      vertex 27.6655 -2.66551 -0.9
      vertex 26.3 1.3 -0.9
      vertex 28.0736 -2.30758 -0.9
    endloop
  endfacet
  facet normal 0 0 -1
    outer loop
      vertex 27.3076 -3.07364 -0.9
      vertex 26.3 1.3 -0.9
      vertex 27.6655 -2.66551 -0.9
    endloop
  endfacet
  facet normal 0 0 -1
    outer loop
      vertex 27.006 -3.525 -0.9
      vertex 26.3 1.3 -0.9
      vertex 27.3076 -3.07364 -0.9
    endloop
  endfacet
  facet normal 0 0 -1
    outer loop
      vertex 26.7659 -4.01186 -0.9
      vertex 26.3 1.3 -0.9
      vertex 27.006 -3.525 -0.9
    endloop
  endfacet
  facet normal 0 0 -1
    outer loop
      vertex 26.5914 -4.5259 -0.9
      vertex 26.3 1.3 -0.9
      vertex 26.7659 -4.01186 -0.9
    endloop
  endfacet
  facet normal 0 0 -1
    outer loop
      vertex 26.4855 -5.05832 -0.9
      vertex 26.3 1.3 -0.9
      vertex 26.5914 -4.5259 -0.9
    endloop
  endfacet
  facet normal 0 0 -1
    outer loop
      vertex 26.3 1.3 -0.9
      vertex 26.4855 -5.05832 -0.9
      vertex 26.45 -5.6 -0.9
    endloop
  endfacet
  facet normal 0 0 -1
    outer loop
      vertex 34.9 9.9 -0.9
      vertex 44.6105 14.6 -0.9
      vertex 47.1659 7.18814 -0.9
    endloop
  endfacet
  facet normal 0 0 -1
    outer loop
      vertex 35.479 -28 -0.9
      vertex 45.2 -34.8 -0.9
      vertex 36.4 -34.8 -0.9
    endloop
  endfacet
  facet normal 0 0 -1
    outer loop
      vertex 54.2924 8.12636 -0.9
      vertex 56.9 23.7 -0.9
      vertex 54.594 7.675 -0.9
    endloop
  endfacet
  facet normal 0 0 -1
    outer loop
      vertex 53.9345 8.53449 -0.9
      vertex 56.9 23.7 -0.9
      vertex 54.2924 8.12636 -0.9
    endloop
  endfacet
  facet normal 0 0 -1
    outer loop
      vertex 53.5264 8.89242 -0.9
      vertex 56.9 23.7 -0.9
      vertex 53.9345 8.53449 -0.9
    endloop
  endfacet
  facet normal 0 0 -1
    outer loop
      vertex 53.075 9.19401 -0.9
      vertex 56.9 23.7 -0.9
      vertex 53.5264 8.89242 -0.9
    endloop
  endfacet
  facet normal 0 0 -1
    outer loop
      vertex 52.5881 9.4341 -0.9
      vertex 56.9 23.7 -0.9
      vertex 53.075 9.19401 -0.9
    endloop
  endfacet
  facet normal 0 0 -1
    outer loop
      vertex 52.0741 9.60859 -0.9
      vertex 56.9 23.7 -0.9
      vertex 52.5881 9.4341 -0.9
    endloop
  endfacet
  facet normal 0 0 -1
    outer loop
      vertex 51.5417 9.7145 -0.9
      vertex 56.9 23.7 -0.9
      vertex 52.0741 9.60859 -0.9
    endloop
  endfacet
  facet normal 0 0 -1
    outer loop
      vertex 44.6105 14.6 -0.9
      vertex 56.9 23.7 -0.9
      vertex 51.5417 9.7145 -0.9
    endloop
  endfacet
  facet normal 0 0 -1
    outer loop
      vertex 44.6105 14.6 -0.9
      vertex 51.5417 9.7145 -0.9
      vertex 51 9.75 -0.9
    endloop
  endfacet
  facet normal 0 0 -1
    outer loop
      vertex 44.6105 14.6 -0.9
      vertex 51 9.75 -0.9
      vertex 50.4583 9.7145 -0.9
    endloop
  endfacet
  facet normal 0 0 -1
    outer loop
      vertex 44.6105 14.6 -0.9
      vertex 50.4583 9.7145 -0.9
      vertex 49.9259 9.60859 -0.9
    endloop
  endfacet
  facet normal 0 0 -1
    outer loop
      vertex 44.6105 14.6 -0.9
      vertex 49.9259 9.60859 -0.9
      vertex 49.4119 9.4341 -0.9
    endloop
  endfacet
  facet normal 0 0 -1
    outer loop
      vertex 44.6105 14.6 -0.9
      vertex 49.4119 9.4341 -0.9
      vertex 48.925 9.19401 -0.9
    endloop
  endfacet
  facet normal 0 0 -1
    outer loop
      vertex 44.6105 14.6 -0.9
      vertex 48.925 9.19401 -0.9
      vertex 48.4736 8.89242 -0.9
    endloop
  endfacet
  facet normal 0 0 -1
    outer loop
      vertex 44.6105 14.6 -0.9
      vertex 48.4736 8.89242 -0.9
      vertex 48.0655 8.53449 -0.9
    endloop
  endfacet
  facet normal 0 0 -1
    outer loop
      vertex 44.6105 14.6 -0.9
      vertex 48.0655 8.53449 -0.9
      vertex 47.7076 8.12636 -0.9
    endloop
  endfacet
  facet normal 0 0 -1
    outer loop
      vertex 44.6105 14.6 -0.9
      vertex 47.7076 8.12636 -0.9
      vertex 47.406 7.675 -0.9
    endloop
  endfacet
  facet normal 0 -0 -1
    outer loop
      vertex 47.1895 25.8 -0.9
      vertex 56.9 23.7 -0.9
      vertex 44.6105 14.6 -0.9
    endloop
  endfacet
  facet normal 0 0 -1
    outer loop
      vertex 44.6105 14.6 -0.9
      vertex 47.406 7.675 -0.9
      vertex 47.1659 7.18814 -0.9
    endloop
  endfacet
  facet normal 0 0 -1
    outer loop
      vertex 55.879 -5.6 -0.9
      vertex 55.1145 5.05832 -0.9
      vertex 55.15 5.6 -0.9
    endloop
  endfacet
  facet normal 0 0 -1
    outer loop
      vertex 55.879 -5.6 -0.9
      vertex 55.0086 4.5259 -0.9
      vertex 55.1145 5.05832 -0.9
    endloop
  endfacet
  facet normal 0 0 -1
    outer loop
      vertex 55.879 -5.6 -0.9
      vertex 54.8341 4.01186 -0.9
      vertex 55.0086 4.5259 -0.9
    endloop
  endfacet
  facet normal 0 0 -1
    outer loop
      vertex 55.879 -5.6 -0.9
      vertex 54.594 3.525 -0.9
      vertex 54.8341 4.01186 -0.9
    endloop
  endfacet
  facet normal 0 0 -1
    outer loop
      vertex 55.879 -5.6 -0.9
      vertex 54.2924 3.07364 -0.9
      vertex 54.594 3.525 -0.9
    endloop
  endfacet
  facet normal 0 0 -1
    outer loop
      vertex 55.879 -5.6 -0.9
      vertex 53.9345 2.66551 -0.9
      vertex 54.2924 3.07364 -0.9
    endloop
  endfacet
  facet normal 0 0 -1
    outer loop
      vertex 55.879 -5.6 -0.9
      vertex 53.5264 2.30758 -0.9
      vertex 53.9345 2.66551 -0.9
    endloop
  endfacet
  facet normal 0 0 -1
    outer loop
      vertex 55.879 -5.6 -0.9
      vertex 53.075 2.00599 -0.9
      vertex 53.5264 2.30758 -0.9
    endloop
  endfacet
  facet normal 0 0 -1
    outer loop
      vertex 51 -0.720963 -0.9
      vertex 53.075 2.00599 -0.9
      vertex 55.879 -5.6 -0.9
    endloop
  endfacet
  facet normal 0 0 -1
    outer loop
      vertex 53.075 2.00599 -0.9
      vertex 51 -0.720963 -0.9
      vertex 52.5881 1.7659 -0.9
    endloop
  endfacet
  facet normal 0 0 -1
    outer loop
      vertex 52.5881 1.7659 -0.9
      vertex 51 -0.720963 -0.9
      vertex 52.0741 1.59141 -0.9
    endloop
  endfacet
  facet normal 0 0 -1
    outer loop
      vertex 52.0741 1.59141 -0.9
      vertex 51 -0.720963 -0.9
      vertex 51.5417 1.4855 -0.9
    endloop
  endfacet
  facet normal 0 0 -1
    outer loop
      vertex 51 -0.720963 -0.9
      vertex 51 1.45 -0.9
      vertex 51.5417 1.4855 -0.9
    endloop
  endfacet
  facet normal 0 0 -1
    outer loop
      vertex 51 -0.720963 -0.9
      vertex 50.4583 1.4855 -0.9
      vertex 51 1.45 -0.9
    endloop
  endfacet
  facet normal 0 0 -1
    outer loop
      vertex 51 -0.720963 -0.9
      vertex 49.9259 1.59141 -0.9
      vertex 50.4583 1.4855 -0.9
    endloop
  endfacet
  facet normal 0 0 -1
    outer loop
      vertex 51 -0.720963 -0.9
      vertex 49.4119 1.7659 -0.9
      vertex 49.9259 1.59141 -0.9
    endloop
  endfacet
  facet normal 0 0 -1
    outer loop
      vertex 51 -0.720963 -0.9
      vertex 48.925 2.00599 -0.9
      vertex 49.4119 1.7659 -0.9
    endloop
  endfacet
  facet normal 0 0 -1
    outer loop
      vertex 46.121 -5.6 -0.9
      vertex 48.925 2.00599 -0.9
      vertex 51 -0.720963 -0.9
    endloop
  endfacet
  facet normal -0 0 -1
    outer loop
      vertex 48.925 2.00599 -0.9
      vertex 46.121 -5.6 -0.9
      vertex 48.4736 2.30758 -0.9
    endloop
  endfacet
  facet normal -0 0 -1
    outer loop
      vertex 48.4736 2.30758 -0.9
      vertex 46.121 -5.6 -0.9
      vertex 48.0655 2.66551 -0.9
    endloop
  endfacet
  facet normal 0 0 -1
    outer loop
      vertex 34.9 1.3 -0.9
      vertex 46.8855 5.05832 -0.9
      vertex 46.9914 4.5259 -0.9
    endloop
  endfacet
  facet normal -0 0 -1
    outer loop
      vertex 47.1659 4.01186 -0.9
      vertex 34.9 1.3 -0.9
      vertex 46.9914 4.5259 -0.9
    endloop
  endfacet
  facet normal -0 0 -1
    outer loop
      vertex 47.406 3.525 -0.9
      vertex 34.9 1.3 -0.9
      vertex 47.1659 4.01186 -0.9
    endloop
  endfacet
  facet normal 0 0 -1
    outer loop
      vertex 34.9 1.3 -0.9
      vertex 47.406 3.525 -0.9
      vertex 46.121 -5.6 -0.9
    endloop
  endfacet
  facet normal -0 0 -1
    outer loop
      vertex 47.7076 3.07364 -0.9
      vertex 46.121 -5.6 -0.9
      vertex 47.406 3.525 -0.9
    endloop
  endfacet
  facet normal -0 0 -1
    outer loop
      vertex 48.0655 2.66551 -0.9
      vertex 46.121 -5.6 -0.9
      vertex 47.7076 3.07364 -0.9
    endloop
  endfacet
  facet normal 0 0 -1
    outer loop
      vertex 56.9 -23.7 -0.9
      vertex 55.1145 -17.3417 -0.9
      vertex 55.15 -16.8 -0.9
    endloop
  endfacet
  facet normal 0 0 -1
    outer loop
      vertex 51 -23.6 -0.9
      vertex 56.9 -23.7 -0.9
      vertex 54.8105 -30.2 -0.9
    endloop
  endfacet
  facet normal 0 0 -1
    outer loop
      vertex 56.9 -23.7 -0.9
      vertex 55.0086 -17.8741 -0.9
      vertex 55.1145 -17.3417 -0.9
    endloop
  endfacet
  facet normal 0 0 -1
    outer loop
      vertex 56.9 -23.7 -0.9
      vertex 54.8341 -18.3881 -0.9
      vertex 55.0086 -17.8741 -0.9
    endloop
  endfacet
  facet normal 0 0 -1
    outer loop
      vertex 55.4 -34.8 -0.9
      vertex 47.1895 -30.2 -0.9
      vertex 54.8105 -30.2 -0.9
    endloop
  endfacet
  facet normal 0 0 -1
    outer loop
      vertex 34.194 -18.875 -0.9
      vertex 47.406 -18.875 -0.9
      vertex 35.479 -28 -0.9
    endloop
  endfacet
  facet normal 0 0 -1
    outer loop
      vertex 35.479 -28 -0.9
      vertex 47.1895 -30.2 -0.9
      vertex 45.2 -34.8 -0.9
    endloop
  endfacet
  facet normal 0 0 -1
    outer loop
      vertex 47.406 -18.875 -0.9
      vertex 34.194 -18.875 -0.9
      vertex 47.1659 -18.3881 -0.9
    endloop
  endfacet
  facet normal 0 0 -1
    outer loop
      vertex 45.2 -34.8 -0.9
      vertex 47.1895 -30.2 -0.9
      vertex 46.6 -34.8 -0.9
    endloop
  endfacet
  facet normal 0 0 -1
    outer loop
      vertex 46.6 -34.8 -0.9
      vertex 47.1895 -30.2 -0.9
      vertex 55.4 -34.8 -0.9
    endloop
  endfacet
  facet normal 0 0 -1
    outer loop
      vertex 56.9 -32.3 -0.9
      vertex 54.8105 -30.2 -0.9
      vertex 56.9 -23.7 -0.9
    endloop
  endfacet
  facet normal 0 0 -1
    outer loop
      vertex 55.1145 -16.2583 -0.9
      vertex 56.9 -23.7 -0.9
      vertex 55.15 -16.8 -0.9
    endloop
  endfacet
  facet normal 0 0 -1
    outer loop
      vertex 56.9 -23.7 -0.9
      vertex 55.1145 -16.2583 -0.9
      vertex 55.879 -5.6 -0.9
    endloop
  endfacet
  facet normal 0 0 -1
    outer loop
      vertex 55.0086 -15.7259 -0.9
      vertex 55.879 -5.6 -0.9
      vertex 55.1145 -16.2583 -0.9
    endloop
  endfacet
  facet normal 0 0 -1
    outer loop
      vertex 54.8341 -15.2119 -0.9
      vertex 55.879 -5.6 -0.9
      vertex 55.0086 -15.7259 -0.9
    endloop
  endfacet
  facet normal 0 0 -1
    outer loop
      vertex 54.594 -14.725 -0.9
      vertex 55.879 -5.6 -0.9
      vertex 54.8341 -15.2119 -0.9
    endloop
  endfacet
  facet normal 0 0 -1
    outer loop
      vertex 54.2924 -14.2736 -0.9
      vertex 55.879 -5.6 -0.9
      vertex 54.594 -14.725 -0.9
    endloop
  endfacet
  facet normal 0 0 -1
    outer loop
      vertex 53.9345 -13.8655 -0.9
      vertex 55.879 -5.6 -0.9
      vertex 54.2924 -14.2736 -0.9
    endloop
  endfacet
  facet normal 0 0 -1
    outer loop
      vertex 53.5264 -13.5076 -0.9
      vertex 55.879 -5.6 -0.9
      vertex 53.9345 -13.8655 -0.9
    endloop
  endfacet
  facet normal 0 0 -1
    outer loop
      vertex 53.075 -13.206 -0.9
      vertex 55.879 -5.6 -0.9
      vertex 53.5264 -13.5076 -0.9
    endloop
  endfacet
  facet normal 0 0 -1
    outer loop
      vertex 51 -10.479 -0.9
      vertex 53.075 -13.206 -0.9
      vertex 52.5881 -12.9659 -0.9
    endloop
  endfacet
  facet normal 0 0 -1
    outer loop
      vertex 51 -10.479 -0.9
      vertex 52.5881 -12.9659 -0.9
      vertex 52.0741 -12.7914 -0.9
    endloop
  endfacet
  facet normal 0 0 -1
    outer loop
      vertex 51 -10.479 -0.9
      vertex 52.0741 -12.7914 -0.9
      vertex 51.5417 -12.6855 -0.9
    endloop
  endfacet
  facet normal 0 0 -1
    outer loop
      vertex 51 -10.479 -0.9
      vertex 51.5417 -12.6855 -0.9
      vertex 51 -12.65 -0.9
    endloop
  endfacet
  facet normal 0 0 -1
    outer loop
      vertex 53.075 -13.206 -0.9
      vertex 51 -10.479 -0.9
      vertex 55.879 -5.6 -0.9
    endloop
  endfacet
  facet normal 0 0 -1
    outer loop
      vertex 50.4583 -12.6855 -0.9
      vertex 51 -10.479 -0.9
      vertex 51 -12.65 -0.9
    endloop
  endfacet
  facet normal 0 0 -1
    outer loop
      vertex 49.9259 -12.7914 -0.9
      vertex 51 -10.479 -0.9
      vertex 50.4583 -12.6855 -0.9
    endloop
  endfacet
  facet normal 0 0 -1
    outer loop
      vertex 49.4119 -12.9659 -0.9
      vertex 51 -10.479 -0.9
      vertex 49.9259 -12.7914 -0.9
    endloop
  endfacet
  facet normal 0 0 -1
    outer loop
      vertex 48.925 -13.206 -0.9
      vertex 51 -10.479 -0.9
      vertex 49.4119 -12.9659 -0.9
    endloop
  endfacet
  facet normal 0 0 -1
    outer loop
      vertex 46.121 -5.6 -0.9
      vertex 48.925 -13.206 -0.9
      vertex 48.4736 -13.5076 -0.9
    endloop
  endfacet
  facet normal 0 0 -1
    outer loop
      vertex 46.121 -5.6 -0.9
      vertex 48.4736 -13.5076 -0.9
      vertex 48.0655 -13.8655 -0.9
    endloop
  endfacet
  facet normal 0 0 -1
    outer loop
      vertex 46.121 -5.6 -0.9
      vertex 48.0655 -13.8655 -0.9
      vertex 47.7076 -14.2736 -0.9
    endloop
  endfacet
  facet normal 0 0 -1
    outer loop
      vertex 48.925 -13.206 -0.9
      vertex 46.121 -5.6 -0.9
      vertex 51 -10.479 -0.9
    endloop
  endfacet
  facet normal 0 0 -1
    outer loop
      vertex 47.406 -14.725 -0.9
      vertex 46.121 -5.6 -0.9
      vertex 47.7076 -14.2736 -0.9
    endloop
  endfacet
  facet normal 0 0 -1
    outer loop
      vertex 47.1659 -15.2119 -0.9
      vertex 46.121 -5.6 -0.9
      vertex 47.406 -14.725 -0.9
    endloop
  endfacet
  facet normal 0 0 -1
    outer loop
      vertex 46.9914 -15.7259 -0.9
      vertex 46.121 -5.6 -0.9
      vertex 47.1659 -15.2119 -0.9
    endloop
  endfacet
  facet normal 0 0 -1
    outer loop
      vertex 34.9 1.3 -0.9
      vertex 46.9914 -15.7259 -0.9
      vertex 46.8855 -16.2583 -0.9
    endloop
  endfacet
  facet normal 0 0 -1
    outer loop
      vertex 34.9 1.3 -0.9
      vertex 46.8855 -16.2583 -0.9
      vertex 46.85 -16.8 -0.9
    endloop
  endfacet
  facet normal 0 -0 -1
    outer loop
      vertex 34.4341 -18.3881 -0.9
      vertex 47.1659 -18.3881 -0.9
      vertex 34.194 -18.875 -0.9
    endloop
  endfacet
  facet normal 0 0 -1
    outer loop
      vertex 56.9 -23.7 -0.9
      vertex 54.594 -18.875 -0.9
      vertex 54.8341 -18.3881 -0.9
    endloop
  endfacet
  facet normal 0 0 -1
    outer loop
      vertex 56.9 -23.7 -0.9
      vertex 54.2924 -19.3264 -0.9
      vertex 54.594 -18.875 -0.9
    endloop
  endfacet
  facet normal 0 0 -1
    outer loop
      vertex 56.9 -23.7 -0.9
      vertex 53.9345 -19.7345 -0.9
      vertex 54.2924 -19.3264 -0.9
    endloop
  endfacet
  facet normal 0 0 -1
    outer loop
      vertex 56.9 -23.7 -0.9
      vertex 53.5264 -20.0924 -0.9
      vertex 53.9345 -19.7345 -0.9
    endloop
  endfacet
  facet normal 0 -0 -1
    outer loop
      vertex 52.5881 -20.6341 -0.9
      vertex 56.9 -23.7 -0.9
      vertex 51 -23.6 -0.9
    endloop
  endfacet
  facet normal 0 0 -1
    outer loop
      vertex 56.9 -23.7 -0.9
      vertex 53.075 -20.394 -0.9
      vertex 53.5264 -20.0924 -0.9
    endloop
  endfacet
  facet normal 0 0 -1
    outer loop
      vertex 56.9 -23.7 -0.9
      vertex 52.5881 -20.6341 -0.9
      vertex 53.075 -20.394 -0.9
    endloop
  endfacet
  facet normal 0 0 -1
    outer loop
      vertex 52.5881 -20.6341 -0.9
      vertex 51 -23.6 -0.9
      vertex 52.0741 -20.8086 -0.9
    endloop
  endfacet
  facet normal 0 0 -1
    outer loop
      vertex 52.0741 -20.8086 -0.9
      vertex 51 -23.6 -0.9
      vertex 51.5417 -20.9145 -0.9
    endloop
  endfacet
  facet normal 0 0 -1
    outer loop
      vertex 51 -23.6 -0.9
      vertex 51 -20.95 -0.9
      vertex 51.5417 -20.9145 -0.9
    endloop
  endfacet
  facet normal 0 0 -1
    outer loop
      vertex 51 -23.6 -0.9
      vertex 50.4583 -20.9145 -0.9
      vertex 51 -20.95 -0.9
    endloop
  endfacet
  facet normal 0 0 -1
    outer loop
      vertex 51 -23.6 -0.9
      vertex 49.9259 -20.8086 -0.9
      vertex 50.4583 -20.9145 -0.9
    endloop
  endfacet
  facet normal 0 0 -1
    outer loop
      vertex 51 -23.6 -0.9
      vertex 49.4119 -20.6341 -0.9
      vertex 49.9259 -20.8086 -0.9
    endloop
  endfacet
  facet normal 0 0 -1
    outer loop
      vertex 51 -23.6 -0.9
      vertex 48.925 -20.394 -0.9
      vertex 49.4119 -20.6341 -0.9
    endloop
  endfacet
  facet normal 0 0 -1
    outer loop
      vertex 51 -23.6 -0.9
      vertex 48.4736 -20.0924 -0.9
      vertex 48.925 -20.394 -0.9
    endloop
  endfacet
  facet normal 0 0 -1
    outer loop
      vertex 47.1895 -30.2 -0.9
      vertex 48.4736 -20.0924 -0.9
      vertex 51 -23.6 -0.9
    endloop
  endfacet
  facet normal -0 0 -1
    outer loop
      vertex 48.4736 -20.0924 -0.9
      vertex 47.1895 -30.2 -0.9
      vertex 48.0655 -19.7345 -0.9
    endloop
  endfacet
  facet normal -0 0 -1
    outer loop
      vertex 48.0655 -19.7345 -0.9
      vertex 47.1895 -30.2 -0.9
      vertex 47.7076 -19.3264 -0.9
    endloop
  endfacet
  facet normal 0 0 -1
    outer loop
      vertex 35.479 -28 -0.9
      vertex 47.7076 -19.3264 -0.9
      vertex 47.1895 -30.2 -0.9
    endloop
  endfacet
  facet normal -0 0 -1
    outer loop
      vertex 47.7076 -19.3264 -0.9
      vertex 35.479 -28 -0.9
      vertex 47.406 -18.875 -0.9
    endloop
  endfacet
  facet normal 0 0 -1
    outer loop
      vertex 74.2 48.15 -0.9
      vertex 65.35 16.8 -0.9
      vertex 65.5 23.7 -0.9
    endloop
  endfacet
  facet normal 0 0 -1
    outer loop
      vertex 74.2 -48.15 -0.9
      vertex 65.3145 16.2583 -0.9
      vertex 65.35 16.8 -0.9
    endloop
  endfacet
  facet normal 0 0 -1
    outer loop
      vertex 74.2 -48.15 -0.9
      vertex 65.0105 -19 -0.9
      vertex 65.3145 16.2583 -0.9
    endloop
  endfacet
  facet normal 0 0 -1
    outer loop
      vertex 65.3145 16.2583 -0.9
      vertex 65.0105 -19 -0.9
      vertex 65.2086 15.7259 -0.9
    endloop
  endfacet
  facet normal 0 0 -1
    outer loop
      vertex 65.2086 15.7259 -0.9
      vertex 65.0105 -19 -0.9
      vertex 65.0341 15.2119 -0.9
    endloop
  endfacet
  facet normal 0 0 -1
    outer loop
      vertex 65.5 -23.7 -0.9
      vertex 57.3895 -19 -0.9
      vertex 65.0105 -19 -0.9
    endloop
  endfacet
  facet normal 0 0 -1
    outer loop
      vertex 57.3895 -19 -0.9
      vertex 57.1914 15.7259 -0.9
      vertex 57.3659 15.2119 -0.9
    endloop
  endfacet
  facet normal 0 0 -1
    outer loop
      vertex 57.3895 -19 -0.9
      vertex 57.0855 16.2583 -0.9
      vertex 57.1914 15.7259 -0.9
    endloop
  endfacet
  facet normal 0 0 -1
    outer loop
      vertex 56.9 -23.7 -0.9
      vertex 57.0855 16.2583 -0.9
      vertex 57.3895 -19 -0.9
    endloop
  endfacet
  facet normal -0 0 -1
    outer loop
      vertex 57.0855 16.2583 -0.9
      vertex 56.9 -23.7 -0.9
      vertex 57.05 16.8 -0.9
    endloop
  endfacet
  facet normal 0 0 -1
    outer loop
      vertex 56.9 -23.7 -0.9
      vertex 57.3895 -19 -0.9
      vertex 65.5 -23.7 -0.9
    endloop
  endfacet
  facet normal 0 0 -1
    outer loop
      vertex 65.6 -34.8 -0.9
      vertex 56.9 -32.3 -0.9
      vertex 65.5 -32.3 -0.9
    endloop
  endfacet
  facet normal 0 0 -1
    outer loop
      vertex 56.8 -34.8 -0.9
      vertex 55.4 -34.8 -0.9
      vertex 56.9 -32.3 -0.9
    endloop
  endfacet
  facet normal 0 0 -1
    outer loop
      vertex 56.9 -23.7 -0.9
      vertex 55.879 -5.6 -0.9
      vertex 56.9 23.7 -0.9
    endloop
  endfacet
  facet normal 0 0 -1
    outer loop
      vertex 55.4 -34.8 -0.9
      vertex 56.8 -34.8 -0.9
      vertex 55.4 -42.2 -0.9
    endloop
  endfacet
  facet normal 0 0 -1
    outer loop
      vertex 56.8 -34.8 -0.9
      vertex 56.9 -32.3 -0.9
      vertex 65.6 -34.8 -0.9
    endloop
  endfacet
  facet normal 0 0 -1
    outer loop
      vertex 65.6 -34.8 -0.9
      vertex 74.2 -48.15 -0.9
      vertex 65.6 -42.2 -0.9
    endloop
  endfacet
  facet normal 0 0 -1
    outer loop
      vertex 74.2 -48.15 -0.9
      vertex 56.8 -42.2 -0.9
      vertex 65.6 -42.2 -0.9
    endloop
  endfacet
  facet normal 0 0 -1
    outer loop
      vertex 55.4 -42.2 -0.9
      vertex 56.8 -34.8 -0.9
      vertex 56.8 -42.2 -0.9
    endloop
  endfacet
  facet normal 0 0 -1
    outer loop
      vertex 54.8105 -30.2 -0.9
      vertex 56.9 -32.3 -0.9
      vertex 55.4 -34.8 -0.9
    endloop
  endfacet
  facet normal 0 0 -1
    outer loop
      vertex 74.2 -48.15 -0.9
      vertex 55.4 -42.2 -0.9
      vertex 56.8 -42.2 -0.9
    endloop
  endfacet
  facet normal 0 0 -1
    outer loop
      vertex 74.2 -48.15 -0.9
      vertex 46.6 -42.2 -0.9
      vertex 55.4 -42.2 -0.9
    endloop
  endfacet
  facet normal 0 0 -1
    outer loop
      vertex 45.2 -34.8 -0.9
      vertex 46.6 -34.8 -0.9
      vertex 46.6 -42.2 -0.9
    endloop
  endfacet
  facet normal 0 0 -1
    outer loop
      vertex 45.2 -34.8 -0.9
      vertex 46.6 -42.2 -0.9
      vertex 45.2 -42.2 -0.9
    endloop
  endfacet
  facet normal 0 0 -1
    outer loop
      vertex 74.2 -48.15 -0.9
      vertex 45.2 -42.2 -0.9
      vertex 46.6 -42.2 -0.9
    endloop
  endfacet
  facet normal 0 0 -1
    outer loop
      vertex 74.2 -48.15 -0.9
      vertex 36.4 -42.2 -0.9
      vertex 45.2 -42.2 -0.9
    endloop
  endfacet
  facet normal 0 0 -1
    outer loop
      vertex 35 -42.2 -0.9
      vertex 36.4 -34.8 -0.9
      vertex 36.4 -42.2 -0.9
    endloop
  endfacet
  facet normal 0 0 -1
    outer loop
      vertex 35 -34.8 -0.9
      vertex 36.4 -34.8 -0.9
      vertex 35 -42.2 -0.9
    endloop
  endfacet
  facet normal 0 0 -1
    outer loop
      vertex 74.2 -48.15 -0.9
      vertex 35 -42.2 -0.9
      vertex 36.4 -42.2 -0.9
    endloop
  endfacet
  facet normal 0 0 -1
    outer loop
      vertex 74.2 -48.15 -0.9
      vertex 26.2 -42.2 -0.9
      vertex 35 -42.2 -0.9
    endloop
  endfacet
  facet normal 0 0 -1
    outer loop
      vertex 24.8 -34.8 -0.9
      vertex 26.2 -34.8 -0.9
      vertex 26.2 -42.2 -0.9
    endloop
  endfacet
  facet normal 0 0 -1
    outer loop
      vertex 26.2 -34.8 -0.9
      vertex 24.8 -34.8 -0.9
      vertex 25.721 -28 -0.9
    endloop
  endfacet
  facet normal 0 0 -1
    outer loop
      vertex 24.8 -34.8 -0.9
      vertex 26.2 -42.2 -0.9
      vertex 24.8 -42.2 -0.9
    endloop
  endfacet
  facet normal 0 0 -1
    outer loop
      vertex 74.2 -48.15 -0.9
      vertex 24.8 -42.2 -0.9
      vertex 26.2 -42.2 -0.9
    endloop
  endfacet
  facet normal 0 0 -1
    outer loop
      vertex 74.2 -48.15 -0.9
      vertex 16 -42.2 -0.9
      vertex 24.8 -42.2 -0.9
    endloop
  endfacet
  facet normal 0 0 -1
    outer loop
      vertex 16 -42.2 -0.9
      vertex 14.6 -42.2 -0.9
      vertex 16 -34.8 -0.9
    endloop
  endfacet
  facet normal 0 0 -1
    outer loop
      vertex 74.2 -48.15 -0.9
      vertex 14.6 -42.2 -0.9
      vertex 16 -42.2 -0.9
    endloop
  endfacet
  facet normal 0 0 -1
    outer loop
      vertex 74.2 -48.15 -0.9
      vertex 5.8 -42.2 -0.9
      vertex 14.6 -42.2 -0.9
    endloop
  endfacet
  facet normal 0 0 -1
    outer loop
      vertex 4.4 -42.2 -0.9
      vertex 5.8 -34.8 -0.9
      vertex 5.8 -42.2 -0.9
    endloop
  endfacet
  facet normal -0 0 -1
    outer loop
      vertex 6.0855 -28.5417 -0.9
      vertex -6.38949 -30.2 -0.9
      vertex 6.05 -28 -0.9
    endloop
  endfacet
  facet normal 0 0 -1
    outer loop
      vertex 74.2 -48.15 -0.9
      vertex 4.4 -42.2 -0.9
      vertex 5.8 -42.2 -0.9
    endloop
  endfacet
  facet normal 0 0 -1
    outer loop
      vertex 74.2 -48.15 -0.9
      vertex -4.4 -42.2 -0.9
      vertex 4.4 -42.2 -0.9
    endloop
  endfacet
  facet normal 0 0 -1
    outer loop
      vertex -5.8 -34.8 -0.9
      vertex -4.4 -34.8 -0.9
      vertex -4.4 -42.2 -0.9
    endloop
  endfacet
  facet normal 0 0 -1
    outer loop
      vertex -5.8 -34.8 -0.9
      vertex -4.4 -42.2 -0.9
      vertex -5.8 -42.2 -0.9
    endloop
  endfacet
  facet normal 0 0 -1
    outer loop
      vertex 74.2 -48.15 -0.9
      vertex -5.8 -42.2 -0.9
      vertex -4.4 -42.2 -0.9
    endloop
  endfacet
  facet normal 0 0 -1
    outer loop
      vertex -80.2 -48.15 -0.9
      vertex -5.8 -42.2 -0.9
      vertex 74.2 -48.15 -0.9
    endloop
  endfacet
  facet normal 0 0 -1
    outer loop
      vertex -16 -42.2 -0.9
      vertex -14.6 -34.8 -0.9
      vertex -14.6 -42.2 -0.9
    endloop
  endfacet
  facet normal 0 0 -1
    outer loop
      vertex -16 -34.8 -0.9
      vertex -14.6 -34.8 -0.9
      vertex -16 -42.2 -0.9
    endloop
  endfacet
  facet normal -0 0 -1
    outer loop
      vertex -5.8 -42.2 -0.9
      vertex -80.2 -48.15 -0.9
      vertex -14.6 -42.2 -0.9
    endloop
  endfacet
  facet normal -0 0 -1
    outer loop
      vertex -14.6 -42.2 -0.9
      vertex -80.2 -48.15 -0.9
      vertex -16 -42.2 -0.9
    endloop
  endfacet
  facet normal 0 0 -1
    outer loop
      vertex -26.2 -34.8 -0.9
      vertex -24.8 -34.8 -0.9
      vertex -24.8 -42.2 -0.9
    endloop
  endfacet
  facet normal 0 0 -1
    outer loop
      vertex -26.2 -34.8 -0.9
      vertex -24.8 -42.2 -0.9
      vertex -26.2 -42.2 -0.9
    endloop
  endfacet
  facet normal -0 0 -1
    outer loop
      vertex -16 -42.2 -0.9
      vertex -80.2 -48.15 -0.9
      vertex -24.8 -42.2 -0.9
    endloop
  endfacet
  facet normal -0 0 -1
    outer loop
      vertex -24.8 -42.2 -0.9
      vertex -80.2 -48.15 -0.9
      vertex -26.2 -42.2 -0.9
    endloop
  endfacet
  facet normal 0 0 -1
    outer loop
      vertex -36.4 -42.2 -0.9
      vertex -35 -34.8 -0.9
      vertex -35 -42.2 -0.9
    endloop
  endfacet
  facet normal 0 0 -1
    outer loop
      vertex -36.4 -34.8 -0.9
      vertex -35 -34.8 -0.9
      vertex -36.4 -42.2 -0.9
    endloop
  endfacet
  facet normal -0 0 -1
    outer loop
      vertex -26.2 -42.2 -0.9
      vertex -80.2 -48.15 -0.9
      vertex -35 -42.2 -0.9
    endloop
  endfacet
  facet normal -0 0 -1
    outer loop
      vertex -35 -42.2 -0.9
      vertex -80.2 -48.15 -0.9
      vertex -36.4 -42.2 -0.9
    endloop
  endfacet
  facet normal 0 0 -1
    outer loop
      vertex -46.6 -34.8 -0.9
      vertex -45.2 -34.8 -0.9
      vertex -45.2 -42.2 -0.9
    endloop
  endfacet
  facet normal 0 0 -1
    outer loop
      vertex -46.6 -34.8 -0.9
      vertex -45.2 -42.2 -0.9
      vertex -46.6 -42.2 -0.9
    endloop
  endfacet
  facet normal -0 0 -1
    outer loop
      vertex -36.4 -42.2 -0.9
      vertex -80.2 -48.15 -0.9
      vertex -45.2 -42.2 -0.9
    endloop
  endfacet
  facet normal -0 0 -1
    outer loop
      vertex -45.2 -42.2 -0.9
      vertex -80.2 -48.15 -0.9
      vertex -46.6 -42.2 -0.9
    endloop
  endfacet
  facet normal 0 0 -1
    outer loop
      vertex -55.4 -42.2 -0.9
      vertex -56.8 -42.2 -0.9
      vertex -55.4 -34.8 -0.9
    endloop
  endfacet
  facet normal -0 0 -1
    outer loop
      vertex -46.6 -42.2 -0.9
      vertex -80.2 -48.15 -0.9
      vertex -55.4 -42.2 -0.9
    endloop
  endfacet
  facet normal -0 0 -1
    outer loop
      vertex -55.4 -42.2 -0.9
      vertex -80.2 -48.15 -0.9
      vertex -56.8 -42.2 -0.9
    endloop
  endfacet
  facet normal 0 0 -1
    outer loop
      vertex -80.2 -48.15 -0.9
      vertex -65.6 -34.8 -0.9
      vertex -65.6 -42.2 -0.9
    endloop
  endfacet
  facet normal 0 0 -1
    outer loop
      vertex -65.5 23.7 -0.9
      vertex -76.5 33.9 -0.9
      vertex -66.3 33.9 -0.9
    endloop
  endfacet
  facet normal 0 0 -1
    outer loop
      vertex -80.2 48.15 -0.9
      vertex -76.5 33.9 -0.9
      vertex -80.2 -48.15 -0.9
    endloop
  endfacet
  facet normal -0 0 -1
    outer loop
      vertex -65.5 -23.7 -0.9
      vertex -80.2 -48.15 -0.9
      vertex -76.5 33.9 -0.9
    endloop
  endfacet
  facet normal -0 0 -1
    outer loop
      vertex -56.8 -42.2 -0.9
      vertex -80.2 -48.15 -0.9
      vertex -65.6 -42.2 -0.9
    endloop
  endfacet
  facet normal 0 0 -1
    outer loop
      vertex 65.5 -32.3 -0.9
      vertex 74.2 -48.15 -0.9
      vertex 65.6 -34.8 -0.9
    endloop
  endfacet
  facet normal 0 0 -1
    outer loop
      vertex 74.2 -48.15 -0.9
      vertex 65.5 -32.3 -0.9
      vertex 65.5 -23.7 -0.9
    endloop
  endfacet
  facet normal 0 0 -1
    outer loop
      vertex 65.0105 -19 -0.9
      vertex 74.2 -48.15 -0.9
      vertex 65.5 -23.7 -0.9
    endloop
  endfacet
  facet normal 0 0 -1
    outer loop
      vertex 74.2 -48.15 -0.9
      vertex 65.35 16.8 -0.9
      vertex 74.2 48.15 -0.9
    endloop
  endfacet
  facet normal 0 0 -1
    outer loop
      vertex 65.5 32.3 -0.9
      vertex 74.2 48.15 -0.9
      vertex 65.5 23.7 -0.9
    endloop
  endfacet
  facet normal 0 0 -1
    outer loop
      vertex 56.9 32.3 -0.9
      vertex 74.2 48.15 -0.9
      vertex 65.5 32.3 -0.9
    endloop
  endfacet
  facet normal 0 0 -1
    outer loop
      vertex 55.15 5.6 -0.9
      vertex 56.9 23.7 -0.9
      vertex 55.879 -5.6 -0.9
    endloop
  endfacet
  facet normal 0 0 -1
    outer loop
      vertex 55.1145 6.14168 -0.9
      vertex 56.9 23.7 -0.9
      vertex 55.15 5.6 -0.9
    endloop
  endfacet
  facet normal 0 0 -1
    outer loop
      vertex 55.0086 6.6741 -0.9
      vertex 56.9 23.7 -0.9
      vertex 55.1145 6.14168 -0.9
    endloop
  endfacet
  facet normal 0 0 -1
    outer loop
      vertex 54.8341 7.18814 -0.9
      vertex 56.9 23.7 -0.9
      vertex 55.0086 6.6741 -0.9
    endloop
  endfacet
  facet normal 0 0 -1
    outer loop
      vertex 54.594 7.675 -0.9
      vertex 56.9 23.7 -0.9
      vertex 54.8341 7.18814 -0.9
    endloop
  endfacet
  facet normal 0 0 -1
    outer loop
      vertex 56.9 23.7 -0.9
      vertex 54.8105 25.8 -0.9
      vertex 56.9 32.3 -0.9
    endloop
  endfacet
  facet normal 0 0 -1
    outer loop
      vertex 51 32.4 -0.9
      vertex 56.9 32.3 -0.9
      vertex 54.8105 25.8 -0.9
    endloop
  endfacet
  facet normal 0 0 -1
    outer loop
      vertex 51 32.4 -0.9
      vertex 74.2 48.15 -0.9
      vertex 56.9 32.3 -0.9
    endloop
  endfacet
  facet normal 0 0 -1
    outer loop
      vertex 34.9 9.9 -0.9
      vertex 47.1659 7.18814 -0.9
      vertex 46.9914 6.6741 -0.9
    endloop
  endfacet
  facet normal 0 0 -1
    outer loop
      vertex 34.9 9.9 -0.9
      vertex 46.9914 6.6741 -0.9
      vertex 46.8855 6.14168 -0.9
    endloop
  endfacet
  facet normal 0 0 -1
    outer loop
      vertex 34.9 9.9 -0.9
      vertex 46.85 5.6 -0.9
      vertex 34.9 1.3 -0.9
    endloop
  endfacet
  facet normal 0 0 -1
    outer loop
      vertex 34.9 1.3 -0.9
      vertex 46.85 5.6 -0.9
      vertex 46.8855 5.05832 -0.9
    endloop
  endfacet
  facet normal 0 0 -1
    outer loop
      vertex 47.1659 -18.3881 -0.9
      vertex 34.4341 -18.3881 -0.9
      vertex 46.9914 -17.8741 -0.9
    endloop
  endfacet
  facet normal 0 0 -1
    outer loop
      vertex 46.9914 -15.7259 -0.9
      vertex 34.9 1.3 -0.9
      vertex 46.121 -5.6 -0.9
    endloop
  endfacet
  facet normal 0 0 -1
    outer loop
      vertex 56.9 23.7 -0.9
      vertex 47.1895 25.8 -0.9
      vertex 54.8105 25.8 -0.9
    endloop
  endfacet
  facet normal 0 0 -1
    outer loop
      vertex 40.8 21.2 -0.9
      vertex 47.1895 25.8 -0.9
      vertex 44.6105 14.6 -0.9
    endloop
  endfacet
  facet normal 0 0 -1
    outer loop
      vertex 35.479 28 -0.9
      vertex 47.1895 25.8 -0.9
      vertex 40.8 21.2 -0.9
    endloop
  endfacet
  facet normal 0 -0 -1
    outer loop
      vertex 34.6086 -17.8741 -0.9
      vertex 46.9914 -17.8741 -0.9
      vertex 34.4341 -18.3881 -0.9
    endloop
  endfacet
  facet normal 0 0 -1
    outer loop
      vertex 46.85 5.6 -0.9
      vertex 34.9 9.9 -0.9
      vertex 46.8855 6.14168 -0.9
    endloop
  endfacet
  facet normal 0 0 -1
    outer loop
      vertex 35.479 28 -0.9
      vertex 40.8 21.2 -0.9
      vertex 36.9895 14.6 -0.9
    endloop
  endfacet
  facet normal 0 0 -1
    outer loop
      vertex 47.1895 25.8 -0.9
      vertex 35.479 28 -0.9
      vertex 51 32.4 -0.9
    endloop
  endfacet
  facet normal 0 0 -1
    outer loop
      vertex 30.6 32.879 -0.9
      vertex 51 32.4 -0.9
      vertex 35.479 28 -0.9
    endloop
  endfacet
  facet normal 0 0 -1
    outer loop
      vertex 51 32.4 -0.9
      vertex 30.6 32.879 -0.9
      vertex 74.2 48.15 -0.9
    endloop
  endfacet
  facet normal 0 0 -1
    outer loop
      vertex 16 -34.8 -0.9
      vertex 25.721 -28 -0.9
      vertex 24.8 -34.8 -0.9
    endloop
  endfacet
  facet normal 0 0 -1
    outer loop
      vertex 20.4 10 -0.9
      vertex 26.3 9.9 -0.9
      vertex 24.2105 3.4 -0.9
    endloop
  endfacet
  facet normal 0 0 -1
    outer loop
      vertex 14.35 16.8 -0.9
      vertex 26.45 16.8 -0.9
      vertex 20.4 10 -0.9
    endloop
  endfacet
  facet normal 0 0 -1
    outer loop
      vertex 14.3145 16.2583 -0.9
      vertex 20.4 10 -0.9
      vertex 16.5895 3.4 -0.9
    endloop
  endfacet
  facet normal 0 0 -1
    outer loop
      vertex 14.6 -34.8 -0.9
      vertex 16 -34.8 -0.9
      vertex 14.6 -42.2 -0.9
    endloop
  endfacet
  facet normal 0 0 -1
    outer loop
      vertex 13.4924 -30.5264 -0.9
      vertex 16 -34.8 -0.9
      vertex 14.6 -34.8 -0.9
    endloop
  endfacet
  facet normal 0 0 -1
    outer loop
      vertex 25.721 -28 -0.9
      vertex 14.5 -21.1 -0.9
      vertex 14.5 -12.5 -0.9
    endloop
  endfacet
  facet normal 0 0 -1
    outer loop
      vertex 14.0105 -7.8 -0.9
      vertex 25.721 -28 -0.9
      vertex 14.5 -12.5 -0.9
    endloop
  endfacet
  facet normal -0 0 -1
    outer loop
      vertex 26.45 -5.6 -0.9
      vertex 14.0105 -7.8 -0.9
      vertex 16.5895 3.4 -0.9
    endloop
  endfacet
  facet normal 0 0 -1
    outer loop
      vertex 26.5914 17.8741 -0.9
      vertex 14.2086 17.8741 -0.9
      vertex 26.7659 18.3881 -0.9
    endloop
  endfacet
  facet normal 0 0 -1
    outer loop
      vertex 14.0341 18.3881 -0.9
      vertex 26.7659 18.3881 -0.9
      vertex 14.2086 17.8741 -0.9
    endloop
  endfacet
  facet normal 0 0 -1
    outer loop
      vertex 14.3145 28.5417 -0.9
      vertex 25.721 28 -0.9
      vertex 14.35 28 -0.9
    endloop
  endfacet
  facet normal 0 0 -1
    outer loop
      vertex 14.2086 29.0741 -0.9
      vertex 25.721 28 -0.9
      vertex 14.3145 28.5417 -0.9
    endloop
  endfacet
  facet normal 0 0 -1
    outer loop
      vertex 14.0341 29.5881 -0.9
      vertex 25.721 28 -0.9
      vertex 14.2086 29.0741 -0.9
    endloop
  endfacet
  facet normal 0 0 -1
    outer loop
      vertex 13.794 30.075 -0.9
      vertex 25.721 28 -0.9
      vertex 14.0341 29.5881 -0.9
    endloop
  endfacet
  facet normal 0 0 -1
    outer loop
      vertex 13.4924 30.5264 -0.9
      vertex 25.721 28 -0.9
      vertex 13.794 30.075 -0.9
    endloop
  endfacet
  facet normal 0 0 -1
    outer loop
      vertex 25.721 28 -0.9
      vertex 13.4924 30.5264 -0.9
      vertex 30.6 32.879 -0.9
    endloop
  endfacet
  facet normal 0 0 -1
    outer loop
      vertex 13.1345 30.9345 -0.9
      vertex 30.6 32.879 -0.9
      vertex 13.4924 30.5264 -0.9
    endloop
  endfacet
  facet normal 0 0 -1
    outer loop
      vertex 12.7264 31.2924 -0.9
      vertex 30.6 32.879 -0.9
      vertex 13.1345 30.9345 -0.9
    endloop
  endfacet
  facet normal 0 0 -1
    outer loop
      vertex 12.275 31.594 -0.9
      vertex 30.6 32.879 -0.9
      vertex 12.7264 31.2924 -0.9
    endloop
  endfacet
  facet normal 0 0 -1
    outer loop
      vertex 11.7881 31.8341 -0.9
      vertex 30.6 32.879 -0.9
      vertex 12.275 31.594 -0.9
    endloop
  endfacet
  facet normal 0 0 -1
    outer loop
      vertex 11.2741 32.0086 -0.9
      vertex 30.6 32.879 -0.9
      vertex 11.7881 31.8341 -0.9
    endloop
  endfacet
  facet normal 0 0 -1
    outer loop
      vertex 10.7417 32.1145 -0.9
      vertex 30.6 32.879 -0.9
      vertex 11.2741 32.0086 -0.9
    endloop
  endfacet
  facet normal 0 0 -1
    outer loop
      vertex 10.2 32.15 -0.9
      vertex 30.6 32.879 -0.9
      vertex 10.7417 32.1145 -0.9
    endloop
  endfacet
  facet normal -0 0 -1
    outer loop
      vertex 30.6 32.879 -0.9
      vertex 10.2 32.15 -0.9
      vertex 74.2 48.15 -0.9
    endloop
  endfacet
  facet normal 0 0 -1
    outer loop
      vertex -10.2 32.4 -0.9
      vertex 10.2 32.15 -0.9
      vertex 9.65832 32.1145 -0.9
    endloop
  endfacet
  facet normal 0 0 -1
    outer loop
      vertex -10.2 32.4 -0.9
      vertex 9.65832 32.1145 -0.9
      vertex 9.1259 32.0086 -0.9
    endloop
  endfacet
  facet normal 0 0 -1
    outer loop
      vertex -6.38949 -30.2 -0.9
      vertex 6.19141 -26.9259 -0.9
      vertex 6.0855 -27.4583 -0.9
    endloop
  endfacet
  facet normal -0 0 -1
    outer loop
      vertex 6.0855 16.2583 -0.9
      vertex 0 10.479 -0.9
      vertex 6.05 16.8 -0.9
    endloop
  endfacet
  facet normal 0 0 -1
    outer loop
      vertex -5.9 21.1 -0.9
      vertex 6.05 16.8 -0.9
      vertex 0 10.479 -0.9
    endloop
  endfacet
  facet normal -0 0 -1
    outer loop
      vertex 6.19141 26.9259 -0.9
      vertex -6.38949 25.8 -0.9
      vertex 6.0855 27.4583 -0.9
    endloop
  endfacet
  facet normal -0 0 -1
    outer loop
      vertex 6.0855 27.4583 -0.9
      vertex -6.38949 25.8 -0.9
      vertex 6.05 28 -0.9
    endloop
  endfacet
  facet normal 0 0 -1
    outer loop
      vertex -5.9 12.5 -0.9
      vertex 0 10.479 -0.9
      vertex -4.87904 5.6 -0.9
    endloop
  endfacet
  facet normal 0 0 -1
    outer loop
      vertex -5.9 21.1 -0.9
      vertex 0 10.479 -0.9
      vertex -5.9 12.5 -0.9
    endloop
  endfacet
  facet normal 0 0 -1
    outer loop
      vertex -3.594 -7.675 -0.9
      vertex -16.2855 -6.14168 -0.9
      vertex -3.8341 -7.18814 -0.9
    endloop
  endfacet
  facet normal 0 0 -1
    outer loop
      vertex -4.15 -5.6 -0.9
      vertex -5.9 12.5 -0.9
      vertex -4.87904 5.6 -0.9
    endloop
  endfacet
  facet normal -0 0 -1
    outer loop
      vertex 6.05 28 -0.9
      vertex -6.38949 25.8 -0.9
      vertex 6.0855 28.5417 -0.9
    endloop
  endfacet
  facet normal -0 0 -1
    outer loop
      vertex 6.0855 28.5417 -0.9
      vertex -6.38949 25.8 -0.9
      vertex 6.19141 29.0741 -0.9
    endloop
  endfacet
  facet normal -0 0 -1
    outer loop
      vertex 6.19141 29.0741 -0.9
      vertex -6.38949 25.8 -0.9
      vertex 6.3659 29.5881 -0.9
    endloop
  endfacet
  facet normal 0 0 -1
    outer loop
      vertex -10.2 32.4 -0.9
      vertex 6.3659 29.5881 -0.9
      vertex -6.38949 25.8 -0.9
    endloop
  endfacet
  facet normal 0 0 -1
    outer loop
      vertex 6.3659 29.5881 -0.9
      vertex -10.2 32.4 -0.9
      vertex 6.60599 30.075 -0.9
    endloop
  endfacet
  facet normal 0 0 -1
    outer loop
      vertex 6.60599 30.075 -0.9
      vertex -10.2 32.4 -0.9
      vertex 6.90758 30.5264 -0.9
    endloop
  endfacet
  facet normal 0 0 -1
    outer loop
      vertex 6.90758 30.5264 -0.9
      vertex -10.2 32.4 -0.9
      vertex 7.26551 30.9345 -0.9
    endloop
  endfacet
  facet normal 0 0 -1
    outer loop
      vertex 7.26551 30.9345 -0.9
      vertex -10.2 32.4 -0.9
      vertex 7.67364 31.2924 -0.9
    endloop
  endfacet
  facet normal 0 0 -1
    outer loop
      vertex 7.67364 31.2924 -0.9
      vertex -10.2 32.4 -0.9
      vertex 8.125 31.594 -0.9
    endloop
  endfacet
  facet normal 0 0 -1
    outer loop
      vertex 8.125 31.594 -0.9
      vertex -10.2 32.4 -0.9
      vertex 8.61186 31.8341 -0.9
    endloop
  endfacet
  facet normal 0 0 -1
    outer loop
      vertex -10.2 32.4 -0.9
      vertex 9.1259 32.0086 -0.9
      vertex 8.61186 31.8341 -0.9
    endloop
  endfacet
  facet normal 0 0 -1
    outer loop
      vertex 10.2 32.15 -0.9
      vertex -10.2 32.4 -0.9
      vertex 74.2 48.15 -0.9
    endloop
  endfacet
  facet normal 0 0 -1
    outer loop
      vertex -4.15 -5.6 -0.9
      vertex -16.25 5.6 -0.9
      vertex -5.9 12.5 -0.9
    endloop
  endfacet
  facet normal 0 0 -1
    outer loop
      vertex -16.2855 6.14168 -0.9
      vertex -5.9 12.5 -0.9
      vertex -16.25 5.6 -0.9
    endloop
  endfacet
  facet normal 0 0 -1
    outer loop
      vertex -16.3914 6.6741 -0.9
      vertex -5.9 12.5 -0.9
      vertex -16.2855 6.14168 -0.9
    endloop
  endfacet
  facet normal -0 0 -1
    outer loop
      vertex -5.9 12.5 -0.9
      vertex -16.3914 6.6741 -0.9
      vertex -14.5 12.5 -0.9
    endloop
  endfacet
  facet normal 0 0 -1
    outer loop
      vertex -14.5 21.1 -0.9
      vertex -16.25 28 -0.9
      vertex -14.0105 25.8 -0.9
    endloop
  endfacet
  facet normal 0 0 -1
    outer loop
      vertex -16.2855 28.5417 -0.9
      vertex -14.0105 25.8 -0.9
      vertex -16.25 28 -0.9
    endloop
  endfacet
  facet normal 0 0 -1
    outer loop
      vertex -14.0105 25.8 -0.9
      vertex -16.2855 28.5417 -0.9
      vertex -10.2 32.4 -0.9
    endloop
  endfacet
  facet normal 0 0 -1
    outer loop
      vertex -16.3914 29.0741 -0.9
      vertex -10.2 32.4 -0.9
      vertex -16.2855 28.5417 -0.9
    endloop
  endfacet
  facet normal 0 0 -1
    outer loop
      vertex -16.5659 29.5881 -0.9
      vertex -10.2 32.4 -0.9
      vertex -16.3914 29.0741 -0.9
    endloop
  endfacet
  facet normal 0 0 -1
    outer loop
      vertex -16.806 30.075 -0.9
      vertex -10.2 32.4 -0.9
      vertex -16.5659 29.5881 -0.9
    endloop
  endfacet
  facet normal 0 0 -1
    outer loop
      vertex -17.1076 30.5264 -0.9
      vertex -10.2 32.4 -0.9
      vertex -16.806 30.075 -0.9
    endloop
  endfacet
  facet normal 0 0 -1
    outer loop
      vertex -17.4655 30.9345 -0.9
      vertex -10.2 32.4 -0.9
      vertex -17.1076 30.5264 -0.9
    endloop
  endfacet
  facet normal 0 0 -1
    outer loop
      vertex -17.8736 31.2924 -0.9
      vertex -10.2 32.4 -0.9
      vertex -17.4655 30.9345 -0.9
    endloop
  endfacet
  facet normal 0 0 -1
    outer loop
      vertex -18.325 31.594 -0.9
      vertex -10.2 32.4 -0.9
      vertex -17.8736 31.2924 -0.9
    endloop
  endfacet
  facet normal 0 0 -1
    outer loop
      vertex -18.8119 31.8341 -0.9
      vertex -10.2 32.4 -0.9
      vertex -18.325 31.594 -0.9
    endloop
  endfacet
  facet normal 0 0 -1
    outer loop
      vertex -19.3259 32.0086 -0.9
      vertex -10.2 32.4 -0.9
      vertex -18.8119 31.8341 -0.9
    endloop
  endfacet
  facet normal 0 0 -1
    outer loop
      vertex -19.8583 32.1145 -0.9
      vertex -10.2 32.4 -0.9
      vertex -19.3259 32.0086 -0.9
    endloop
  endfacet
  facet normal 0 0 -1
    outer loop
      vertex -20.4 32.15 -0.9
      vertex -10.2 32.4 -0.9
      vertex -19.8583 32.1145 -0.9
    endloop
  endfacet
  facet normal -0 0 -1
    outer loop
      vertex -10.2 32.4 -0.9
      vertex -20.4 32.15 -0.9
      vertex -66.3 44.5 -0.9
    endloop
  endfacet
  facet normal 0 0 -1
    outer loop
      vertex -66.3 44.5 -0.9
      vertex -20.4 32.15 -0.9
      vertex -20.9417 32.1145 -0.9
    endloop
  endfacet
  facet normal 0 0 -1
    outer loop
      vertex -24.4086 -29.0741 -0.9
      vertex -36.65 -28 -0.9
      vertex -24.5145 -28.5417 -0.9
    endloop
  endfacet
  facet normal 0 0 -1
    outer loop
      vertex -36.6855 -27.4583 -0.9
      vertex -24.5145 -27.4583 -0.9
      vertex -36.65 -28 -0.9
    endloop
  endfacet
  facet normal 0 0 -1
    outer loop
      vertex -37.5076 -30.5264 -0.9
      vertex -35 -34.8 -0.9
      vertex -36.4 -34.8 -0.9
    endloop
  endfacet
  facet normal 0 0 -1
    outer loop
      vertex -24.55 5.6 -0.9
      vertex -35.921 16.8 -0.9
      vertex -24.55 28 -0.9
    endloop
  endfacet
  facet normal 0 0 -1
    outer loop
      vertex -37.206 25.925 -0.9
      vertex -24.55 28 -0.9
      vertex -35.921 16.8 -0.9
    endloop
  endfacet
  facet normal 0 0 -1
    outer loop
      vertex -24.55 28 -0.9
      vertex -36.65 28 -0.9
      vertex -24.5145 28.5417 -0.9
    endloop
  endfacet
  facet normal 0 0 -1
    outer loop
      vertex -36.6855 28.5417 -0.9
      vertex -24.5145 28.5417 -0.9
      vertex -36.65 28 -0.9
    endloop
  endfacet
  facet normal 0 0 -1
    outer loop
      vertex -24.5145 28.5417 -0.9
      vertex -36.6855 28.5417 -0.9
      vertex -24.4086 29.0741 -0.9
    endloop
  endfacet
  facet normal 0 0 -1
    outer loop
      vertex -36.7914 29.0741 -0.9
      vertex -24.4086 29.0741 -0.9
      vertex -36.6855 28.5417 -0.9
    endloop
  endfacet
  facet normal 0 0 -1
    outer loop
      vertex -24.4086 29.0741 -0.9
      vertex -36.7914 29.0741 -0.9
      vertex -24.2341 29.5881 -0.9
    endloop
  endfacet
  facet normal 0 0 -1
    outer loop
      vertex -36.9659 29.5881 -0.9
      vertex -24.2341 29.5881 -0.9
      vertex -36.7914 29.0741 -0.9
    endloop
  endfacet
  facet normal 0 0 -1
    outer loop
      vertex -24.2341 29.5881 -0.9
      vertex -36.9659 29.5881 -0.9
      vertex -23.994 30.075 -0.9
    endloop
  endfacet
  facet normal 0 0 -1
    outer loop
      vertex -37.206 30.075 -0.9
      vertex -23.994 30.075 -0.9
      vertex -36.9659 29.5881 -0.9
    endloop
  endfacet
  facet normal 0 0 -1
    outer loop
      vertex -23.994 30.075 -0.9
      vertex -37.206 30.075 -0.9
      vertex -23.6924 30.5264 -0.9
    endloop
  endfacet
  facet normal 0 0 -1
    outer loop
      vertex -37.5076 30.5264 -0.9
      vertex -23.6924 30.5264 -0.9
      vertex -37.206 30.075 -0.9
    endloop
  endfacet
  facet normal 0 0 -1
    outer loop
      vertex -23.6924 30.5264 -0.9
      vertex -37.5076 30.5264 -0.9
      vertex -23.3345 30.9345 -0.9
    endloop
  endfacet
  facet normal 0 0 -1
    outer loop
      vertex -37.8655 30.9345 -0.9
      vertex -23.3345 30.9345 -0.9
      vertex -37.5076 30.5264 -0.9
    endloop
  endfacet
  facet normal 0 0 -1
    outer loop
      vertex -23.3345 30.9345 -0.9
      vertex -37.8655 30.9345 -0.9
      vertex -22.9264 31.2924 -0.9
    endloop
  endfacet
  facet normal 0 0 -1
    outer loop
      vertex -38.2736 31.2924 -0.9
      vertex -22.9264 31.2924 -0.9
      vertex -37.8655 30.9345 -0.9
    endloop
  endfacet
  facet normal 0 0 -1
    outer loop
      vertex -22.9264 31.2924 -0.9
      vertex -38.2736 31.2924 -0.9
      vertex -22.475 31.594 -0.9
    endloop
  endfacet
  facet normal 0 0 -1
    outer loop
      vertex -38.725 31.594 -0.9
      vertex -22.475 31.594 -0.9
      vertex -38.2736 31.2924 -0.9
    endloop
  endfacet
  facet normal 0 0 -1
    outer loop
      vertex -22.475 31.594 -0.9
      vertex -38.725 31.594 -0.9
      vertex -21.9881 31.8341 -0.9
    endloop
  endfacet
  facet normal 0 0 -1
    outer loop
      vertex -39.2119 31.8341 -0.9
      vertex -21.9881 31.8341 -0.9
      vertex -38.725 31.594 -0.9
    endloop
  endfacet
  facet normal 0 0 -1
    outer loop
      vertex -21.9881 31.8341 -0.9
      vertex -39.2119 31.8341 -0.9
      vertex -21.4741 32.0086 -0.9
    endloop
  endfacet
  facet normal 0 0 -1
    outer loop
      vertex -39.7259 32.0086 -0.9
      vertex -21.4741 32.0086 -0.9
      vertex -39.2119 31.8341 -0.9
    endloop
  endfacet
  facet normal 0 0 -1
    outer loop
      vertex -21.4741 32.0086 -0.9
      vertex -39.7259 32.0086 -0.9
      vertex -20.9417 32.1145 -0.9
    endloop
  endfacet
  facet normal 0 0 -1
    outer loop
      vertex -40.2583 32.1145 -0.9
      vertex -20.9417 32.1145 -0.9
      vertex -39.7259 32.0086 -0.9
    endloop
  endfacet
  facet normal 0 0 -1
    outer loop
      vertex -20.9417 32.1145 -0.9
      vertex -40.2583 32.1145 -0.9
      vertex -66.3 44.5 -0.9
    endloop
  endfacet
  facet normal 0 0 -1
    outer loop
      vertex -66.3 44.5 -0.9
      vertex -40.2583 32.1145 -0.9
      vertex -40.8 32.15 -0.9
    endloop
  endfacet
  facet normal 0 0 -1
    outer loop
      vertex -66.3 44.5 -0.9
      vertex -40.8 32.15 -0.9
      vertex -41.3417 32.1145 -0.9
    endloop
  endfacet
  facet normal 0 0 -1
    outer loop
      vertex -46.8855 5.05832 -0.9
      vertex -45.1 -1.3 -0.9
      vertex -45.1 -9.9 -0.9
    endloop
  endfacet
  facet normal 0 0 -1
    outer loop
      vertex -44.6105 3.4 -0.9
      vertex -46.85 5.6 -0.9
      vertex -46.8855 6.14168 -0.9
    endloop
  endfacet
  facet normal 0 0 -1
    outer loop
      vertex -40.8 10 -0.9
      vertex -46.8855 6.14168 -0.9
      vertex -46.9914 6.6741 -0.9
    endloop
  endfacet
  facet normal 0 0 -1
    outer loop
      vertex -47.406 7.675 -0.9
      vertex -40.8 10 -0.9
      vertex -47.1659 7.18814 -0.9
    endloop
  endfacet
  facet normal 0 0 -1
    outer loop
      vertex -47.7076 8.12636 -0.9
      vertex -40.8 10 -0.9
      vertex -47.406 7.675 -0.9
    endloop
  endfacet
  facet normal -0 0 -1
    outer loop
      vertex -40.8 10 -0.9
      vertex -47.7076 8.12636 -0.9
      vertex -40.8 11.921 -0.9
    endloop
  endfacet
  facet normal 0 0 -1
    outer loop
      vertex -48.0655 8.53449 -0.9
      vertex -40.8 11.921 -0.9
      vertex -47.7076 8.12636 -0.9
    endloop
  endfacet
  facet normal 0 0 -1
    outer loop
      vertex -48.4736 8.89242 -0.9
      vertex -40.8 11.921 -0.9
      vertex -48.0655 8.53449 -0.9
    endloop
  endfacet
  facet normal -0 0 -1
    outer loop
      vertex -40.8 11.921 -0.9
      vertex -48.4736 8.89242 -0.9
      vertex -45.679 16.8 -0.9
    endloop
  endfacet
  facet normal 0 0 -1
    outer loop
      vertex -48.925 9.19401 -0.9
      vertex -45.679 16.8 -0.9
      vertex -48.4736 8.89242 -0.9
    endloop
  endfacet
  facet normal 0 0 -1
    outer loop
      vertex -49.4119 9.4341 -0.9
      vertex -45.679 16.8 -0.9
      vertex -48.925 9.19401 -0.9
    endloop
  endfacet
  facet normal 0 0 -1
    outer loop
      vertex -49.9259 9.60859 -0.9
      vertex -45.679 16.8 -0.9
      vertex -49.4119 9.4341 -0.9
    endloop
  endfacet
  facet normal 0 0 -1
    outer loop
      vertex -50.4583 9.7145 -0.9
      vertex -45.679 16.8 -0.9
      vertex -49.9259 9.60859 -0.9
    endloop
  endfacet
  facet normal 0 0 -1
    outer loop
      vertex -51 9.75 -0.9
      vertex -45.679 16.8 -0.9
      vertex -50.4583 9.7145 -0.9
    endloop
  endfacet
  facet normal 0 0 -1
    outer loop
      vertex -56.9 32.3 -0.9
      vertex -44.95 28 -0.9
      vertex -56.9 23.7 -0.9
    endloop
  endfacet
  facet normal -0 0 -1
    outer loop
      vertex -44.9145 27.4583 -0.9
      vertex -56.9 23.7 -0.9
      vertex -44.95 28 -0.9
    endloop
  endfacet
  facet normal 0 0 -1
    outer loop
      vertex -57.05 16.8 -0.9
      vertex -51 9.75 -0.9
      vertex -51.5417 9.7145 -0.9
    endloop
  endfacet
  facet normal 0 0 -1
    outer loop
      vertex -51 9.75 -0.9
      vertex -57.05 16.8 -0.9
      vertex -45.679 16.8 -0.9
    endloop
  endfacet
  facet normal 0 0 -1
    outer loop
      vertex -44.95 28 -0.9
      vertex -56.9 32.3 -0.9
      vertex -44.9145 28.5417 -0.9
    endloop
  endfacet
  facet normal 0 0 -1
    outer loop
      vertex -57.05 16.8 -0.9
      vertex -51.5417 9.7145 -0.9
      vertex -52.0741 9.60859 -0.9
    endloop
  endfacet
  facet normal 0 0 -1
    outer loop
      vertex -57.05 16.8 -0.9
      vertex -52.0741 9.60859 -0.9
      vertex -52.5881 9.4341 -0.9
    endloop
  endfacet
  facet normal 0 0 -1
    outer loop
      vertex -57.05 16.8 -0.9
      vertex -52.5881 9.4341 -0.9
      vertex -53.075 9.19401 -0.9
    endloop
  endfacet
  facet normal 0 0 -1
    outer loop
      vertex -57.05 16.8 -0.9
      vertex -53.075 9.19401 -0.9
      vertex -53.5264 8.89242 -0.9
    endloop
  endfacet
  facet normal 0 0 -1
    outer loop
      vertex -57.05 16.8 -0.9
      vertex -53.5264 8.89242 -0.9
      vertex -53.9345 8.53449 -0.9
    endloop
  endfacet
  facet normal 0 0 -1
    outer loop
      vertex -57.05 16.8 -0.9
      vertex -53.9345 8.53449 -0.9
      vertex -54.2924 8.12636 -0.9
    endloop
  endfacet
  facet normal 0 0 -1
    outer loop
      vertex -57.05 16.8 -0.9
      vertex -54.2924 8.12636 -0.9
      vertex -54.594 7.675 -0.9
    endloop
  endfacet
  facet normal 0 0 -1
    outer loop
      vertex -57.05 16.8 -0.9
      vertex -54.594 7.675 -0.9
      vertex -54.8341 7.18814 -0.9
    endloop
  endfacet
  facet normal 0 0 -1
    outer loop
      vertex -56.8 -34.8 -0.9
      vertex -55.4 -34.8 -0.9
      vertex -56.8 -42.2 -0.9
    endloop
  endfacet
  facet normal 0 0 -1
    outer loop
      vertex -56.9 -32.3 -0.9
      vertex -55.4 -34.8 -0.9
      vertex -56.8 -34.8 -0.9
    endloop
  endfacet
  facet normal 0 0 -1
    outer loop
      vertex -55.4 -34.8 -0.9
      vertex -56.9 -32.3 -0.9
      vertex -56.9 -23.7 -0.9
    endloop
  endfacet
  facet normal 0 0 -1
    outer loop
      vertex -61.2 -12.4 -0.9
      vertex -54.8105 -7.8 -0.9
      vertex -57.3895 -19 -0.9
    endloop
  endfacet
  facet normal 0 0 -1
    outer loop
      vertex -55.1145 5.05832 -0.9
      vertex -57.05 16.8 -0.9
      vertex -55.15 5.6 -0.9
    endloop
  endfacet
  facet normal 0 0 -1
    outer loop
      vertex -57.05 16.8 -0.9
      vertex -55.1145 6.14168 -0.9
      vertex -55.15 5.6 -0.9
    endloop
  endfacet
  facet normal 0 0 -1
    outer loop
      vertex -57.05 16.8 -0.9
      vertex -55.0086 6.6741 -0.9
      vertex -55.1145 6.14168 -0.9
    endloop
  endfacet
  facet normal 0 0 -1
    outer loop
      vertex -57.05 16.8 -0.9
      vertex -54.8341 7.18814 -0.9
      vertex -55.0086 6.6741 -0.9
    endloop
  endfacet
  facet normal 0 0 -1
    outer loop
      vertex -44.9145 28.5417 -0.9
      vertex -56.9 32.3 -0.9
      vertex -44.8086 29.0741 -0.9
    endloop
  endfacet
  facet normal 0 0 -1
    outer loop
      vertex -44.8086 29.0741 -0.9
      vertex -56.9 32.3 -0.9
      vertex -44.6341 29.5881 -0.9
    endloop
  endfacet
  facet normal 0 0 -1
    outer loop
      vertex -44.6341 29.5881 -0.9
      vertex -56.9 32.3 -0.9
      vertex -44.394 30.075 -0.9
    endloop
  endfacet
  facet normal 0 0 -1
    outer loop
      vertex -44.394 30.075 -0.9
      vertex -56.9 32.3 -0.9
      vertex -44.0924 30.5264 -0.9
    endloop
  endfacet
  facet normal 0 0 -1
    outer loop
      vertex -44.0924 30.5264 -0.9
      vertex -56.9 32.3 -0.9
      vertex -43.7345 30.9345 -0.9
    endloop
  endfacet
  facet normal 0 0 -1
    outer loop
      vertex -43.7345 30.9345 -0.9
      vertex -56.9 32.3 -0.9
      vertex -43.3264 31.2924 -0.9
    endloop
  endfacet
  facet normal 0 0 -1
    outer loop
      vertex -43.3264 31.2924 -0.9
      vertex -56.9 32.3 -0.9
      vertex -42.875 31.594 -0.9
    endloop
  endfacet
  facet normal 0 0 -1
    outer loop
      vertex -56.9 32.3 -0.9
      vertex -42.3881 31.8341 -0.9
      vertex -42.875 31.594 -0.9
    endloop
  endfacet
  facet normal 0 0 -1
    outer loop
      vertex -66.3 44.5 -0.9
      vertex -42.3881 31.8341 -0.9
      vertex -56.9 32.3 -0.9
    endloop
  endfacet
  facet normal 0 0 -1
    outer loop
      vertex -42.3881 31.8341 -0.9
      vertex -66.3 44.5 -0.9
      vertex -41.8741 32.0086 -0.9
    endloop
  endfacet
  facet normal 0 0 -1
    outer loop
      vertex -41.8741 32.0086 -0.9
      vertex -66.3 44.5 -0.9
      vertex -41.3417 32.1145 -0.9
    endloop
  endfacet
  facet normal 0 0 -1
    outer loop
      vertex -66.3 33.9 -0.9
      vertex -56.9 32.3 -0.9
      vertex -65.5 32.3 -0.9
    endloop
  endfacet
  facet normal 0 0 -1
    outer loop
      vertex -65.5 23.7 -0.9
      vertex -66.3 33.9 -0.9
      vertex -65.5 32.3 -0.9
    endloop
  endfacet
  facet normal 0 0 -1
    outer loop
      vertex -56.9 32.3 -0.9
      vertex -66.3 33.9 -0.9
      vertex -66.3 44.5 -0.9
    endloop
  endfacet
  facet normal 0 0 -1
    outer loop
      vertex -10.2 32.4 -0.9
      vertex -66.3 44.5 -0.9
      vertex 74.2 48.15 -0.9
    endloop
  endfacet
  facet normal 0 0 -1
    outer loop
      vertex -80.2 48.15 -0.9
      vertex -66.3 44.5 -0.9
      vertex -76.5 44.5 -0.9
    endloop
  endfacet
  facet normal 0 0 -1
    outer loop
      vertex -66.3 44.5 -0.9
      vertex -80.2 48.15 -0.9
      vertex 74.2 48.15 -0.9
    endloop
  endfacet
  facet normal 0 0 -1
    outer loop
      vertex -76.5 33.9 -0.9
      vertex -80.2 48.15 -0.9
      vertex -76.5 44.5 -0.9
    endloop
  endfacet
  facet normal 0 0 -1
    outer loop
      vertex 65.3145 17.3417 -0.9
      vertex 65.5 23.7 -0.9
      vertex 65.35 16.8 -0.9
    endloop
  endfacet
  facet normal 0 0 -1
    outer loop
      vertex 65.2086 17.8741 -0.9
      vertex 65.5 23.7 -0.9
      vertex 65.3145 17.3417 -0.9
    endloop
  endfacet
  facet normal 0 0 -1
    outer loop
      vertex 65.0341 18.3881 -0.9
      vertex 65.5 23.7 -0.9
      vertex 65.2086 17.8741 -0.9
    endloop
  endfacet
  facet normal 0 0 -1
    outer loop
      vertex 64.794 18.875 -0.9
      vertex 65.5 23.7 -0.9
      vertex 65.0341 18.3881 -0.9
    endloop
  endfacet
  facet normal 0 0 -1
    outer loop
      vertex 64.4924 19.3264 -0.9
      vertex 65.5 23.7 -0.9
      vertex 64.794 18.875 -0.9
    endloop
  endfacet
  facet normal 0 0 -1
    outer loop
      vertex 64.1345 19.7345 -0.9
      vertex 65.5 23.7 -0.9
      vertex 64.4924 19.3264 -0.9
    endloop
  endfacet
  facet normal 0 0 -1
    outer loop
      vertex 63.7264 20.0924 -0.9
      vertex 65.5 23.7 -0.9
      vertex 64.1345 19.7345 -0.9
    endloop
  endfacet
  facet normal 0 0 -1
    outer loop
      vertex 63.275 20.394 -0.9
      vertex 65.5 23.7 -0.9
      vertex 63.7264 20.0924 -0.9
    endloop
  endfacet
  facet normal 0 0 -1
    outer loop
      vertex 62.7881 20.6341 -0.9
      vertex 65.5 23.7 -0.9
      vertex 63.275 20.394 -0.9
    endloop
  endfacet
  facet normal 0 0 -1
    outer loop
      vertex 62.2741 20.8086 -0.9
      vertex 65.5 23.7 -0.9
      vertex 62.7881 20.6341 -0.9
    endloop
  endfacet
  facet normal 0 0 -1
    outer loop
      vertex 61.7417 20.9145 -0.9
      vertex 65.5 23.7 -0.9
      vertex 62.2741 20.8086 -0.9
    endloop
  endfacet
  facet normal 0 0 -1
    outer loop
      vertex 61.2 20.95 -0.9
      vertex 65.5 23.7 -0.9
      vertex 61.7417 20.9145 -0.9
    endloop
  endfacet
  facet normal 0 0 -1
    outer loop
      vertex 56.9 23.7 -0.9
      vertex 61.2 20.95 -0.9
      vertex 60.6583 20.9145 -0.9
    endloop
  endfacet
  facet normal 0 0 -1
    outer loop
      vertex 56.9 23.7 -0.9
      vertex 60.6583 20.9145 -0.9
      vertex 60.1259 20.8086 -0.9
    endloop
  endfacet
  facet normal 0 0 -1
    outer loop
      vertex 56.9 23.7 -0.9
      vertex 60.1259 20.8086 -0.9
      vertex 59.6119 20.6341 -0.9
    endloop
  endfacet
  facet normal 0 0 -1
    outer loop
      vertex 56.9 23.7 -0.9
      vertex 59.6119 20.6341 -0.9
      vertex 59.125 20.394 -0.9
    endloop
  endfacet
  facet normal 0 0 -1
    outer loop
      vertex 61.2 20.95 -0.9
      vertex 56.9 23.7 -0.9
      vertex 65.5 23.7 -0.9
    endloop
  endfacet
  facet normal 0 0 -1
    outer loop
      vertex 58.6736 20.0924 -0.9
      vertex 56.9 23.7 -0.9
      vertex 59.125 20.394 -0.9
    endloop
  endfacet
  facet normal 0 0 -1
    outer loop
      vertex 58.2655 19.7345 -0.9
      vertex 56.9 23.7 -0.9
      vertex 58.6736 20.0924 -0.9
    endloop
  endfacet
  facet normal 0 0 -1
    outer loop
      vertex 57.9076 19.3264 -0.9
      vertex 56.9 23.7 -0.9
      vertex 58.2655 19.7345 -0.9
    endloop
  endfacet
  facet normal 0 0 -1
    outer loop
      vertex 57.606 18.875 -0.9
      vertex 56.9 23.7 -0.9
      vertex 57.9076 19.3264 -0.9
    endloop
  endfacet
  facet normal 0 0 -1
    outer loop
      vertex 57.3659 18.3881 -0.9
      vertex 56.9 23.7 -0.9
      vertex 57.606 18.875 -0.9
    endloop
  endfacet
  facet normal 0 0 -1
    outer loop
      vertex 57.1914 17.8741 -0.9
      vertex 56.9 23.7 -0.9
      vertex 57.3659 18.3881 -0.9
    endloop
  endfacet
  facet normal 0 0 -1
    outer loop
      vertex 57.0855 17.3417 -0.9
      vertex 56.9 23.7 -0.9
      vertex 57.1914 17.8741 -0.9
    endloop
  endfacet
  facet normal 0 0 -1
    outer loop
      vertex 57.05 16.8 -0.9
      vertex 56.9 23.7 -0.9
      vertex 57.0855 17.3417 -0.9
    endloop
  endfacet
  facet normal 0 0 -1
    outer loop
      vertex 56.9 23.7 -0.9
      vertex 57.05 16.8 -0.9
      vertex 56.9 -23.7 -0.9
    endloop
  endfacet
  facet normal 0 0 -1
    outer loop
      vertex 65.0105 -19 -0.9
      vertex 64.794 14.725 -0.9
      vertex 65.0341 15.2119 -0.9
    endloop
  endfacet
  facet normal 0 0 -1
    outer loop
      vertex 65.0105 -19 -0.9
      vertex 64.4924 14.2736 -0.9
      vertex 64.794 14.725 -0.9
    endloop
  endfacet
  facet normal 0 0 -1
    outer loop
      vertex 61.2 -12.4 -0.9
      vertex 64.4924 14.2736 -0.9
      vertex 65.0105 -19 -0.9
    endloop
  endfacet
  facet normal 0 0 -1
    outer loop
      vertex 64.4924 14.2736 -0.9
      vertex 61.2 -12.4 -0.9
      vertex 64.1345 13.8655 -0.9
    endloop
  endfacet
  facet normal 0 0 -1
    outer loop
      vertex 64.1345 13.8655 -0.9
      vertex 61.2 -12.4 -0.9
      vertex 63.7264 13.5076 -0.9
    endloop
  endfacet
  facet normal 0 0 -1
    outer loop
      vertex 63.7264 13.5076 -0.9
      vertex 61.2 -12.4 -0.9
      vertex 63.275 13.206 -0.9
    endloop
  endfacet
  facet normal 0 0 -1
    outer loop
      vertex 63.275 13.206 -0.9
      vertex 61.2 -12.4 -0.9
      vertex 62.7881 12.9659 -0.9
    endloop
  endfacet
  facet normal 0 0 -1
    outer loop
      vertex 62.7881 12.9659 -0.9
      vertex 61.2 -12.4 -0.9
      vertex 62.2741 12.7914 -0.9
    endloop
  endfacet
  facet normal 0 0 -1
    outer loop
      vertex 62.2741 12.7914 -0.9
      vertex 61.2 -12.4 -0.9
      vertex 61.7417 12.6855 -0.9
    endloop
  endfacet
  facet normal 0 0 -1
    outer loop
      vertex 61.2 -12.4 -0.9
      vertex 61.2 12.65 -0.9
      vertex 61.7417 12.6855 -0.9
    endloop
  endfacet
  facet normal 0 0 -1
    outer loop
      vertex 61.2 -12.4 -0.9
      vertex 60.6583 12.6855 -0.9
      vertex 61.2 12.65 -0.9
    endloop
  endfacet
  facet normal 0 0 -1
    outer loop
      vertex 61.2 -12.4 -0.9
      vertex 60.1259 12.7914 -0.9
      vertex 60.6583 12.6855 -0.9
    endloop
  endfacet
  facet normal 0 0 -1
    outer loop
      vertex 61.2 -12.4 -0.9
      vertex 59.6119 12.9659 -0.9
      vertex 60.1259 12.7914 -0.9
    endloop
  endfacet
  facet normal 0 0 -1
    outer loop
      vertex 61.2 -12.4 -0.9
      vertex 59.125 13.206 -0.9
      vertex 59.6119 12.9659 -0.9
    endloop
  endfacet
  facet normal 0 0 -1
    outer loop
      vertex 61.2 -12.4 -0.9
      vertex 58.6736 13.5076 -0.9
      vertex 59.125 13.206 -0.9
    endloop
  endfacet
  facet normal 0 0 -1
    outer loop
      vertex 61.2 -12.4 -0.9
      vertex 58.2655 13.8655 -0.9
      vertex 58.6736 13.5076 -0.9
    endloop
  endfacet
  facet normal 0 0 -1
    outer loop
      vertex 61.2 -12.4 -0.9
      vertex 57.9076 14.2736 -0.9
      vertex 58.2655 13.8655 -0.9
    endloop
  endfacet
  facet normal 0 0 -1
    outer loop
      vertex 57.3895 -19 -0.9
      vertex 57.9076 14.2736 -0.9
      vertex 61.2 -12.4 -0.9
    endloop
  endfacet
  facet normal -0 0 -1
    outer loop
      vertex 57.9076 14.2736 -0.9
      vertex 57.3895 -19 -0.9
      vertex 57.606 14.725 -0.9
    endloop
  endfacet
  facet normal -0 0 -1
    outer loop
      vertex 57.606 14.725 -0.9
      vertex 57.3895 -19 -0.9
      vertex 57.3659 15.2119 -0.9
    endloop
  endfacet
  facet normal 0 -0.873004 0.487712
    outer loop
      vertex -80.2 -48.15 -0.889999
      vertex 74.2 -47.15 0.9
      vertex -80.2 -47.15 0.9
    endloop
  endfacet
  facet normal 0 -0.873004 0.487712
    outer loop
      vertex 74.2 -47.15 0.9
      vertex -80.2 -48.15 -0.889999
      vertex 74.2 -48.15 -0.889999
    endloop
  endfacet
  facet normal 1 -0 0
    outer loop
      vertex 68.7 -35.15 1.5
      vertex 68.7 35.15 0.9
      vertex 68.7 35.15 1.5
    endloop
  endfacet
  facet normal 1 0 0
    outer loop
      vertex 68.7 35.15 0.9
      vertex 68.7 -35.15 1.5
      vertex 68.7 -35.15 0.9
    endloop
  endfacet
  facet normal -0 0 1
    outer loop
      vertex 64.794 14.725 1.5
      vertex 65.0105 -19 1.5
      vertex 65.0341 15.2119 1.5
    endloop
  endfacet
  facet normal -0 0 1
    outer loop
      vertex 64.4924 14.2736 1.5
      vertex 65.0105 -19 1.5
      vertex 64.794 14.725 1.5
    endloop
  endfacet
  facet normal 0 0 1
    outer loop
      vertex 61.7 -13.266 1.5
      vertex 64.4924 14.2736 1.5
      vertex 64.1345 13.8655 1.5
    endloop
  endfacet
  facet normal 0 0 1
    outer loop
      vertex 61.7 -13.266 1.5
      vertex 64.1345 13.8655 1.5
      vertex 63.7264 13.5076 1.5
    endloop
  endfacet
  facet normal 0 0 1
    outer loop
      vertex 61.7 -13.266 1.5
      vertex 63.7264 13.5076 1.5
      vertex 63.275 13.206 1.5
    endloop
  endfacet
  facet normal 0 0 1
    outer loop
      vertex 61.7 -13.266 1.5
      vertex 63.275 13.206 1.5
      vertex 62.7881 12.9659 1.5
    endloop
  endfacet
  facet normal 0 0 1
    outer loop
      vertex 61.7 -13.266 1.5
      vertex 62.7881 12.9659 1.5
      vertex 62.2741 12.7914 1.5
    endloop
  endfacet
  facet normal 0 0 1
    outer loop
      vertex 61.7 -13.266 1.5
      vertex 62.2741 12.7914 1.5
      vertex 61.7417 12.6855 1.5
    endloop
  endfacet
  facet normal 0 0 1
    outer loop
      vertex 61.7 -13.266 1.5
      vertex 61.7417 12.6855 1.5
      vertex 61.7 12.6828 1.5
    endloop
  endfacet
  facet normal 0 0 1
    outer loop
      vertex 64.4924 14.2736 1.5
      vertex 61.7 -13.266 1.5
      vertex 65.0105 -19 1.5
    endloop
  endfacet
  facet normal 0 0 1
    outer loop
      vertex 68.7 35.15 1.5
      vertex 65.3145 16.2583 1.5
      vertex 68.7 -35.15 1.5
    endloop
  endfacet
  facet normal 0 0 1
    outer loop
      vertex 65.5 23.7 1.5
      vertex 65.3145 17.3417 1.5
      vertex 65.35 16.8 1.5
    endloop
  endfacet
  facet normal 0 0 1
    outer loop
      vertex 65.5 23.7 1.5
      vertex 65.2086 17.8741 1.5
      vertex 65.3145 17.3417 1.5
    endloop
  endfacet
  facet normal 0 0 1
    outer loop
      vertex 65.5 23.7 1.5
      vertex 65.0341 18.3881 1.5
      vertex 65.2086 17.8741 1.5
    endloop
  endfacet
  facet normal 0 0 1
    outer loop
      vertex 65.5 23.7 1.5
      vertex 64.794 18.875 1.5
      vertex 65.0341 18.3881 1.5
    endloop
  endfacet
  facet normal 0 0 1
    outer loop
      vertex 65.5 23.7 1.5
      vertex 64.4924 19.3264 1.5
      vertex 64.794 18.875 1.5
    endloop
  endfacet
  facet normal 0 0 1
    outer loop
      vertex 65.5 23.7 1.5
      vertex 64.1345 19.7345 1.5
      vertex 64.4924 19.3264 1.5
    endloop
  endfacet
  facet normal 0 0 1
    outer loop
      vertex 65.5 23.7 1.5
      vertex 63.7264 20.0924 1.5
      vertex 64.1345 19.7345 1.5
    endloop
  endfacet
  facet normal 0 0 1
    outer loop
      vertex 65.5 23.7 1.5
      vertex 63.275 20.394 1.5
      vertex 63.7264 20.0924 1.5
    endloop
  endfacet
  facet normal 0 0 1
    outer loop
      vertex 65.5 23.7 1.5
      vertex 62.7881 20.6341 1.5
      vertex 63.275 20.394 1.5
    endloop
  endfacet
  facet normal -0 0 1
    outer loop
      vertex 61.7 23.7 1.5
      vertex 62.7881 20.6341 1.5
      vertex 65.5 23.7 1.5
    endloop
  endfacet
  facet normal 0 0 1
    outer loop
      vertex 62.7881 20.6341 1.5
      vertex 61.7 23.7 1.5
      vertex 62.2741 20.8086 1.5
    endloop
  endfacet
  facet normal 0 0 1
    outer loop
      vertex 62.2741 20.8086 1.5
      vertex 61.7 23.7 1.5
      vertex 61.7417 20.9145 1.5
    endloop
  endfacet
  facet normal 0 0 1
    outer loop
      vertex 61.7417 20.9145 1.5
      vertex 61.7 23.7 1.5
      vertex 61.7 20.9172 1.5
    endloop
  endfacet
  facet normal 0 0 1
    outer loop
      vertex 65.3145 16.2583 1.5
      vertex 68.7 35.15 1.5
      vertex 65.35 16.8 1.5
    endloop
  endfacet
  facet normal 0 0 1
    outer loop
      vertex 65.5 23.7 1.5
      vertex 68.7 35.15 1.5
      vertex 65.5 32.3 1.5
    endloop
  endfacet
  facet normal -0 0 1
    outer loop
      vertex 61.7 35.15 1.5
      vertex 65.5 32.3 1.5
      vertex 68.7 35.15 1.5
    endloop
  endfacet
  facet normal 0 0 1
    outer loop
      vertex 65.5 32.3 1.5
      vertex 61.7 35.15 1.5
      vertex 61.7 32.3 1.5
    endloop
  endfacet
  facet normal 0 0 1
    outer loop
      vertex 68.7 -35.15 1.5
      vertex 65.6 -34.8 1.5
      vertex 65.6 -35.15 1.5
    endloop
  endfacet
  facet normal 0 0 1
    outer loop
      vertex 65.35 16.8 1.5
      vertex 68.7 35.15 1.5
      vertex 65.5 23.7 1.5
    endloop
  endfacet
  facet normal -0 0 1
    outer loop
      vertex 65.5 -32.3 1.5
      vertex 68.7 -35.15 1.5
      vertex 65.5 -23.7 1.5
    endloop
  endfacet
  facet normal 0 0 1
    outer loop
      vertex 68.7 -35.15 1.5
      vertex 65.5 -32.3 1.5
      vertex 65.6 -34.8 1.5
    endloop
  endfacet
  facet normal 0 0 1
    outer loop
      vertex 61.7 -34.8 1.5
      vertex 65.5 -32.3 1.5
      vertex 61.7 -32.3 1.5
    endloop
  endfacet
  facet normal 0 0 1
    outer loop
      vertex 65.5 -32.3 1.5
      vertex 61.7 -34.8 1.5
      vertex 65.6 -34.8 1.5
    endloop
  endfacet
  facet normal -0 0 1
    outer loop
      vertex 65.0105 -19 1.5
      vertex 68.7 -35.15 1.5
      vertex 65.3145 16.2583 1.5
    endloop
  endfacet
  facet normal 0 0 1
    outer loop
      vertex 65.0105 -19 1.5
      vertex 65.3145 16.2583 1.5
      vertex 65.2086 15.7259 1.5
    endloop
  endfacet
  facet normal 0 0 1
    outer loop
      vertex 65.0105 -19 1.5
      vertex 65.2086 15.7259 1.5
      vertex 65.0341 15.2119 1.5
    endloop
  endfacet
  facet normal 0 0 1
    outer loop
      vertex 68.7 -35.15 1.5
      vertex 65.0105 -19 1.5
      vertex 65.5 -23.7 1.5
    endloop
  endfacet
  facet normal 0 0 1
    outer loop
      vertex 61.7 -23.7 1.5
      vertex 65.0105 -19 1.5
      vertex 61.7 -19 1.5
    endloop
  endfacet
  facet normal 0 0 1
    outer loop
      vertex 65.0105 -19 1.5
      vertex 61.7 -23.7 1.5
      vertex 65.5 -23.7 1.5
    endloop
  endfacet
  facet normal -1 0 0
    outer loop
      vertex 61.7 32.6 0.9
      vertex 61.7 32.3 0.9
      vertex 61.7 32.6 0.91
    endloop
  endfacet
  facet normal -1 0 0
    outer loop
      vertex 61.7 32.6 0.91
      vertex 61.7 35.15 1.5
      vertex 61.7 35.15 0.91
    endloop
  endfacet
  facet normal -1 0 0
    outer loop
      vertex 61.7 32.3 1.5
      vertex 61.7 32.6 0.91
      vertex 61.7 32.3 0.9
    endloop
  endfacet
  facet normal -1 0 0
    outer loop
      vertex 61.7 32.6 0.91
      vertex 61.7 32.3 1.5
      vertex 61.7 35.15 1.5
    endloop
  endfacet
  facet normal -1 0 0
    outer loop
      vertex 61.7 -23.7 0.9
      vertex 61.7 -19 1.5
      vertex 61.7 -19 0.9
    endloop
  endfacet
  facet normal -1 -0 0
    outer loop
      vertex 61.7 -19 1.5
      vertex 61.7 -23.7 0.9
      vertex 61.7 -23.7 1.5
    endloop
  endfacet
  facet normal -1 0 0
    outer loop
      vertex 61.7 -34.8 0.9
      vertex 61.7 -32.3 1.5
      vertex 61.7 -32.3 0.9
    endloop
  endfacet
  facet normal -1 -0 0
    outer loop
      vertex 61.7 -32.3 1.5
      vertex 61.7 -34.8 0.9
      vertex 61.7 -34.8 1.5
    endloop
  endfacet
  facet normal -1 0 0
    outer loop
      vertex 61.7 20.9172 0.9
      vertex 61.7 23.7 1.5
      vertex 61.7 23.7 0.9
    endloop
  endfacet
  facet normal -1 -0 0
    outer loop
      vertex 61.7 23.7 1.5
      vertex 61.7 20.9172 0.9
      vertex 61.7 20.9172 1.5
    endloop
  endfacet
  facet normal -1 0 0
    outer loop
      vertex 61.7 -13.266 0.9
      vertex 61.7 12.6828 1.5
      vertex 61.7 12.6828 0.9
    endloop
  endfacet
  facet normal -1 -0 0
    outer loop
      vertex 61.7 12.6828 1.5
      vertex 61.7 -13.266 0.9
      vertex 61.7 -13.266 1.5
    endloop
  endfacet
  facet normal 0 1 0
    outer loop
      vertex 68.7 35.15 1.5
      vertex 65 35.15 0.91
      vertex 61.7 35.15 1.5
    endloop
  endfacet
  facet normal 0 1 -0
    outer loop
      vertex 68.7 35.15 0.9
      vertex 65 35.15 0.91
      vertex 68.7 35.15 1.5
    endloop
  endfacet
  facet normal 0 1 0
    outer loop
      vertex 65 35.15 0.91
      vertex 68.7 35.15 0.9
      vertex 65 35.15 0.9
    endloop
  endfacet
  facet normal 0 1 0
    outer loop
      vertex 61.7 35.15 1.5
      vertex 65 35.15 0.91
      vertex 61.7 35.15 0.91
    endloop
  endfacet
  facet normal 0 -1 0
    outer loop
      vertex 65.6 -35.15 0.9
      vertex 68.7 -35.15 1.5
      vertex 65.6 -35.15 1.5
    endloop
  endfacet
  facet normal 0 -1 -0
    outer loop
      vertex 68.7 -35.15 1.5
      vertex 65.6 -35.15 0.9
      vertex 68.7 -35.15 0.9
    endloop
  endfacet
  facet normal -1 0 0
    outer loop
      vertex -56.9 -32.3 -0.9
      vertex -56.9 -23.7 0.9
      vertex -56.9 -23.7 -0.9
    endloop
  endfacet
  facet normal -1 -0 0
    outer loop
      vertex -56.9 -23.7 0.9
      vertex -56.9 -32.3 -0.9
      vertex -56.9 -32.3 0.9
    endloop
  endfacet
  facet normal 1 -0 0
    outer loop
      vertex -65.5 -32.3 0.9
      vertex -65.5 -23.7 -0.9
      vertex -65.5 -23.7 0.9
    endloop
  endfacet
  facet normal 1 0 0
    outer loop
      vertex -65.5 -23.7 -0.9
      vertex -65.5 -32.3 0.9
      vertex -65.5 -32.3 -0.9
    endloop
  endfacet
  facet normal 0 -1 0
    outer loop
      vertex -65.5 -23.7 -0.9
      vertex -56.9 -23.7 0.9
      vertex -65.5 -23.7 0.9
    endloop
  endfacet
  facet normal 0 -1 -0
    outer loop
      vertex -56.9 -23.7 0.9
      vertex -65.5 -23.7 -0.9
      vertex -56.9 -23.7 -0.9
    endloop
  endfacet
  facet normal 0 1 -0
    outer loop
      vertex -56.9 -32.3 -0.9
      vertex -65.5 -32.3 0.9
      vertex -56.9 -32.3 0.9
    endloop
  endfacet
  facet normal 0 1 0
    outer loop
      vertex -65.5 -32.3 0.9
      vertex -56.9 -32.3 -0.9
      vertex -65.5 -32.3 -0.9
    endloop
  endfacet
  facet normal 0.321473 0.946919 -0
    outer loop
      vertex -41.8741 -32.0086 -0.9
      vertex -42.3881 -31.8341 0.9
      vertex -41.8741 -32.0086 0.9
    endloop
  endfacet
  facet normal 0.321473 0.946919 0
    outer loop
      vertex -42.3881 -31.8341 0.9
      vertex -41.8741 -32.0086 -0.9
      vertex -42.3881 -31.8341 -0.9
    endloop
  endfacet
  facet normal -0.980786 -0.195089 0
    outer loop
      vertex -36.6855 -27.4583 -0.9
      vertex -36.7914 -26.9259 0.9
      vertex -36.7914 -26.9259 -0.9
    endloop
  endfacet
  facet normal -0.980786 -0.195089 0
    outer loop
      vertex -36.7914 -26.9259 0.9
      vertex -36.6855 -27.4583 -0.9
      vertex -36.6855 -27.4583 0.9
    endloop
  endfacet
  facet normal -0.99786 -0.0653942 0
    outer loop
      vertex -36.65 -28 -0.9
      vertex -36.6855 -27.4583 0.9
      vertex -36.6855 -27.4583 -0.9
    endloop
  endfacet
  facet normal -0.99786 -0.0653942 0
    outer loop
      vertex -36.6855 -27.4583 0.9
      vertex -36.65 -28 -0.9
      vertex -36.65 -28 0.9
    endloop
  endfacet
  facet normal -0.946919 -0.321473 0
    outer loop
      vertex -36.7914 -26.9259 -0.9
      vertex -36.9659 -26.4119 0.9
      vertex -36.9659 -26.4119 -0.9
    endloop
  endfacet
  facet normal -0.946919 -0.321473 0
    outer loop
      vertex -36.9659 -26.4119 0.9
      vertex -36.7914 -26.9259 -0.9
      vertex -36.7914 -26.9259 0.9
    endloop
  endfacet
  facet normal -0.831483 -0.55555 0
    outer loop
      vertex -37.206 -25.925 -0.9
      vertex -37.5076 -25.4736 0.9
      vertex -37.5076 -25.4736 -0.9
    endloop
  endfacet
  facet normal -0.831483 -0.55555 0
    outer loop
      vertex -37.5076 -25.4736 0.9
      vertex -37.206 -25.925 -0.9
      vertex -37.206 -25.925 0.9
    endloop
  endfacet
  facet normal 0.99786 0.0653942 0
    outer loop
      vertex -44.9145 -28.5417 0.9
      vertex -44.95 -28 -0.9
      vertex -44.95 -28 0.9
    endloop
  endfacet
  facet normal 0.99786 0.0653942 0
    outer loop
      vertex -44.95 -28 -0.9
      vertex -44.9145 -28.5417 0.9
      vertex -44.9145 -28.5417 -0.9
    endloop
  endfacet
  facet normal 0.0653942 0.99786 -0
    outer loop
      vertex -40.8 -32.15 -0.9
      vertex -41.3417 -32.1145 0.9
      vertex -40.8 -32.15 0.9
    endloop
  endfacet
  facet normal 0.0653942 0.99786 0
    outer loop
      vertex -41.3417 -32.1145 0.9
      vertex -40.8 -32.15 -0.9
      vertex -41.3417 -32.1145 -0.9
    endloop
  endfacet
  facet normal -0.659352 -0.751834 0
    outer loop
      vertex -38.2736 -24.7076 -0.9
      vertex -37.8655 -25.0655 0.9
      vertex -38.2736 -24.7076 0.9
    endloop
  endfacet
  facet normal -0.659352 -0.751834 -0
    outer loop
      vertex -37.8655 -25.0655 0.9
      vertex -38.2736 -24.7076 -0.9
      vertex -37.8655 -25.0655 -0.9
    endloop
  endfacet
  facet normal -0.99786 0.0653942 0
    outer loop
      vertex -36.6855 -28.5417 -0.9
      vertex -36.65 -28 0.9
      vertex -36.65 -28 -0.9
    endloop
  endfacet
  facet normal -0.99786 0.0653942 0
    outer loop
      vertex -36.65 -28 0.9
      vertex -36.6855 -28.5417 -0.9
      vertex -36.6855 -28.5417 0.9
    endloop
  endfacet
  facet normal 0.44227 -0.896882 0
    outer loop
      vertex -42.875 -24.406 -0.9
      vertex -42.3881 -24.1659 0.9
      vertex -42.875 -24.406 0.9
    endloop
  endfacet
  facet normal 0.44227 -0.896882 0
    outer loop
      vertex -42.3881 -24.1659 0.9
      vertex -42.875 -24.406 -0.9
      vertex -42.3881 -24.1659 -0.9
    endloop
  endfacet
  facet normal -0.44227 -0.896882 0
    outer loop
      vertex -39.2119 -24.1659 -0.9
      vertex -38.725 -24.406 0.9
      vertex -39.2119 -24.1659 0.9
    endloop
  endfacet
  facet normal -0.44227 -0.896882 -0
    outer loop
      vertex -38.725 -24.406 0.9
      vertex -39.2119 -24.1659 -0.9
      vertex -38.725 -24.406 -0.9
    endloop
  endfacet
  facet normal -0.896882 0.44227 0
    outer loop
      vertex -37.206 -30.075 -0.9
      vertex -36.9659 -29.5881 0.9
      vertex -36.9659 -29.5881 -0.9
    endloop
  endfacet
  facet normal -0.896882 0.44227 0
    outer loop
      vertex -36.9659 -29.5881 0.9
      vertex -37.206 -30.075 -0.9
      vertex -37.206 -30.075 0.9
    endloop
  endfacet
  facet normal -0.321473 0.946919 0
    outer loop
      vertex -39.2119 -31.8341 -0.9
      vertex -39.7259 -32.0086 0.9
      vertex -39.2119 -31.8341 0.9
    endloop
  endfacet
  facet normal -0.321473 0.946919 0
    outer loop
      vertex -39.7259 -32.0086 0.9
      vertex -39.2119 -31.8341 -0.9
      vertex -39.7259 -32.0086 -0.9
    endloop
  endfacet
  facet normal -0.831483 0.55555 0
    outer loop
      vertex -37.5076 -30.5264 -0.9
      vertex -37.206 -30.075 0.9
      vertex -37.206 -30.075 -0.9
    endloop
  endfacet
  facet normal -0.831483 0.55555 0
    outer loop
      vertex -37.206 -30.075 0.9
      vertex -37.5076 -30.5264 -0.9
      vertex -37.5076 -30.5264 0.9
    endloop
  endfacet
  facet normal -0.896882 -0.44227 0
    outer loop
      vertex -36.9659 -26.4119 -0.9
      vertex -37.206 -25.925 0.9
      vertex -37.206 -25.925 -0.9
    endloop
  endfacet
  facet normal -0.896882 -0.44227 0
    outer loop
      vertex -37.206 -25.925 0.9
      vertex -36.9659 -26.4119 -0.9
      vertex -36.9659 -26.4119 0.9
    endloop
  endfacet
  facet normal 0.980786 -0.195089 0
    outer loop
      vertex -44.9145 -27.4583 0.9
      vertex -44.8086 -26.9259 -0.9
      vertex -44.8086 -26.9259 0.9
    endloop
  endfacet
  facet normal 0.980786 -0.195089 0
    outer loop
      vertex -44.8086 -26.9259 -0.9
      vertex -44.9145 -27.4583 0.9
      vertex -44.9145 -27.4583 -0.9
    endloop
  endfacet
  facet normal -0.751834 -0.659352 0
    outer loop
      vertex -37.5076 -25.4736 -0.9
      vertex -37.8655 -25.0655 0.9
      vertex -37.8655 -25.0655 -0.9
    endloop
  endfacet
  facet normal -0.751834 -0.659352 0
    outer loop
      vertex -37.8655 -25.0655 0.9
      vertex -37.5076 -25.4736 -0.9
      vertex -37.5076 -25.4736 0.9
    endloop
  endfacet
  facet normal -0.751834 0.659352 0
    outer loop
      vertex -37.8655 -30.9345 -0.9
      vertex -37.5076 -30.5264 0.9
      vertex -37.5076 -30.5264 -0.9
    endloop
  endfacet
  facet normal -0.751834 0.659352 0
    outer loop
      vertex -37.5076 -30.5264 0.9
      vertex -37.8655 -30.9345 -0.9
      vertex -37.8655 -30.9345 0.9
    endloop
  endfacet
  facet normal 0.195089 0.980786 -0
    outer loop
      vertex -41.3417 -32.1145 -0.9
      vertex -41.8741 -32.0086 0.9
      vertex -41.3417 -32.1145 0.9
    endloop
  endfacet
  facet normal 0.195089 0.980786 0
    outer loop
      vertex -41.8741 -32.0086 0.9
      vertex -41.3417 -32.1145 -0.9
      vertex -41.8741 -32.0086 -0.9
    endloop
  endfacet
  facet normal 0.946919 0.321473 0
    outer loop
      vertex -44.6341 -29.5881 0.9
      vertex -44.8086 -29.0741 -0.9
      vertex -44.8086 -29.0741 0.9
    endloop
  endfacet
  facet normal 0.946919 0.321473 0
    outer loop
      vertex -44.8086 -29.0741 -0.9
      vertex -44.6341 -29.5881 0.9
      vertex -44.6341 -29.5881 -0.9
    endloop
  endfacet
  facet normal 0.751834 0.659352 0
    outer loop
      vertex -43.7345 -30.9345 0.9
      vertex -44.0924 -30.5264 -0.9
      vertex -44.0924 -30.5264 0.9
    endloop
  endfacet
  facet normal 0.751834 0.659352 0
    outer loop
      vertex -44.0924 -30.5264 -0.9
      vertex -43.7345 -30.9345 0.9
      vertex -43.7345 -30.9345 -0.9
    endloop
  endfacet
  facet normal 0.321473 -0.946919 0
    outer loop
      vertex -42.3881 -24.1659 -0.9
      vertex -41.8741 -23.9914 0.9
      vertex -42.3881 -24.1659 0.9
    endloop
  endfacet
  facet normal 0.321473 -0.946919 0
    outer loop
      vertex -41.8741 -23.9914 0.9
      vertex -42.3881 -24.1659 -0.9
      vertex -41.8741 -23.9914 -0.9
    endloop
  endfacet
  facet normal -0.321473 -0.946919 0
    outer loop
      vertex -39.7259 -23.9914 -0.9
      vertex -39.2119 -24.1659 0.9
      vertex -39.7259 -23.9914 0.9
    endloop
  endfacet
  facet normal -0.321473 -0.946919 -0
    outer loop
      vertex -39.2119 -24.1659 0.9
      vertex -39.7259 -23.9914 -0.9
      vertex -39.2119 -24.1659 -0.9
    endloop
  endfacet
  facet normal -0.0653942 -0.99786 0
    outer loop
      vertex -40.8 -23.85 -0.9
      vertex -40.2583 -23.8855 0.9
      vertex -40.8 -23.85 0.9
    endloop
  endfacet
  facet normal -0.0653942 -0.99786 -0
    outer loop
      vertex -40.2583 -23.8855 0.9
      vertex -40.8 -23.85 -0.9
      vertex -40.2583 -23.8855 -0.9
    endloop
  endfacet
  facet normal 0.946919 -0.321473 0
    outer loop
      vertex -44.8086 -26.9259 0.9
      vertex -44.6341 -26.4119 -0.9
      vertex -44.6341 -26.4119 0.9
    endloop
  endfacet
  facet normal 0.946919 -0.321473 0
    outer loop
      vertex -44.6341 -26.4119 -0.9
      vertex -44.8086 -26.9259 0.9
      vertex -44.8086 -26.9259 -0.9
    endloop
  endfacet
  facet normal -0.0653942 0.99786 0
    outer loop
      vertex -40.2583 -32.1145 -0.9
      vertex -40.8 -32.15 0.9
      vertex -40.2583 -32.1145 0.9
    endloop
  endfacet
  facet normal -0.0653942 0.99786 0
    outer loop
      vertex -40.8 -32.15 0.9
      vertex -40.2583 -32.1145 -0.9
      vertex -40.8 -32.15 -0.9
    endloop
  endfacet
  facet normal -0.946919 0.321473 0
    outer loop
      vertex -36.9659 -29.5881 -0.9
      vertex -36.7914 -29.0741 0.9
      vertex -36.7914 -29.0741 -0.9
    endloop
  endfacet
  facet normal -0.946919 0.321473 0
    outer loop
      vertex -36.7914 -29.0741 0.9
      vertex -36.9659 -29.5881 -0.9
      vertex -36.9659 -29.5881 0.9
    endloop
  endfacet
  facet normal 0.896882 0.44227 0
    outer loop
      vertex -44.394 -30.075 0.9
      vertex -44.6341 -29.5881 -0.9
      vertex -44.6341 -29.5881 0.9
    endloop
  endfacet
  facet normal 0.896882 0.44227 0
    outer loop
      vertex -44.6341 -29.5881 -0.9
      vertex -44.394 -30.075 0.9
      vertex -44.394 -30.075 -0.9
    endloop
  endfacet
  facet normal -0.980786 0.195089 0
    outer loop
      vertex -36.7914 -29.0741 -0.9
      vertex -36.6855 -28.5417 0.9
      vertex -36.6855 -28.5417 -0.9
    endloop
  endfacet
  facet normal -0.980786 0.195089 0
    outer loop
      vertex -36.6855 -28.5417 0.9
      vertex -36.7914 -29.0741 -0.9
      vertex -36.7914 -29.0741 0.9
    endloop
  endfacet
  facet normal 0.831483 0.55555 0
    outer loop
      vertex -44.0924 -30.5264 0.9
      vertex -44.394 -30.075 -0.9
      vertex -44.394 -30.075 0.9
    endloop
  endfacet
  facet normal 0.831483 0.55555 0
    outer loop
      vertex -44.394 -30.075 -0.9
      vertex -44.0924 -30.5264 0.9
      vertex -44.0924 -30.5264 -0.9
    endloop
  endfacet
  facet normal 0.195089 -0.980786 0
    outer loop
      vertex -41.8741 -23.9914 -0.9
      vertex -41.3417 -23.8855 0.9
      vertex -41.8741 -23.9914 0.9
    endloop
  endfacet
  facet normal 0.195089 -0.980786 0
    outer loop
      vertex -41.3417 -23.8855 0.9
      vertex -41.8741 -23.9914 -0.9
      vertex -41.3417 -23.8855 -0.9
    endloop
  endfacet
  facet normal 0.99786 -0.0653942 0
    outer loop
      vertex -44.95 -28 0.9
      vertex -44.9145 -27.4583 -0.9
      vertex -44.9145 -27.4583 0.9
    endloop
  endfacet
  facet normal 0.99786 -0.0653942 0
    outer loop
      vertex -44.9145 -27.4583 -0.9
      vertex -44.95 -28 0.9
      vertex -44.95 -28 -0.9
    endloop
  endfacet
  facet normal -0.55555 -0.831483 0
    outer loop
      vertex -38.725 -24.406 -0.9
      vertex -38.2736 -24.7076 0.9
      vertex -38.725 -24.406 0.9
    endloop
  endfacet
  facet normal -0.55555 -0.831483 -0
    outer loop
      vertex -38.2736 -24.7076 0.9
      vertex -38.725 -24.406 -0.9
      vertex -38.2736 -24.7076 -0.9
    endloop
  endfacet
  facet normal -0.44227 0.896882 0
    outer loop
      vertex -38.725 -31.594 -0.9
      vertex -39.2119 -31.8341 0.9
      vertex -38.725 -31.594 0.9
    endloop
  endfacet
  facet normal -0.44227 0.896882 0
    outer loop
      vertex -39.2119 -31.8341 0.9
      vertex -38.725 -31.594 -0.9
      vertex -39.2119 -31.8341 -0.9
    endloop
  endfacet
  facet normal 0.55555 0.831483 -0
    outer loop
      vertex -42.875 -31.594 -0.9
      vertex -43.3264 -31.2924 0.9
      vertex -42.875 -31.594 0.9
    endloop
  endfacet
  facet normal 0.55555 0.831483 0
    outer loop
      vertex -43.3264 -31.2924 0.9
      vertex -42.875 -31.594 -0.9
      vertex -43.3264 -31.2924 -0.9
    endloop
  endfacet
  facet normal -0.195089 -0.980786 0
    outer loop
      vertex -40.2583 -23.8855 -0.9
      vertex -39.7259 -23.9914 0.9
      vertex -40.2583 -23.8855 0.9
    endloop
  endfacet
  facet normal -0.195089 -0.980786 -0
    outer loop
      vertex -39.7259 -23.9914 0.9
      vertex -40.2583 -23.8855 -0.9
      vertex -39.7259 -23.9914 -0.9
    endloop
  endfacet
  facet normal 0.55555 -0.831483 0
    outer loop
      vertex -43.3264 -24.7076 -0.9
      vertex -42.875 -24.406 0.9
      vertex -43.3264 -24.7076 0.9
    endloop
  endfacet
  facet normal 0.55555 -0.831483 0
    outer loop
      vertex -42.875 -24.406 0.9
      vertex -43.3264 -24.7076 -0.9
      vertex -42.875 -24.406 -0.9
    endloop
  endfacet
  facet normal -0.195089 0.980786 0
    outer loop
      vertex -39.7259 -32.0086 -0.9
      vertex -40.2583 -32.1145 0.9
      vertex -39.7259 -32.0086 0.9
    endloop
  endfacet
  facet normal -0.195089 0.980786 0
    outer loop
      vertex -40.2583 -32.1145 0.9
      vertex -39.7259 -32.0086 -0.9
      vertex -40.2583 -32.1145 -0.9
    endloop
  endfacet
  facet normal 0.659352 -0.751834 0
    outer loop
      vertex -43.7345 -25.0655 -0.9
      vertex -43.3264 -24.7076 0.9
      vertex -43.7345 -25.0655 0.9
    endloop
  endfacet
  facet normal 0.659352 -0.751834 0
    outer loop
      vertex -43.3264 -24.7076 0.9
      vertex -43.7345 -25.0655 -0.9
      vertex -43.3264 -24.7076 -0.9
    endloop
  endfacet
  facet normal 0.980786 0.195089 0
    outer loop
      vertex -44.8086 -29.0741 0.9
      vertex -44.9145 -28.5417 -0.9
      vertex -44.9145 -28.5417 0.9
    endloop
  endfacet
  facet normal 0.980786 0.195089 0
    outer loop
      vertex -44.9145 -28.5417 -0.9
      vertex -44.8086 -29.0741 0.9
      vertex -44.8086 -29.0741 -0.9
    endloop
  endfacet
  facet normal 0.659352 0.751834 -0
    outer loop
      vertex -43.3264 -31.2924 -0.9
      vertex -43.7345 -30.9345 0.9
      vertex -43.3264 -31.2924 0.9
    endloop
  endfacet
  facet normal 0.659352 0.751834 0
    outer loop
      vertex -43.7345 -30.9345 0.9
      vertex -43.3264 -31.2924 -0.9
      vertex -43.7345 -30.9345 -0.9
    endloop
  endfacet
  facet normal 0.831483 -0.55555 0
    outer loop
      vertex -44.394 -25.925 0.9
      vertex -44.0924 -25.4736 -0.9
      vertex -44.0924 -25.4736 0.9
    endloop
  endfacet
  facet normal 0.831483 -0.55555 0
    outer loop
      vertex -44.0924 -25.4736 -0.9
      vertex -44.394 -25.925 0.9
      vertex -44.394 -25.925 -0.9
    endloop
  endfacet
  facet normal 0.0653942 -0.99786 0
    outer loop
      vertex -41.3417 -23.8855 -0.9
      vertex -40.8 -23.85 0.9
      vertex -41.3417 -23.8855 0.9
    endloop
  endfacet
  facet normal 0.0653942 -0.99786 0
    outer loop
      vertex -40.8 -23.85 0.9
      vertex -41.3417 -23.8855 -0.9
      vertex -40.8 -23.85 -0.9
    endloop
  endfacet
  facet normal 0.751834 -0.659352 0
    outer loop
      vertex -44.0924 -25.4736 0.9
      vertex -43.7345 -25.0655 -0.9
      vertex -43.7345 -25.0655 0.9
    endloop
  endfacet
  facet normal 0.751834 -0.659352 0
    outer loop
      vertex -43.7345 -25.0655 -0.9
      vertex -44.0924 -25.4736 0.9
      vertex -44.0924 -25.4736 -0.9
    endloop
  endfacet
  facet normal 0.44227 0.896882 -0
    outer loop
      vertex -42.3881 -31.8341 -0.9
      vertex -42.875 -31.594 0.9
      vertex -42.3881 -31.8341 0.9
    endloop
  endfacet
  facet normal 0.44227 0.896882 0
    outer loop
      vertex -42.875 -31.594 0.9
      vertex -42.3881 -31.8341 -0.9
      vertex -42.875 -31.594 -0.9
    endloop
  endfacet
  facet normal -0.659352 0.751834 0
    outer loop
      vertex -37.8655 -30.9345 -0.9
      vertex -38.2736 -31.2924 0.9
      vertex -37.8655 -30.9345 0.9
    endloop
  endfacet
  facet normal -0.659352 0.751834 0
    outer loop
      vertex -38.2736 -31.2924 0.9
      vertex -37.8655 -30.9345 -0.9
      vertex -38.2736 -31.2924 -0.9
    endloop
  endfacet
  facet normal 0.896882 -0.44227 0
    outer loop
      vertex -44.6341 -26.4119 0.9
      vertex -44.394 -25.925 -0.9
      vertex -44.394 -25.925 0.9
    endloop
  endfacet
  facet normal 0.896882 -0.44227 0
    outer loop
      vertex -44.394 -25.925 -0.9
      vertex -44.6341 -26.4119 0.9
      vertex -44.6341 -26.4119 -0.9
    endloop
  endfacet
  facet normal -0.55555 0.831483 0
    outer loop
      vertex -38.2736 -31.2924 -0.9
      vertex -38.725 -31.594 0.9
      vertex -38.2736 -31.2924 0.9
    endloop
  endfacet
  facet normal -0.55555 0.831483 0
    outer loop
      vertex -38.725 -31.594 0.9
      vertex -38.2736 -31.2924 -0.9
      vertex -38.725 -31.594 -0.9
    endloop
  endfacet
  facet normal -0.980786 -0.195089 0
    outer loop
      vertex -16.2855 -27.4583 -0.9
      vertex -16.3914 -26.9259 0.9
      vertex -16.3914 -26.9259 -0.9
    endloop
  endfacet
  facet normal -0.980786 -0.195089 0
    outer loop
      vertex -16.3914 -26.9259 0.9
      vertex -16.2855 -27.4583 -0.9
      vertex -16.2855 -27.4583 0.9
    endloop
  endfacet
  facet normal -0.99786 -0.0653942 0
    outer loop
      vertex -16.25 -28 -0.9
      vertex -16.2855 -27.4583 0.9
      vertex -16.2855 -27.4583 -0.9
    endloop
  endfacet
  facet normal -0.99786 -0.0653942 0
    outer loop
      vertex -16.2855 -27.4583 0.9
      vertex -16.25 -28 -0.9
      vertex -16.25 -28 0.9
    endloop
  endfacet
  facet normal -0.0653942 0.99786 0
    outer loop
      vertex -19.8583 -32.1145 -0.9
      vertex -20.4 -32.15 0.9
      vertex -19.8583 -32.1145 0.9
    endloop
  endfacet
  facet normal -0.0653942 0.99786 0
    outer loop
      vertex -20.4 -32.15 0.9
      vertex -19.8583 -32.1145 -0.9
      vertex -20.4 -32.15 -0.9
    endloop
  endfacet
  facet normal -0.980786 0.195089 0
    outer loop
      vertex -16.3914 -29.0741 -0.9
      vertex -16.2855 -28.5417 0.9
      vertex -16.2855 -28.5417 -0.9
    endloop
  endfacet
  facet normal -0.980786 0.195089 0
    outer loop
      vertex -16.2855 -28.5417 0.9
      vertex -16.3914 -29.0741 -0.9
      vertex -16.3914 -29.0741 0.9
    endloop
  endfacet
  facet normal -0.195089 -0.980786 0
    outer loop
      vertex -19.8583 -23.8855 -0.9
      vertex -19.3259 -23.9914 0.9
      vertex -19.8583 -23.8855 0.9
    endloop
  endfacet
  facet normal -0.195089 -0.980786 -0
    outer loop
      vertex -19.3259 -23.9914 0.9
      vertex -19.8583 -23.8855 -0.9
      vertex -19.3259 -23.9914 -0.9
    endloop
  endfacet
  facet normal -0.659352 -0.751834 0
    outer loop
      vertex -17.8736 -24.7076 -0.9
      vertex -17.4655 -25.0655 0.9
      vertex -17.8736 -24.7076 0.9
    endloop
  endfacet
  facet normal -0.659352 -0.751834 -0
    outer loop
      vertex -17.4655 -25.0655 0.9
      vertex -17.8736 -24.7076 -0.9
      vertex -17.4655 -25.0655 -0.9
    endloop
  endfacet
  facet normal -0.195089 0.980786 0
    outer loop
      vertex -19.3259 -32.0086 -0.9
      vertex -19.8583 -32.1145 0.9
      vertex -19.3259 -32.0086 0.9
    endloop
  endfacet
  facet normal -0.195089 0.980786 0
    outer loop
      vertex -19.8583 -32.1145 0.9
      vertex -19.3259 -32.0086 -0.9
      vertex -19.8583 -32.1145 -0.9
    endloop
  endfacet
  facet normal -0.55555 0.831483 0
    outer loop
      vertex -17.8736 -31.2924 -0.9
      vertex -18.325 -31.594 0.9
      vertex -17.8736 -31.2924 0.9
    endloop
  endfacet
  facet normal -0.55555 0.831483 0
    outer loop
      vertex -18.325 -31.594 0.9
      vertex -17.8736 -31.2924 -0.9
      vertex -18.325 -31.594 -0.9
    endloop
  endfacet
  facet normal 0.946919 -0.321473 0
    outer loop
      vertex -24.4086 -26.9259 0.9
      vertex -24.2341 -26.4119 -0.9
      vertex -24.2341 -26.4119 0.9
    endloop
  endfacet
  facet normal 0.946919 -0.321473 0
    outer loop
      vertex -24.2341 -26.4119 -0.9
      vertex -24.4086 -26.9259 0.9
      vertex -24.4086 -26.9259 -0.9
    endloop
  endfacet
  facet normal 0.659352 -0.751834 0
    outer loop
      vertex -23.3345 -25.0655 -0.9
      vertex -22.9264 -24.7076 0.9
      vertex -23.3345 -25.0655 0.9
    endloop
  endfacet
  facet normal 0.659352 -0.751834 0
    outer loop
      vertex -22.9264 -24.7076 0.9
      vertex -23.3345 -25.0655 -0.9
      vertex -22.9264 -24.7076 -0.9
    endloop
  endfacet
  facet normal -0.896882 0.44227 0
    outer loop
      vertex -16.806 -30.075 -0.9
      vertex -16.5659 -29.5881 0.9
      vertex -16.5659 -29.5881 -0.9
    endloop
  endfacet
  facet normal -0.896882 0.44227 0
    outer loop
      vertex -16.5659 -29.5881 0.9
      vertex -16.806 -30.075 -0.9
      vertex -16.806 -30.075 0.9
    endloop
  endfacet
  facet normal -0.831483 0.55555 0
    outer loop
      vertex -17.1076 -30.5264 -0.9
      vertex -16.806 -30.075 0.9
      vertex -16.806 -30.075 -0.9
    endloop
  endfacet
  facet normal -0.831483 0.55555 0
    outer loop
      vertex -16.806 -30.075 0.9
      vertex -17.1076 -30.5264 -0.9
      vertex -17.1076 -30.5264 0.9
    endloop
  endfacet
  facet normal -0.321473 0.946919 0
    outer loop
      vertex -18.8119 -31.8341 -0.9
      vertex -19.3259 -32.0086 0.9
      vertex -18.8119 -31.8341 0.9
    endloop
  endfacet
  facet normal -0.321473 0.946919 0
    outer loop
      vertex -19.3259 -32.0086 0.9
      vertex -18.8119 -31.8341 -0.9
      vertex -19.3259 -32.0086 -0.9
    endloop
  endfacet
  facet normal -0.659352 0.751834 0
    outer loop
      vertex -17.4655 -30.9345 -0.9
      vertex -17.8736 -31.2924 0.9
      vertex -17.4655 -30.9345 0.9
    endloop
  endfacet
  facet normal -0.659352 0.751834 0
    outer loop
      vertex -17.8736 -31.2924 0.9
      vertex -17.4655 -30.9345 -0.9
      vertex -17.8736 -31.2924 -0.9
    endloop
  endfacet
  facet normal -0.44227 -0.896882 0
    outer loop
      vertex -18.8119 -24.1659 -0.9
      vertex -18.325 -24.406 0.9
      vertex -18.8119 -24.1659 0.9
    endloop
  endfacet
  facet normal -0.44227 -0.896882 -0
    outer loop
      vertex -18.325 -24.406 0.9
      vertex -18.8119 -24.1659 -0.9
      vertex -18.325 -24.406 -0.9
    endloop
  endfacet
  facet normal 0.946919 0.321473 0
    outer loop
      vertex -24.2341 -29.5881 0.9
      vertex -24.4086 -29.0741 -0.9
      vertex -24.4086 -29.0741 0.9
    endloop
  endfacet
  facet normal 0.946919 0.321473 0
    outer loop
      vertex -24.4086 -29.0741 -0.9
      vertex -24.2341 -29.5881 0.9
      vertex -24.2341 -29.5881 -0.9
    endloop
  endfacet
  facet normal 0.321473 -0.946919 0
    outer loop
      vertex -21.9881 -24.1659 -0.9
      vertex -21.4741 -23.9914 0.9
      vertex -21.9881 -24.1659 0.9
    endloop
  endfacet
  facet normal 0.321473 -0.946919 0
    outer loop
      vertex -21.4741 -23.9914 0.9
      vertex -21.9881 -24.1659 -0.9
      vertex -21.4741 -23.9914 -0.9
    endloop
  endfacet
  facet normal 0.195089 -0.980786 0
    outer loop
      vertex -21.4741 -23.9914 -0.9
      vertex -20.9417 -23.8855 0.9
      vertex -21.4741 -23.9914 0.9
    endloop
  endfacet
  facet normal 0.195089 -0.980786 0
    outer loop
      vertex -20.9417 -23.8855 0.9
      vertex -21.4741 -23.9914 -0.9
      vertex -20.9417 -23.8855 -0.9
    endloop
  endfacet
  facet normal 0.751834 -0.659352 0
    outer loop
      vertex -23.6924 -25.4736 0.9
      vertex -23.3345 -25.0655 -0.9
      vertex -23.3345 -25.0655 0.9
    endloop
  endfacet
  facet normal 0.751834 -0.659352 0
    outer loop
      vertex -23.3345 -25.0655 -0.9
      vertex -23.6924 -25.4736 0.9
      vertex -23.6924 -25.4736 -0.9
    endloop
  endfacet
  facet normal -0.55555 -0.831483 0
    outer loop
      vertex -18.325 -24.406 -0.9
      vertex -17.8736 -24.7076 0.9
      vertex -18.325 -24.406 0.9
    endloop
  endfacet
  facet normal -0.55555 -0.831483 -0
    outer loop
      vertex -17.8736 -24.7076 0.9
      vertex -18.325 -24.406 -0.9
      vertex -17.8736 -24.7076 -0.9
    endloop
  endfacet
  facet normal -0.831483 -0.55555 0
    outer loop
      vertex -16.806 -25.925 -0.9
      vertex -17.1076 -25.4736 0.9
      vertex -17.1076 -25.4736 -0.9
    endloop
  endfacet
  facet normal -0.831483 -0.55555 0
    outer loop
      vertex -17.1076 -25.4736 0.9
      vertex -16.806 -25.925 -0.9
      vertex -16.806 -25.925 0.9
    endloop
  endfacet
  facet normal 0.44227 -0.896882 0
    outer loop
      vertex -22.475 -24.406 -0.9
      vertex -21.9881 -24.1659 0.9
      vertex -22.475 -24.406 0.9
    endloop
  endfacet
  facet normal 0.44227 -0.896882 0
    outer loop
      vertex -21.9881 -24.1659 0.9
      vertex -22.475 -24.406 -0.9
      vertex -21.9881 -24.1659 -0.9
    endloop
  endfacet
  facet normal -0.946919 0.321473 0
    outer loop
      vertex -16.5659 -29.5881 -0.9
      vertex -16.3914 -29.0741 0.9
      vertex -16.3914 -29.0741 -0.9
    endloop
  endfacet
  facet normal -0.946919 0.321473 0
    outer loop
      vertex -16.3914 -29.0741 0.9
      vertex -16.5659 -29.5881 -0.9
      vertex -16.5659 -29.5881 0.9
    endloop
  endfacet
  facet normal -0.99786 0.0653942 0
    outer loop
      vertex -16.2855 -28.5417 -0.9
      vertex -16.25 -28 0.9
      vertex -16.25 -28 -0.9
    endloop
  endfacet
  facet normal -0.99786 0.0653942 0
    outer loop
      vertex -16.25 -28 0.9
      vertex -16.2855 -28.5417 -0.9
      vertex -16.2855 -28.5417 0.9
    endloop
  endfacet
  facet normal -0.751834 -0.659352 0
    outer loop
      vertex -17.1076 -25.4736 -0.9
      vertex -17.4655 -25.0655 0.9
      vertex -17.4655 -25.0655 -0.9
    endloop
  endfacet
  facet normal -0.751834 -0.659352 0
    outer loop
      vertex -17.4655 -25.0655 0.9
      vertex -17.1076 -25.4736 -0.9
      vertex -17.1076 -25.4736 0.9
    endloop
  endfacet
  facet normal 0.0653942 -0.99786 0
    outer loop
      vertex -20.9417 -23.8855 -0.9
      vertex -20.4 -23.85 0.9
      vertex -20.9417 -23.8855 0.9
    endloop
  endfacet
  facet normal 0.0653942 -0.99786 0
    outer loop
      vertex -20.4 -23.85 0.9
      vertex -20.9417 -23.8855 -0.9
      vertex -20.4 -23.85 -0.9
    endloop
  endfacet
  facet normal -0.896882 -0.44227 0
    outer loop
      vertex -16.5659 -26.4119 -0.9
      vertex -16.806 -25.925 0.9
      vertex -16.806 -25.925 -0.9
    endloop
  endfacet
  facet normal -0.896882 -0.44227 0
    outer loop
      vertex -16.806 -25.925 0.9
      vertex -16.5659 -26.4119 -0.9
      vertex -16.5659 -26.4119 0.9
    endloop
  endfacet
  facet normal 0.896882 0.44227 0
    outer loop
      vertex -23.994 -30.075 0.9
      vertex -24.2341 -29.5881 -0.9
      vertex -24.2341 -29.5881 0.9
    endloop
  endfacet
  facet normal 0.896882 0.44227 0
    outer loop
      vertex -24.2341 -29.5881 -0.9
      vertex -23.994 -30.075 0.9
      vertex -23.994 -30.075 -0.9
    endloop
  endfacet
  facet normal 0.99786 -0.0653942 0
    outer loop
      vertex -24.55 -28 0.9
      vertex -24.5145 -27.4583 -0.9
      vertex -24.5145 -27.4583 0.9
    endloop
  endfacet
  facet normal 0.99786 -0.0653942 0
    outer loop
      vertex -24.5145 -27.4583 -0.9
      vertex -24.55 -28 0.9
      vertex -24.55 -28 -0.9
    endloop
  endfacet
  facet normal 0.980786 0.195089 0
    outer loop
      vertex -24.4086 -29.0741 0.9
      vertex -24.5145 -28.5417 -0.9
      vertex -24.5145 -28.5417 0.9
    endloop
  endfacet
  facet normal 0.980786 0.195089 0
    outer loop
      vertex -24.5145 -28.5417 -0.9
      vertex -24.4086 -29.0741 0.9
      vertex -24.4086 -29.0741 -0.9
    endloop
  endfacet
  facet normal 0.44227 0.896882 -0
    outer loop
      vertex -21.9881 -31.8341 -0.9
      vertex -22.475 -31.594 0.9
      vertex -21.9881 -31.8341 0.9
    endloop
  endfacet
  facet normal 0.44227 0.896882 0
    outer loop
      vertex -22.475 -31.594 0.9
      vertex -21.9881 -31.8341 -0.9
      vertex -22.475 -31.594 -0.9
    endloop
  endfacet
  facet normal 0.55555 -0.831483 0
    outer loop
      vertex -22.9264 -24.7076 -0.9
      vertex -22.475 -24.406 0.9
      vertex -22.9264 -24.7076 0.9
    endloop
  endfacet
  facet normal 0.55555 -0.831483 0
    outer loop
      vertex -22.475 -24.406 0.9
      vertex -22.9264 -24.7076 -0.9
      vertex -22.475 -24.406 -0.9
    endloop
  endfacet
  facet normal -0.0653942 -0.99786 0
    outer loop
      vertex -20.4 -23.85 -0.9
      vertex -19.8583 -23.8855 0.9
      vertex -20.4 -23.85 0.9
    endloop
  endfacet
  facet normal -0.0653942 -0.99786 -0
    outer loop
      vertex -19.8583 -23.8855 0.9
      vertex -20.4 -23.85 -0.9
      vertex -19.8583 -23.8855 -0.9
    endloop
  endfacet
  facet normal 0.195089 0.980786 -0
    outer loop
      vertex -20.9417 -32.1145 -0.9
      vertex -21.4741 -32.0086 0.9
      vertex -20.9417 -32.1145 0.9
    endloop
  endfacet
  facet normal 0.195089 0.980786 0
    outer loop
      vertex -21.4741 -32.0086 0.9
      vertex -20.9417 -32.1145 -0.9
      vertex -21.4741 -32.0086 -0.9
    endloop
  endfacet
  facet normal 0.99786 0.0653942 0
    outer loop
      vertex -24.5145 -28.5417 0.9
      vertex -24.55 -28 -0.9
      vertex -24.55 -28 0.9
    endloop
  endfacet
  facet normal 0.99786 0.0653942 0
    outer loop
      vertex -24.55 -28 -0.9
      vertex -24.5145 -28.5417 0.9
      vertex -24.5145 -28.5417 -0.9
    endloop
  endfacet
  facet normal -0.321473 -0.946919 0
    outer loop
      vertex -19.3259 -23.9914 -0.9
      vertex -18.8119 -24.1659 0.9
      vertex -19.3259 -23.9914 0.9
    endloop
  endfacet
  facet normal -0.321473 -0.946919 -0
    outer loop
      vertex -18.8119 -24.1659 0.9
      vertex -19.3259 -23.9914 -0.9
      vertex -18.8119 -24.1659 -0.9
    endloop
  endfacet
  facet normal 0.831483 0.55555 0
    outer loop
      vertex -23.6924 -30.5264 0.9
      vertex -23.994 -30.075 -0.9
      vertex -23.994 -30.075 0.9
    endloop
  endfacet
  facet normal 0.831483 0.55555 0
    outer loop
      vertex -23.994 -30.075 -0.9
      vertex -23.6924 -30.5264 0.9
      vertex -23.6924 -30.5264 -0.9
    endloop
  endfacet
  facet normal -0.946919 -0.321473 0
    outer loop
      vertex -16.3914 -26.9259 -0.9
      vertex -16.5659 -26.4119 0.9
      vertex -16.5659 -26.4119 -0.9
    endloop
  endfacet
  facet normal -0.946919 -0.321473 0
    outer loop
      vertex -16.5659 -26.4119 0.9
      vertex -16.3914 -26.9259 -0.9
      vertex -16.3914 -26.9259 0.9
    endloop
  endfacet
  facet normal 0.751834 0.659352 0
    outer loop
      vertex -23.3345 -30.9345 0.9
      vertex -23.6924 -30.5264 -0.9
      vertex -23.6924 -30.5264 0.9
    endloop
  endfacet
  facet normal 0.751834 0.659352 0
    outer loop
      vertex -23.6924 -30.5264 -0.9
      vertex -23.3345 -30.9345 0.9
      vertex -23.3345 -30.9345 -0.9
    endloop
  endfacet
  facet normal 0.980786 -0.195089 0
    outer loop
      vertex -24.5145 -27.4583 0.9
      vertex -24.4086 -26.9259 -0.9
      vertex -24.4086 -26.9259 0.9
    endloop
  endfacet
  facet normal 0.980786 -0.195089 0
    outer loop
      vertex -24.4086 -26.9259 -0.9
      vertex -24.5145 -27.4583 0.9
      vertex -24.5145 -27.4583 -0.9
    endloop
  endfacet
  facet normal -0.44227 0.896882 0
    outer loop
      vertex -18.325 -31.594 -0.9
      vertex -18.8119 -31.8341 0.9
      vertex -18.325 -31.594 0.9
    endloop
  endfacet
  facet normal -0.44227 0.896882 0
    outer loop
      vertex -18.8119 -31.8341 0.9
      vertex -18.325 -31.594 -0.9
      vertex -18.8119 -31.8341 -0.9
    endloop
  endfacet
  facet normal 0.321473 0.946919 -0
    outer loop
      vertex -21.4741 -32.0086 -0.9
      vertex -21.9881 -31.8341 0.9
      vertex -21.4741 -32.0086 0.9
    endloop
  endfacet
  facet normal 0.321473 0.946919 0
    outer loop
      vertex -21.9881 -31.8341 0.9
      vertex -21.4741 -32.0086 -0.9
      vertex -21.9881 -31.8341 -0.9
    endloop
  endfacet
  facet normal 0.55555 0.831483 -0
    outer loop
      vertex -22.475 -31.594 -0.9
      vertex -22.9264 -31.2924 0.9
      vertex -22.475 -31.594 0.9
    endloop
  endfacet
  facet normal 0.55555 0.831483 0
    outer loop
      vertex -22.9264 -31.2924 0.9
      vertex -22.475 -31.594 -0.9
      vertex -22.9264 -31.2924 -0.9
    endloop
  endfacet
  facet normal 0.831483 -0.55555 0
    outer loop
      vertex -23.994 -25.925 0.9
      vertex -23.6924 -25.4736 -0.9
      vertex -23.6924 -25.4736 0.9
    endloop
  endfacet
  facet normal 0.831483 -0.55555 0
    outer loop
      vertex -23.6924 -25.4736 -0.9
      vertex -23.994 -25.925 0.9
      vertex -23.994 -25.925 -0.9
    endloop
  endfacet
  facet normal 0.896882 -0.44227 0
    outer loop
      vertex -24.2341 -26.4119 0.9
      vertex -23.994 -25.925 -0.9
      vertex -23.994 -25.925 0.9
    endloop
  endfacet
  facet normal 0.896882 -0.44227 0
    outer loop
      vertex -23.994 -25.925 -0.9
      vertex -24.2341 -26.4119 0.9
      vertex -24.2341 -26.4119 -0.9
    endloop
  endfacet
  facet normal 0.0653942 0.99786 -0
    outer loop
      vertex -20.4 -32.15 -0.9
      vertex -20.9417 -32.1145 0.9
      vertex -20.4 -32.15 0.9
    endloop
  endfacet
  facet normal 0.0653942 0.99786 0
    outer loop
      vertex -20.9417 -32.1145 0.9
      vertex -20.4 -32.15 -0.9
      vertex -20.9417 -32.1145 -0.9
    endloop
  endfacet
  facet normal 0.659352 0.751834 -0
    outer loop
      vertex -22.9264 -31.2924 -0.9
      vertex -23.3345 -30.9345 0.9
      vertex -22.9264 -31.2924 0.9
    endloop
  endfacet
  facet normal 0.659352 0.751834 0
    outer loop
      vertex -23.3345 -30.9345 0.9
      vertex -22.9264 -31.2924 -0.9
      vertex -23.3345 -30.9345 -0.9
    endloop
  endfacet
  facet normal -0.751834 0.659352 0
    outer loop
      vertex -17.4655 -30.9345 -0.9
      vertex -17.1076 -30.5264 0.9
      vertex -17.1076 -30.5264 -0.9
    endloop
  endfacet
  facet normal -0.751834 0.659352 0
    outer loop
      vertex -17.1076 -30.5264 0.9
      vertex -17.4655 -30.9345 -0.9
      vertex -17.4655 -30.9345 0.9
    endloop
  endfacet
  facet normal 0.866026 -0.499999 0
    outer loop
      vertex -14.0105 -30.2 0.9
      vertex -10.2 -23.6 -0.9
      vertex -10.2 -23.6 0.9
    endloop
  endfacet
  facet normal 0.866026 -0.499999 0
    outer loop
      vertex -10.2 -23.6 -0.9
      vertex -14.0105 -30.2 0.9
      vertex -14.0105 -30.2 -0.9
    endloop
  endfacet
  facet normal 0 1 -0
    outer loop
      vertex -6.38949 -30.2 -0.9
      vertex -14.0105 -30.2 0.9
      vertex -6.38949 -30.2 0.9
    endloop
  endfacet
  facet normal 0 1 0
    outer loop
      vertex -14.0105 -30.2 0.9
      vertex -6.38949 -30.2 -0.9
      vertex -14.0105 -30.2 -0.9
    endloop
  endfacet
  facet normal -0.866026 -0.5 0
    outer loop
      vertex -6.38949 -30.2 -0.9
      vertex -10.2 -23.6 0.9
      vertex -10.2 -23.6 -0.9
    endloop
  endfacet
  facet normal -0.866026 -0.5 0
    outer loop
      vertex -10.2 -23.6 0.9
      vertex -6.38949 -30.2 -0.9
      vertex -6.38949 -30.2 0.9
    endloop
  endfacet
  facet normal 0.321451 0.946926 -0
    outer loop
      vertex 9.1259 -32.0086 -0.9
      vertex 8.61186 -31.8341 0.9
      vertex 9.1259 -32.0086 0.9
    endloop
  endfacet
  facet normal 0.321451 0.946926 0
    outer loop
      vertex 8.61186 -31.8341 0.9
      vertex 9.1259 -32.0086 -0.9
      vertex 8.61186 -31.8341 -0.9
    endloop
  endfacet
  facet normal -0.980786 -0.195089 0
    outer loop
      vertex 14.3145 -27.4583 -0.9
      vertex 14.2086 -26.9259 0.9
      vertex 14.2086 -26.9259 -0.9
    endloop
  endfacet
  facet normal -0.980786 -0.195089 0
    outer loop
      vertex 14.2086 -26.9259 0.9
      vertex 14.3145 -27.4583 -0.9
      vertex 14.3145 -27.4583 0.9
    endloop
  endfacet
  facet normal -0.99786 -0.0653942 0
    outer loop
      vertex 14.35 -28 -0.9
      vertex 14.3145 -27.4583 0.9
      vertex 14.3145 -27.4583 -0.9
    endloop
  endfacet
  facet normal -0.99786 -0.0653942 0
    outer loop
      vertex 14.3145 -27.4583 0.9
      vertex 14.35 -28 -0.9
      vertex 14.35 -28 0.9
    endloop
  endfacet
  facet normal -0.946919 -0.321473 0
    outer loop
      vertex 14.2086 -26.9259 -0.9
      vertex 14.0341 -26.4119 0.9
      vertex 14.0341 -26.4119 -0.9
    endloop
  endfacet
  facet normal -0.946919 -0.321473 0
    outer loop
      vertex 14.0341 -26.4119 0.9
      vertex 14.2086 -26.9259 -0.9
      vertex 14.2086 -26.9259 0.9
    endloop
  endfacet
  facet normal -0.831483 -0.55555 0
    outer loop
      vertex 13.794 -25.925 -0.9
      vertex 13.4924 -25.4736 0.9
      vertex 13.4924 -25.4736 -0.9
    endloop
  endfacet
  facet normal -0.831483 -0.55555 0
    outer loop
      vertex 13.4924 -25.4736 0.9
      vertex 13.794 -25.925 -0.9
      vertex 13.794 -25.925 0.9
    endloop
  endfacet
  facet normal 0.99786 0.0653942 0
    outer loop
      vertex 6.0855 -28.5417 0.9
      vertex 6.05 -28 -0.9
      vertex 6.05 -28 0.9
    endloop
  endfacet
  facet normal 0.99786 0.0653942 0
    outer loop
      vertex 6.05 -28 -0.9
      vertex 6.0855 -28.5417 0.9
      vertex 6.0855 -28.5417 -0.9
    endloop
  endfacet
  facet normal 0.0653966 0.997859 -0
    outer loop
      vertex 10.2 -32.15 -0.9
      vertex 9.65832 -32.1145 0.9
      vertex 10.2 -32.15 0.9
    endloop
  endfacet
  facet normal 0.0653966 0.997859 0
    outer loop
      vertex 9.65832 -32.1145 0.9
      vertex 10.2 -32.15 -0.9
      vertex 9.65832 -32.1145 -0.9
    endloop
  endfacet
  facet normal -0.659352 -0.751834 0
    outer loop
      vertex 12.7264 -24.7076 -0.9
      vertex 13.1345 -25.0655 0.9
      vertex 12.7264 -24.7076 0.9
    endloop
  endfacet
  facet normal -0.659352 -0.751834 -0
    outer loop
      vertex 13.1345 -25.0655 0.9
      vertex 12.7264 -24.7076 -0.9
      vertex 13.1345 -25.0655 -0.9
    endloop
  endfacet
  facet normal -0.99786 0.0653942 0
    outer loop
      vertex 14.3145 -28.5417 -0.9
      vertex 14.35 -28 0.9
      vertex 14.35 -28 -0.9
    endloop
  endfacet
  facet normal -0.99786 0.0653942 0
    outer loop
      vertex 14.35 -28 0.9
      vertex 14.3145 -28.5417 -0.9
      vertex 14.3145 -28.5417 0.9
    endloop
  endfacet
  facet normal 0.442299 -0.896867 0
    outer loop
      vertex 8.125 -24.406 -0.9
      vertex 8.61186 -24.1659 0.9
      vertex 8.125 -24.406 0.9
    endloop
  endfacet
  facet normal 0.442299 -0.896867 0
    outer loop
      vertex 8.61186 -24.1659 0.9
      vertex 8.125 -24.406 -0.9
      vertex 8.61186 -24.1659 -0.9
    endloop
  endfacet
  facet normal -0.44227 -0.896882 0
    outer loop
      vertex 11.7881 -24.1659 -0.9
      vertex 12.275 -24.406 0.9
      vertex 11.7881 -24.1659 0.9
    endloop
  endfacet
  facet normal -0.44227 -0.896882 -0
    outer loop
      vertex 12.275 -24.406 0.9
      vertex 11.7881 -24.1659 -0.9
      vertex 12.275 -24.406 -0.9
    endloop
  endfacet
  facet normal -0.896882 0.44227 0
    outer loop
      vertex 13.794 -30.075 -0.9
      vertex 14.0341 -29.5881 0.9
      vertex 14.0341 -29.5881 -0.9
    endloop
  endfacet
  facet normal -0.896882 0.44227 0
    outer loop
      vertex 14.0341 -29.5881 0.9
      vertex 13.794 -30.075 -0.9
      vertex 13.794 -30.075 0.9
    endloop
  endfacet
  facet normal -0.321473 0.946919 0
    outer loop
      vertex 11.7881 -31.8341 -0.9
      vertex 11.2741 -32.0086 0.9
      vertex 11.7881 -31.8341 0.9
    endloop
  endfacet
  facet normal -0.321473 0.946919 0
    outer loop
      vertex 11.2741 -32.0086 0.9
      vertex 11.7881 -31.8341 -0.9
      vertex 11.2741 -32.0086 -0.9
    endloop
  endfacet
  facet normal -0.831483 0.55555 0
    outer loop
      vertex 13.4924 -30.5264 -0.9
      vertex 13.794 -30.075 0.9
      vertex 13.794 -30.075 -0.9
    endloop
  endfacet
  facet normal -0.831483 0.55555 0
    outer loop
      vertex 13.794 -30.075 0.9
      vertex 13.4924 -30.5264 -0.9
      vertex 13.4924 -30.5264 0.9
    endloop
  endfacet
  facet normal -0.896882 -0.44227 0
    outer loop
      vertex 14.0341 -26.4119 -0.9
      vertex 13.794 -25.925 0.9
      vertex 13.794 -25.925 -0.9
    endloop
  endfacet
  facet normal -0.896882 -0.44227 0
    outer loop
      vertex 13.794 -25.925 0.9
      vertex 14.0341 -26.4119 -0.9
      vertex 14.0341 -26.4119 0.9
    endloop
  endfacet
  facet normal 0.980782 -0.195106 0
    outer loop
      vertex 6.0855 -27.4583 0.9
      vertex 6.19141 -26.9259 -0.9
      vertex 6.19141 -26.9259 0.9
    endloop
  endfacet
  facet normal 0.980782 -0.195106 0
    outer loop
      vertex 6.19141 -26.9259 -0.9
      vertex 6.0855 -27.4583 0.9
      vertex 6.0855 -27.4583 -0.9
    endloop
  endfacet
  facet normal -0.751834 -0.659352 0
    outer loop
      vertex 13.4924 -25.4736 -0.9
      vertex 13.1345 -25.0655 0.9
      vertex 13.1345 -25.0655 -0.9
    endloop
  endfacet
  facet normal -0.751834 -0.659352 0
    outer loop
      vertex 13.1345 -25.0655 0.9
      vertex 13.4924 -25.4736 -0.9
      vertex 13.4924 -25.4736 0.9
    endloop
  endfacet
  facet normal -0.751834 0.659352 0
    outer loop
      vertex 13.1345 -30.9345 -0.9
      vertex 13.4924 -30.5264 0.9
      vertex 13.4924 -30.5264 -0.9
    endloop
  endfacet
  facet normal -0.751834 0.659352 0
    outer loop
      vertex 13.4924 -30.5264 0.9
      vertex 13.1345 -30.9345 -0.9
      vertex 13.1345 -30.9345 0.9
    endloop
  endfacet
  facet normal 0.195082 0.980787 -0
    outer loop
      vertex 9.65832 -32.1145 -0.9
      vertex 9.1259 -32.0086 0.9
      vertex 9.65832 -32.1145 0.9
    endloop
  endfacet
  facet normal 0.195082 0.980787 0
    outer loop
      vertex 9.1259 -32.0086 0.9
      vertex 9.65832 -32.1145 -0.9
      vertex 9.1259 -32.0086 -0.9
    endloop
  endfacet
  facet normal 0.946924 0.321457 0
    outer loop
      vertex 6.3659 -29.5881 0.9
      vertex 6.19141 -29.0741 -0.9
      vertex 6.19141 -29.0741 0.9
    endloop
  endfacet
  facet normal 0.946924 0.321457 0
    outer loop
      vertex 6.19141 -29.0741 -0.9
      vertex 6.3659 -29.5881 0.9
      vertex 6.3659 -29.5881 -0.9
    endloop
  endfacet
  facet normal 0.751807 0.659383 0
    outer loop
      vertex 7.26551 -30.9345 0.9
      vertex 6.90758 -30.5264 -0.9
      vertex 6.90758 -30.5264 0.9
    endloop
  endfacet
  facet normal 0.751807 0.659383 0
    outer loop
      vertex 6.90758 -30.5264 -0.9
      vertex 7.26551 -30.9345 0.9
      vertex 7.26551 -30.9345 -0.9
    endloop
  endfacet
  facet normal 0.321451 -0.946926 0
    outer loop
      vertex 8.61186 -24.1659 -0.9
      vertex 9.1259 -23.9914 0.9
      vertex 8.61186 -24.1659 0.9
    endloop
  endfacet
  facet normal 0.321451 -0.946926 0
    outer loop
      vertex 9.1259 -23.9914 0.9
      vertex 8.61186 -24.1659 -0.9
      vertex 9.1259 -23.9914 -0.9
    endloop
  endfacet
  facet normal -0.321473 -0.946919 0
    outer loop
      vertex 11.2741 -23.9914 -0.9
      vertex 11.7881 -24.1659 0.9
      vertex 11.2741 -23.9914 0.9
    endloop
  endfacet
  facet normal -0.321473 -0.946919 -0
    outer loop
      vertex 11.7881 -24.1659 0.9
      vertex 11.2741 -23.9914 -0.9
      vertex 11.7881 -24.1659 -0.9
    endloop
  endfacet
  facet normal -0.0653942 -0.99786 0
    outer loop
      vertex 10.2 -23.85 -0.9
      vertex 10.7417 -23.8855 0.9
      vertex 10.2 -23.85 0.9
    endloop
  endfacet
  facet normal -0.0653942 -0.99786 -0
    outer loop
      vertex 10.7417 -23.8855 0.9
      vertex 10.2 -23.85 -0.9
      vertex 10.7417 -23.8855 -0.9
    endloop
  endfacet
  facet normal 0.946924 -0.321457 0
    outer loop
      vertex 6.19141 -26.9259 0.9
      vertex 6.3659 -26.4119 -0.9
      vertex 6.3659 -26.4119 0.9
    endloop
  endfacet
  facet normal 0.946924 -0.321457 0
    outer loop
      vertex 6.3659 -26.4119 -0.9
      vertex 6.19141 -26.9259 0.9
      vertex 6.19141 -26.9259 -0.9
    endloop
  endfacet
  facet normal -0.0653942 0.99786 0
    outer loop
      vertex 10.7417 -32.1145 -0.9
      vertex 10.2 -32.15 0.9
      vertex 10.7417 -32.1145 0.9
    endloop
  endfacet
  facet normal -0.0653942 0.99786 0
    outer loop
      vertex 10.2 -32.15 0.9
      vertex 10.7417 -32.1145 -0.9
      vertex 10.2 -32.15 -0.9
    endloop
  endfacet
  facet normal -0.946919 0.321473 0
    outer loop
      vertex 14.0341 -29.5881 -0.9
      vertex 14.2086 -29.0741 0.9
      vertex 14.2086 -29.0741 -0.9
    endloop
  endfacet
  facet normal -0.946919 0.321473 0
    outer loop
      vertex 14.2086 -29.0741 0.9
      vertex 14.0341 -29.5881 -0.9
      vertex 14.0341 -29.5881 0.9
    endloop
  endfacet
  facet normal -0.980786 0.195089 0
    outer loop
      vertex 14.2086 -29.0741 -0.9
      vertex 14.3145 -28.5417 0.9
      vertex 14.3145 -28.5417 -0.9
    endloop
  endfacet
  facet normal -0.980786 0.195089 0
    outer loop
      vertex 14.3145 -28.5417 0.9
      vertex 14.2086 -29.0741 -0.9
      vertex 14.2086 -29.0741 0.9
    endloop
  endfacet
  facet normal 0.831492 0.555537 0
    outer loop
      vertex 6.90758 -30.5264 0.9
      vertex 6.60599 -30.075 -0.9
      vertex 6.60599 -30.075 0.9
    endloop
  endfacet
  facet normal 0.831492 0.555537 0
    outer loop
      vertex 6.60599 -30.075 -0.9
      vertex 6.90758 -30.5264 0.9
      vertex 6.90758 -30.5264 -0.9
    endloop
  endfacet
  facet normal 0.195082 -0.980787 0
    outer loop
      vertex 9.1259 -23.9914 -0.9
      vertex 9.65832 -23.8855 0.9
      vertex 9.1259 -23.9914 0.9
    endloop
  endfacet
  facet normal 0.195082 -0.980787 0
    outer loop
      vertex 9.65832 -23.8855 0.9
      vertex 9.1259 -23.9914 -0.9
      vertex 9.65832 -23.8855 -0.9
    endloop
  endfacet
  facet normal 0.99786 -0.0653942 0
    outer loop
      vertex 6.05 -28 0.9
      vertex 6.0855 -27.4583 -0.9
      vertex 6.0855 -27.4583 0.9
    endloop
  endfacet
  facet normal 0.99786 -0.0653942 0
    outer loop
      vertex 6.0855 -27.4583 -0.9
      vertex 6.05 -28 0.9
      vertex 6.05 -28 -0.9
    endloop
  endfacet
  facet normal -0.55555 -0.831483 0
    outer loop
      vertex 12.275 -24.406 -0.9
      vertex 12.7264 -24.7076 0.9
      vertex 12.275 -24.406 0.9
    endloop
  endfacet
  facet normal -0.55555 -0.831483 -0
    outer loop
      vertex 12.7264 -24.7076 0.9
      vertex 12.275 -24.406 -0.9
      vertex 12.7264 -24.7076 -0.9
    endloop
  endfacet
  facet normal -0.44227 0.896882 0
    outer loop
      vertex 12.275 -31.594 -0.9
      vertex 11.7881 -31.8341 0.9
      vertex 12.275 -31.594 0.9
    endloop
  endfacet
  facet normal -0.44227 0.896882 0
    outer loop
      vertex 11.7881 -31.8341 0.9
      vertex 12.275 -31.594 -0.9
      vertex 11.7881 -31.8341 -0.9
    endloop
  endfacet
  facet normal 0.555584 0.83146 -0
    outer loop
      vertex 8.125 -31.594 -0.9
      vertex 7.67364 -31.2924 0.9
      vertex 8.125 -31.594 0.9
    endloop
  endfacet
  facet normal 0.555584 0.83146 0
    outer loop
      vertex 7.67364 -31.2924 0.9
      vertex 8.125 -31.594 -0.9
      vertex 7.67364 -31.2924 -0.9
    endloop
  endfacet
  facet normal -0.195089 -0.980786 0
    outer loop
      vertex 10.7417 -23.8855 -0.9
      vertex 11.2741 -23.9914 0.9
      vertex 10.7417 -23.8855 0.9
    endloop
  endfacet
  facet normal -0.195089 -0.980786 -0
    outer loop
      vertex 11.2741 -23.9914 0.9
      vertex 10.7417 -23.8855 -0.9
      vertex 11.2741 -23.9914 -0.9
    endloop
  endfacet
  facet normal 0.555584 -0.83146 0
    outer loop
      vertex 7.67364 -24.7076 -0.9
      vertex 8.125 -24.406 0.9
      vertex 7.67364 -24.7076 0.9
    endloop
  endfacet
  facet normal 0.555584 -0.83146 0
    outer loop
      vertex 8.125 -24.406 0.9
      vertex 7.67364 -24.7076 -0.9
      vertex 8.125 -24.406 -0.9
    endloop
  endfacet
  facet normal -0.195089 0.980786 0
    outer loop
      vertex 11.2741 -32.0086 -0.9
      vertex 10.7417 -32.1145 0.9
      vertex 11.2741 -32.0086 0.9
    endloop
  endfacet
  facet normal -0.195089 0.980786 0
    outer loop
      vertex 10.7417 -32.1145 0.9
      vertex 11.2741 -32.0086 -0.9
      vertex 10.7417 -32.1145 -0.9
    endloop
  endfacet
  facet normal 0.659325 -0.751858 0
    outer loop
      vertex 7.26551 -25.0655 -0.9
      vertex 7.67364 -24.7076 0.9
      vertex 7.26551 -25.0655 0.9
    endloop
  endfacet
  facet normal 0.659325 -0.751858 0
    outer loop
      vertex 7.67364 -24.7076 0.9
      vertex 7.26551 -25.0655 -0.9
      vertex 7.67364 -24.7076 -0.9
    endloop
  endfacet
  facet normal 0.896889 0.442255 0
    outer loop
      vertex 6.60599 -30.075 0.9
      vertex 6.3659 -29.5881 -0.9
      vertex 6.3659 -29.5881 0.9
    endloop
  endfacet
  facet normal 0.896889 0.442255 0
    outer loop
      vertex 6.3659 -29.5881 -0.9
      vertex 6.60599 -30.075 0.9
      vertex 6.60599 -30.075 -0.9
    endloop
  endfacet
  facet normal 0.980782 0.195106 0
    outer loop
      vertex 6.19141 -29.0741 0.9
      vertex 6.0855 -28.5417 -0.9
      vertex 6.0855 -28.5417 0.9
    endloop
  endfacet
  facet normal 0.980782 0.195106 0
    outer loop
      vertex 6.0855 -28.5417 -0.9
      vertex 6.19141 -29.0741 0.9
      vertex 6.19141 -29.0741 -0.9
    endloop
  endfacet
  facet normal 0.659325 0.751858 -0
    outer loop
      vertex 7.67364 -31.2924 -0.9
      vertex 7.26551 -30.9345 0.9
      vertex 7.67364 -31.2924 0.9
    endloop
  endfacet
  facet normal 0.659325 0.751858 0
    outer loop
      vertex 7.26551 -30.9345 0.9
      vertex 7.67364 -31.2924 -0.9
      vertex 7.26551 -30.9345 -0.9
    endloop
  endfacet
  facet normal 0.831492 -0.555537 0
    outer loop
      vertex 6.60599 -25.925 0.9
      vertex 6.90758 -25.4736 -0.9
      vertex 6.90758 -25.4736 0.9
    endloop
  endfacet
  facet normal 0.831492 -0.555537 0
    outer loop
      vertex 6.90758 -25.4736 -0.9
      vertex 6.60599 -25.925 0.9
      vertex 6.60599 -25.925 -0.9
    endloop
  endfacet
  facet normal 0.0653966 -0.997859 0
    outer loop
      vertex 9.65832 -23.8855 -0.9
      vertex 10.2 -23.85 0.9
      vertex 9.65832 -23.8855 0.9
    endloop
  endfacet
  facet normal 0.0653966 -0.997859 0
    outer loop
      vertex 10.2 -23.85 0.9
      vertex 9.65832 -23.8855 -0.9
      vertex 10.2 -23.85 -0.9
    endloop
  endfacet
  facet normal 0.751807 -0.659383 0
    outer loop
      vertex 6.90758 -25.4736 0.9
      vertex 7.26551 -25.0655 -0.9
      vertex 7.26551 -25.0655 0.9
    endloop
  endfacet
  facet normal 0.751807 -0.659383 0
    outer loop
      vertex 7.26551 -25.0655 -0.9
      vertex 6.90758 -25.4736 0.9
      vertex 6.90758 -25.4736 -0.9
    endloop
  endfacet
  facet normal 0.442299 0.896867 -0
    outer loop
      vertex 8.61186 -31.8341 -0.9
      vertex 8.125 -31.594 0.9
      vertex 8.61186 -31.8341 0.9
    endloop
  endfacet
  facet normal 0.442299 0.896867 0
    outer loop
      vertex 8.125 -31.594 0.9
      vertex 8.61186 -31.8341 -0.9
      vertex 8.125 -31.594 -0.9
    endloop
  endfacet
  facet normal -0.659352 0.751834 0
    outer loop
      vertex 13.1345 -30.9345 -0.9
      vertex 12.7264 -31.2924 0.9
      vertex 13.1345 -30.9345 0.9
    endloop
  endfacet
  facet normal -0.659352 0.751834 0
    outer loop
      vertex 12.7264 -31.2924 0.9
      vertex 13.1345 -30.9345 -0.9
      vertex 12.7264 -31.2924 -0.9
    endloop
  endfacet
  facet normal 0.896889 -0.442255 0
    outer loop
      vertex 6.3659 -26.4119 0.9
      vertex 6.60599 -25.925 -0.9
      vertex 6.60599 -25.925 0.9
    endloop
  endfacet
  facet normal 0.896889 -0.442255 0
    outer loop
      vertex 6.60599 -25.925 -0.9
      vertex 6.3659 -26.4119 0.9
      vertex 6.3659 -26.4119 -0.9
    endloop
  endfacet
  facet normal -0.55555 0.831483 0
    outer loop
      vertex 12.7264 -31.2924 -0.9
      vertex 12.275 -31.594 0.9
      vertex 12.7264 -31.2924 0.9
    endloop
  endfacet
  facet normal -0.55555 0.831483 0
    outer loop
      vertex 12.275 -31.594 0.9
      vertex 12.7264 -31.2924 -0.9
      vertex 12.275 -31.594 -0.9
    endloop
  endfacet
  facet normal -0.707107 -0.707107 0
    outer loop
      vertex 35.479 -28 -0.9
      vertex 30.6 -23.121 0.9
      vertex 30.6 -23.121 -0.9
    endloop
  endfacet
  facet normal -0.707107 -0.707107 0
    outer loop
      vertex 30.6 -23.121 0.9
      vertex 35.479 -28 -0.9
      vertex 35.479 -28 0.9
    endloop
  endfacet
  facet normal 0.707107 0.707107 0
    outer loop
      vertex 30.6 -32.879 0.9
      vertex 25.721 -28 -0.9
      vertex 25.721 -28 0.9
    endloop
  endfacet
  facet normal 0.707107 0.707107 0
    outer loop
      vertex 25.721 -28 -0.9
      vertex 30.6 -32.879 0.9
      vertex 30.6 -32.879 -0.9
    endloop
  endfacet
  facet normal 0.707107 -0.707107 0
    outer loop
      vertex 25.721 -28 0.9
      vertex 30.6 -23.121 -0.9
      vertex 30.6 -23.121 0.9
    endloop
  endfacet
  facet normal 0.707107 -0.707107 0
    outer loop
      vertex 30.6 -23.121 -0.9
      vertex 25.721 -28 0.9
      vertex 25.721 -28 -0.9
    endloop
  endfacet
  facet normal -0.707107 0.707107 0
    outer loop
      vertex 30.6 -32.879 -0.9
      vertex 35.479 -28 0.9
      vertex 35.479 -28 -0.9
    endloop
  endfacet
  facet normal -0.707107 0.707107 0
    outer loop
      vertex 35.479 -28 0.9
      vertex 30.6 -32.879 -0.9
      vertex 30.6 -32.879 0.9
    endloop
  endfacet
  facet normal 0.866026 -0.499999 0
    outer loop
      vertex 47.1895 -30.2 0.9
      vertex 51 -23.6 -0.9
      vertex 51 -23.6 0.9
    endloop
  endfacet
  facet normal 0.866026 -0.499999 0
    outer loop
      vertex 51 -23.6 -0.9
      vertex 47.1895 -30.2 0.9
      vertex 47.1895 -30.2 -0.9
    endloop
  endfacet
  facet normal 0 1 -0
    outer loop
      vertex 54.8105 -30.2 -0.9
      vertex 47.1895 -30.2 0.9
      vertex 54.8105 -30.2 0.9
    endloop
  endfacet
  facet normal 0 1 0
    outer loop
      vertex 47.1895 -30.2 0.9
      vertex 54.8105 -30.2 -0.9
      vertex 47.1895 -30.2 -0.9
    endloop
  endfacet
  facet normal -0.866026 -0.499999 0
    outer loop
      vertex 54.8105 -30.2 -0.9
      vertex 51 -23.6 0.9
      vertex 51 -23.6 -0.9
    endloop
  endfacet
  facet normal -0.866026 -0.499999 0
    outer loop
      vertex 51 -23.6 0.9
      vertex 54.8105 -30.2 -0.9
      vertex 54.8105 -30.2 0.9
    endloop
  endfacet
  facet normal -1 0 0
    outer loop
      vertex 65.5 -32.3 -0.9
      vertex 65.5 -23.7 1.5
      vertex 65.5 -23.7 -0.9
    endloop
  endfacet
  facet normal -1 -0 0
    outer loop
      vertex 65.5 -23.7 1.5
      vertex 65.5 -32.3 -0.9
      vertex 65.5 -32.3 1.5
    endloop
  endfacet
  facet normal 1 -0 0
    outer loop
      vertex 56.9 -32.3 0.9
      vertex 56.9 -23.7 -0.9
      vertex 56.9 -23.7 0.9
    endloop
  endfacet
  facet normal 1 0 0
    outer loop
      vertex 56.9 -23.7 -0.9
      vertex 56.9 -32.3 0.9
      vertex 56.9 -32.3 -0.9
    endloop
  endfacet
  facet normal 0 -1 0
    outer loop
      vertex 56.9 -23.7 0.9
      vertex 56.9 -23.7 -0.9
      vertex 61.7 -23.7 0.9
    endloop
  endfacet
  facet normal 0 -1 0
    outer loop
      vertex 61.7 -23.7 0.9
      vertex 65.5 -23.7 1.5
      vertex 61.7 -23.7 1.5
    endloop
  endfacet
  facet normal 0 -1 0
    outer loop
      vertex 65.5 -23.7 -0.9
      vertex 61.7 -23.7 0.9
      vertex 56.9 -23.7 -0.9
    endloop
  endfacet
  facet normal 0 -1 0
    outer loop
      vertex 61.7 -23.7 0.9
      vertex 65.5 -23.7 -0.9
      vertex 65.5 -23.7 1.5
    endloop
  endfacet
  facet normal 0 1 0
    outer loop
      vertex 65.5 -32.3 1.5
      vertex 61.7 -32.3 0.9
      vertex 61.7 -32.3 1.5
    endloop
  endfacet
  facet normal 0 1 -0
    outer loop
      vertex 65.5 -32.3 -0.9
      vertex 61.7 -32.3 0.9
      vertex 65.5 -32.3 1.5
    endloop
  endfacet
  facet normal 0 1 0
    outer loop
      vertex 56.9 -32.3 -0.9
      vertex 61.7 -32.3 0.9
      vertex 65.5 -32.3 -0.9
    endloop
  endfacet
  facet normal 0 1 0
    outer loop
      vertex 61.7 -32.3 0.9
      vertex 56.9 -32.3 -0.9
      vertex 56.9 -32.3 0.9
    endloop
  endfacet
  facet normal 0.866026 -0.499999 0
    outer loop
      vertex -65.0105 -19 0.9
      vertex -61.2 -12.4 -0.9
      vertex -61.2 -12.4 0.9
    endloop
  endfacet
  facet normal 0.866026 -0.499999 0
    outer loop
      vertex -61.2 -12.4 -0.9
      vertex -65.0105 -19 0.9
      vertex -65.0105 -19 -0.9
    endloop
  endfacet
  facet normal 0 1 -0
    outer loop
      vertex -57.3895 -19 -0.9
      vertex -65.0105 -19 0.9
      vertex -57.3895 -19 0.9
    endloop
  endfacet
  facet normal 0 1 0
    outer loop
      vertex -65.0105 -19 0.9
      vertex -57.3895 -19 -0.9
      vertex -65.0105 -19 -0.9
    endloop
  endfacet
  facet normal -0.866026 -0.499999 0
    outer loop
      vertex -57.3895 -19 -0.9
      vertex -61.2 -12.4 0.9
      vertex -61.2 -12.4 -0.9
    endloop
  endfacet
  facet normal -0.866026 -0.499999 0
    outer loop
      vertex -61.2 -12.4 0.9
      vertex -57.3895 -19 -0.9
      vertex -57.3895 -19 0.9
    endloop
  endfacet
  facet normal -0.980786 0.195089 0
    outer loop
      vertex -36.7914 -17.8741 -0.9
      vertex -36.6855 -17.3417 0.9
      vertex -36.6855 -17.3417 -0.9
    endloop
  endfacet
  facet normal -0.980786 0.195089 0
    outer loop
      vertex -36.6855 -17.3417 0.9
      vertex -36.7914 -17.8741 -0.9
      vertex -36.7914 -17.8741 0.9
    endloop
  endfacet
  facet normal 0.99786 0.0653942 0
    outer loop
      vertex -44.9145 -17.3417 0.9
      vertex -44.95 -16.8 -0.9
      vertex -44.95 -16.8 0.9
    endloop
  endfacet
  facet normal 0.99786 0.0653942 0
    outer loop
      vertex -44.95 -16.8 -0.9
      vertex -44.9145 -17.3417 0.9
      vertex -44.9145 -17.3417 -0.9
    endloop
  endfacet
  facet normal -0.99786 -0.0653942 0
    outer loop
      vertex -36.65 -16.8 -0.9
      vertex -36.6855 -16.2583 0.9
      vertex -36.6855 -16.2583 -0.9
    endloop
  endfacet
  facet normal -0.99786 -0.0653942 0
    outer loop
      vertex -36.6855 -16.2583 0.9
      vertex -36.65 -16.8 -0.9
      vertex -36.65 -16.8 0.9
    endloop
  endfacet
  facet normal 0.831483 0.55555 0
    outer loop
      vertex -44.0924 -19.3264 0.9
      vertex -44.394 -18.875 -0.9
      vertex -44.394 -18.875 0.9
    endloop
  endfacet
  facet normal 0.831483 0.55555 0
    outer loop
      vertex -44.394 -18.875 -0.9
      vertex -44.0924 -19.3264 0.9
      vertex -44.0924 -19.3264 -0.9
    endloop
  endfacet
  facet normal -0.195089 -0.980786 0
    outer loop
      vertex -40.2583 -12.6855 -0.9
      vertex -39.7259 -12.7914 0.9
      vertex -40.2583 -12.6855 0.9
    endloop
  endfacet
  facet normal -0.195089 -0.980786 -0
    outer loop
      vertex -39.7259 -12.7914 0.9
      vertex -40.2583 -12.6855 -0.9
      vertex -39.7259 -12.7914 -0.9
    endloop
  endfacet
  facet normal -0.55555 0.831483 0
    outer loop
      vertex -38.2736 -20.0924 -0.9
      vertex -38.725 -20.394 0.9
      vertex -38.2736 -20.0924 0.9
    endloop
  endfacet
  facet normal -0.55555 0.831483 0
    outer loop
      vertex -38.725 -20.394 0.9
      vertex -38.2736 -20.0924 -0.9
      vertex -38.725 -20.394 -0.9
    endloop
  endfacet
  facet normal -0.751834 -0.659352 0
    outer loop
      vertex -37.5076 -14.2736 -0.9
      vertex -37.8655 -13.8655 0.9
      vertex -37.8655 -13.8655 -0.9
    endloop
  endfacet
  facet normal -0.751834 -0.659352 0
    outer loop
      vertex -37.8655 -13.8655 0.9
      vertex -37.5076 -14.2736 -0.9
      vertex -37.5076 -14.2736 0.9
    endloop
  endfacet
  facet normal -0.980786 -0.195089 0
    outer loop
      vertex -36.6855 -16.2583 -0.9
      vertex -36.7914 -15.7259 0.9
      vertex -36.7914 -15.7259 -0.9
    endloop
  endfacet
  facet normal -0.980786 -0.195089 0
    outer loop
      vertex -36.7914 -15.7259 0.9
      vertex -36.6855 -16.2583 -0.9
      vertex -36.6855 -16.2583 0.9
    endloop
  endfacet
  facet normal 0.896882 0.44227 0
    outer loop
      vertex -44.394 -18.875 0.9
      vertex -44.6341 -18.3881 -0.9
      vertex -44.6341 -18.3881 0.9
    endloop
  endfacet
  facet normal 0.896882 0.44227 0
    outer loop
      vertex -44.6341 -18.3881 -0.9
      vertex -44.394 -18.875 0.9
      vertex -44.394 -18.875 -0.9
    endloop
  endfacet
  facet normal 0.321473 0.946919 -0
    outer loop
      vertex -41.8741 -20.8086 -0.9
      vertex -42.3881 -20.6341 0.9
      vertex -41.8741 -20.8086 0.9
    endloop
  endfacet
  facet normal 0.321473 0.946919 0
    outer loop
      vertex -42.3881 -20.6341 0.9
      vertex -41.8741 -20.8086 -0.9
      vertex -42.3881 -20.6341 -0.9
    endloop
  endfacet
  facet normal -0.321473 0.946919 0
    outer loop
      vertex -39.2119 -20.6341 -0.9
      vertex -39.7259 -20.8086 0.9
      vertex -39.2119 -20.6341 0.9
    endloop
  endfacet
  facet normal -0.321473 0.946919 0
    outer loop
      vertex -39.7259 -20.8086 0.9
      vertex -39.2119 -20.6341 -0.9
      vertex -39.7259 -20.8086 -0.9
    endloop
  endfacet
  facet normal 0.946919 0.321473 0
    outer loop
      vertex -44.6341 -18.3881 0.9
      vertex -44.8086 -17.8741 -0.9
      vertex -44.8086 -17.8741 0.9
    endloop
  endfacet
  facet normal 0.946919 0.321473 0
    outer loop
      vertex -44.8086 -17.8741 -0.9
      vertex -44.6341 -18.3881 0.9
      vertex -44.6341 -18.3881 -0.9
    endloop
  endfacet
  facet normal 0.0653942 0.99786 -0
    outer loop
      vertex -40.8 -20.95 -0.9
      vertex -41.3417 -20.9145 0.9
      vertex -40.8 -20.95 0.9
    endloop
  endfacet
  facet normal 0.0653942 0.99786 0
    outer loop
      vertex -41.3417 -20.9145 0.9
      vertex -40.8 -20.95 -0.9
      vertex -41.3417 -20.9145 -0.9
    endloop
  endfacet
  facet normal -0.896882 -0.44227 0
    outer loop
      vertex -36.9659 -15.2119 -0.9
      vertex -37.206 -14.725 0.9
      vertex -37.206 -14.725 -0.9
    endloop
  endfacet
  facet normal -0.896882 -0.44227 0
    outer loop
      vertex -37.206 -14.725 0.9
      vertex -36.9659 -15.2119 -0.9
      vertex -36.9659 -15.2119 0.9
    endloop
  endfacet
  facet normal 0.980786 0.195089 0
    outer loop
      vertex -44.8086 -17.8741 0.9
      vertex -44.9145 -17.3417 -0.9
      vertex -44.9145 -17.3417 0.9
    endloop
  endfacet
  facet normal 0.980786 0.195089 0
    outer loop
      vertex -44.9145 -17.3417 -0.9
      vertex -44.8086 -17.8741 0.9
      vertex -44.8086 -17.8741 -0.9
    endloop
  endfacet
  facet normal -0.946919 0.321473 0
    outer loop
      vertex -36.9659 -18.3881 -0.9
      vertex -36.7914 -17.8741 0.9
      vertex -36.7914 -17.8741 -0.9
    endloop
  endfacet
  facet normal -0.946919 0.321473 0
    outer loop
      vertex -36.7914 -17.8741 0.9
      vertex -36.9659 -18.3881 -0.9
      vertex -36.9659 -18.3881 0.9
    endloop
  endfacet
  facet normal 0.751834 0.659352 0
    outer loop
      vertex -43.7345 -19.7345 0.9
      vertex -44.0924 -19.3264 -0.9
      vertex -44.0924 -19.3264 0.9
    endloop
  endfacet
  facet normal 0.751834 0.659352 0
    outer loop
      vertex -44.0924 -19.3264 -0.9
      vertex -43.7345 -19.7345 0.9
      vertex -43.7345 -19.7345 -0.9
    endloop
  endfacet
  facet normal 0.659352 0.751834 -0
    outer loop
      vertex -43.3264 -20.0924 -0.9
      vertex -43.7345 -19.7345 0.9
      vertex -43.3264 -20.0924 0.9
    endloop
  endfacet
  facet normal 0.659352 0.751834 0
    outer loop
      vertex -43.7345 -19.7345 0.9
      vertex -43.3264 -20.0924 -0.9
      vertex -43.7345 -19.7345 -0.9
    endloop
  endfacet
  facet normal -0.946919 -0.321473 0
    outer loop
      vertex -36.7914 -15.7259 -0.9
      vertex -36.9659 -15.2119 0.9
      vertex -36.9659 -15.2119 -0.9
    endloop
  endfacet
  facet normal -0.946919 -0.321473 0
    outer loop
      vertex -36.9659 -15.2119 0.9
      vertex -36.7914 -15.7259 -0.9
      vertex -36.7914 -15.7259 0.9
    endloop
  endfacet
  facet normal -0.751834 0.659352 0
    outer loop
      vertex -37.8655 -19.7345 -0.9
      vertex -37.5076 -19.3264 0.9
      vertex -37.5076 -19.3264 -0.9
    endloop
  endfacet
  facet normal -0.751834 0.659352 0
    outer loop
      vertex -37.5076 -19.3264 0.9
      vertex -37.8655 -19.7345 -0.9
      vertex -37.8655 -19.7345 0.9
    endloop
  endfacet
  facet normal 0.44227 0.896882 -0
    outer loop
      vertex -42.3881 -20.6341 -0.9
      vertex -42.875 -20.394 0.9
      vertex -42.3881 -20.6341 0.9
    endloop
  endfacet
  facet normal 0.44227 0.896882 0
    outer loop
      vertex -42.875 -20.394 0.9
      vertex -42.3881 -20.6341 -0.9
      vertex -42.875 -20.394 -0.9
    endloop
  endfacet
  facet normal -0.99786 0.0653942 0
    outer loop
      vertex -36.6855 -17.3417 -0.9
      vertex -36.65 -16.8 0.9
      vertex -36.65 -16.8 -0.9
    endloop
  endfacet
  facet normal -0.99786 0.0653942 0
    outer loop
      vertex -36.65 -16.8 0.9
      vertex -36.6855 -17.3417 -0.9
      vertex -36.6855 -17.3417 0.9
    endloop
  endfacet
  facet normal -0.659352 -0.751834 0
    outer loop
      vertex -38.2736 -13.5076 -0.9
      vertex -37.8655 -13.8655 0.9
      vertex -38.2736 -13.5076 0.9
    endloop
  endfacet
  facet normal -0.659352 -0.751834 -0
    outer loop
      vertex -37.8655 -13.8655 0.9
      vertex -38.2736 -13.5076 -0.9
      vertex -37.8655 -13.8655 -0.9
    endloop
  endfacet
  facet normal 0.659352 -0.751834 0
    outer loop
      vertex -43.7345 -13.8655 -0.9
      vertex -43.3264 -13.5076 0.9
      vertex -43.7345 -13.8655 0.9
    endloop
  endfacet
  facet normal 0.659352 -0.751834 0
    outer loop
      vertex -43.3264 -13.5076 0.9
      vertex -43.7345 -13.8655 -0.9
      vertex -43.3264 -13.5076 -0.9
    endloop
  endfacet
  facet normal -0.659352 0.751834 0
    outer loop
      vertex -37.8655 -19.7345 -0.9
      vertex -38.2736 -20.0924 0.9
      vertex -37.8655 -19.7345 0.9
    endloop
  endfacet
  facet normal -0.659352 0.751834 0
    outer loop
      vertex -38.2736 -20.0924 0.9
      vertex -37.8655 -19.7345 -0.9
      vertex -38.2736 -20.0924 -0.9
    endloop
  endfacet
  facet normal -0.831483 -0.55555 0
    outer loop
      vertex -37.206 -14.725 -0.9
      vertex -37.5076 -14.2736 0.9
      vertex -37.5076 -14.2736 -0.9
    endloop
  endfacet
  facet normal -0.831483 -0.55555 0
    outer loop
      vertex -37.5076 -14.2736 0.9
      vertex -37.206 -14.725 -0.9
      vertex -37.206 -14.725 0.9
    endloop
  endfacet
  facet normal -0.321473 -0.946919 0
    outer loop
      vertex -39.7259 -12.7914 -0.9
      vertex -39.2119 -12.9659 0.9
      vertex -39.7259 -12.7914 0.9
    endloop
  endfacet
  facet normal -0.321473 -0.946919 -0
    outer loop
      vertex -39.2119 -12.9659 0.9
      vertex -39.7259 -12.7914 -0.9
      vertex -39.2119 -12.9659 -0.9
    endloop
  endfacet
  facet normal 0.195089 0.980786 -0
    outer loop
      vertex -41.3417 -20.9145 -0.9
      vertex -41.8741 -20.8086 0.9
      vertex -41.3417 -20.9145 0.9
    endloop
  endfacet
  facet normal 0.195089 0.980786 0
    outer loop
      vertex -41.8741 -20.8086 0.9
      vertex -41.3417 -20.9145 -0.9
      vertex -41.8741 -20.8086 -0.9
    endloop
  endfacet
  facet normal -0.896882 0.44227 0
    outer loop
      vertex -37.206 -18.875 -0.9
      vertex -36.9659 -18.3881 0.9
      vertex -36.9659 -18.3881 -0.9
    endloop
  endfacet
  facet normal -0.896882 0.44227 0
    outer loop
      vertex -36.9659 -18.3881 0.9
      vertex -37.206 -18.875 -0.9
      vertex -37.206 -18.875 0.9
    endloop
  endfacet
  facet normal -0.55555 -0.831483 0
    outer loop
      vertex -38.725 -13.206 -0.9
      vertex -38.2736 -13.5076 0.9
      vertex -38.725 -13.206 0.9
    endloop
  endfacet
  facet normal -0.55555 -0.831483 -0
    outer loop
      vertex -38.2736 -13.5076 0.9
      vertex -38.725 -13.206 -0.9
      vertex -38.2736 -13.5076 -0.9
    endloop
  endfacet
  facet normal -0.195089 0.980786 0
    outer loop
      vertex -39.7259 -20.8086 -0.9
      vertex -40.2583 -20.9145 0.9
      vertex -39.7259 -20.8086 0.9
    endloop
  endfacet
  facet normal -0.195089 0.980786 0
    outer loop
      vertex -40.2583 -20.9145 0.9
      vertex -39.7259 -20.8086 -0.9
      vertex -40.2583 -20.9145 -0.9
    endloop
  endfacet
  facet normal 0.99786 -0.0653942 0
    outer loop
      vertex -44.95 -16.8 0.9
      vertex -44.9145 -16.2583 -0.9
      vertex -44.9145 -16.2583 0.9
    endloop
  endfacet
  facet normal 0.99786 -0.0653942 0
    outer loop
      vertex -44.9145 -16.2583 -0.9
      vertex -44.95 -16.8 0.9
      vertex -44.95 -16.8 -0.9
    endloop
  endfacet
  facet normal -0.44227 0.896882 0
    outer loop
      vertex -38.725 -20.394 -0.9
      vertex -39.2119 -20.6341 0.9
      vertex -38.725 -20.394 0.9
    endloop
  endfacet
  facet normal -0.44227 0.896882 0
    outer loop
      vertex -39.2119 -20.6341 0.9
      vertex -38.725 -20.394 -0.9
      vertex -39.2119 -20.6341 -0.9
    endloop
  endfacet
  facet normal 0.44227 -0.896882 0
    outer loop
      vertex -42.875 -13.206 -0.9
      vertex -42.3881 -12.9659 0.9
      vertex -42.875 -13.206 0.9
    endloop
  endfacet
  facet normal 0.44227 -0.896882 0
    outer loop
      vertex -42.3881 -12.9659 0.9
      vertex -42.875 -13.206 -0.9
      vertex -42.3881 -12.9659 -0.9
    endloop
  endfacet
  facet normal -0.0653942 -0.99786 0
    outer loop
      vertex -40.8 -12.65 -0.9
      vertex -40.2583 -12.6855 0.9
      vertex -40.8 -12.65 0.9
    endloop
  endfacet
  facet normal -0.0653942 -0.99786 -0
    outer loop
      vertex -40.2583 -12.6855 0.9
      vertex -40.8 -12.65 -0.9
      vertex -40.2583 -12.6855 -0.9
    endloop
  endfacet
  facet normal 0.751834 -0.659352 0
    outer loop
      vertex -44.0924 -14.2736 0.9
      vertex -43.7345 -13.8655 -0.9
      vertex -43.7345 -13.8655 0.9
    endloop
  endfacet
  facet normal 0.751834 -0.659352 0
    outer loop
      vertex -43.7345 -13.8655 -0.9
      vertex -44.0924 -14.2736 0.9
      vertex -44.0924 -14.2736 -0.9
    endloop
  endfacet
  facet normal 0.980786 -0.195089 0
    outer loop
      vertex -44.9145 -16.2583 0.9
      vertex -44.8086 -15.7259 -0.9
      vertex -44.8086 -15.7259 0.9
    endloop
  endfacet
  facet normal 0.980786 -0.195089 0
    outer loop
      vertex -44.8086 -15.7259 -0.9
      vertex -44.9145 -16.2583 0.9
      vertex -44.9145 -16.2583 -0.9
    endloop
  endfacet
  facet normal -0.831483 0.55555 0
    outer loop
      vertex -37.5076 -19.3264 -0.9
      vertex -37.206 -18.875 0.9
      vertex -37.206 -18.875 -0.9
    endloop
  endfacet
  facet normal -0.831483 0.55555 0
    outer loop
      vertex -37.206 -18.875 0.9
      vertex -37.5076 -19.3264 -0.9
      vertex -37.5076 -19.3264 0.9
    endloop
  endfacet
  facet normal 0.55555 0.831483 -0
    outer loop
      vertex -42.875 -20.394 -0.9
      vertex -43.3264 -20.0924 0.9
      vertex -42.875 -20.394 0.9
    endloop
  endfacet
  facet normal 0.55555 0.831483 0
    outer loop
      vertex -43.3264 -20.0924 0.9
      vertex -42.875 -20.394 -0.9
      vertex -43.3264 -20.0924 -0.9
    endloop
  endfacet
  facet normal 0.896882 -0.44227 0
    outer loop
      vertex -44.6341 -15.2119 0.9
      vertex -44.394 -14.725 -0.9
      vertex -44.394 -14.725 0.9
    endloop
  endfacet
  facet normal 0.896882 -0.44227 0
    outer loop
      vertex -44.394 -14.725 -0.9
      vertex -44.6341 -15.2119 0.9
      vertex -44.6341 -15.2119 -0.9
    endloop
  endfacet
  facet normal -0.0653942 0.99786 0
    outer loop
      vertex -40.2583 -20.9145 -0.9
      vertex -40.8 -20.95 0.9
      vertex -40.2583 -20.9145 0.9
    endloop
  endfacet
  facet normal -0.0653942 0.99786 0
    outer loop
      vertex -40.8 -20.95 0.9
      vertex -40.2583 -20.9145 -0.9
      vertex -40.8 -20.95 -0.9
    endloop
  endfacet
  facet normal 0.195089 -0.980786 0
    outer loop
      vertex -41.8741 -12.7914 -0.9
      vertex -41.3417 -12.6855 0.9
      vertex -41.8741 -12.7914 0.9
    endloop
  endfacet
  facet normal 0.195089 -0.980786 0
    outer loop
      vertex -41.3417 -12.6855 0.9
      vertex -41.8741 -12.7914 -0.9
      vertex -41.3417 -12.6855 -0.9
    endloop
  endfacet
  facet normal -0.44227 -0.896882 0
    outer loop
      vertex -39.2119 -12.9659 -0.9
      vertex -38.725 -13.206 0.9
      vertex -39.2119 -12.9659 0.9
    endloop
  endfacet
  facet normal -0.44227 -0.896882 -0
    outer loop
      vertex -38.725 -13.206 0.9
      vertex -39.2119 -12.9659 -0.9
      vertex -38.725 -13.206 -0.9
    endloop
  endfacet
  facet normal 0.946919 -0.321473 0
    outer loop
      vertex -44.8086 -15.7259 0.9
      vertex -44.6341 -15.2119 -0.9
      vertex -44.6341 -15.2119 0.9
    endloop
  endfacet
  facet normal 0.946919 -0.321473 0
    outer loop
      vertex -44.6341 -15.2119 -0.9
      vertex -44.8086 -15.7259 0.9
      vertex -44.8086 -15.7259 -0.9
    endloop
  endfacet
  facet normal 0.321473 -0.946919 0
    outer loop
      vertex -42.3881 -12.9659 -0.9
      vertex -41.8741 -12.7914 0.9
      vertex -42.3881 -12.9659 0.9
    endloop
  endfacet
  facet normal 0.321473 -0.946919 0
    outer loop
      vertex -41.8741 -12.7914 0.9
      vertex -42.3881 -12.9659 -0.9
      vertex -41.8741 -12.7914 -0.9
    endloop
  endfacet
  facet normal 0.0653942 -0.99786 0
    outer loop
      vertex -41.3417 -12.6855 -0.9
      vertex -40.8 -12.65 0.9
      vertex -41.3417 -12.6855 0.9
    endloop
  endfacet
  facet normal 0.0653942 -0.99786 0
    outer loop
      vertex -40.8 -12.65 0.9
      vertex -41.3417 -12.6855 -0.9
      vertex -40.8 -12.65 -0.9
    endloop
  endfacet
  facet normal 0.831483 -0.55555 0
    outer loop
      vertex -44.394 -14.725 0.9
      vertex -44.0924 -14.2736 -0.9
      vertex -44.0924 -14.2736 0.9
    endloop
  endfacet
  facet normal 0.831483 -0.55555 0
    outer loop
      vertex -44.0924 -14.2736 -0.9
      vertex -44.394 -14.725 0.9
      vertex -44.394 -14.725 -0.9
    endloop
  endfacet
  facet normal 0.55555 -0.831483 0
    outer loop
      vertex -43.3264 -13.5076 -0.9
      vertex -42.875 -13.206 0.9
      vertex -43.3264 -13.5076 0.9
    endloop
  endfacet
  facet normal 0.55555 -0.831483 0
    outer loop
      vertex -42.875 -13.206 0.9
      vertex -43.3264 -13.5076 -0.9
      vertex -42.875 -13.206 -0.9
    endloop
  endfacet
  facet normal -0.707107 -0.707107 0
    outer loop
      vertex -15.521 -16.8 -0.9
      vertex -20.4 -11.921 0.9
      vertex -20.4 -11.921 -0.9
    endloop
  endfacet
  facet normal -0.707107 -0.707107 0
    outer loop
      vertex -20.4 -11.921 0.9
      vertex -15.521 -16.8 -0.9
      vertex -15.521 -16.8 0.9
    endloop
  endfacet
  facet normal 0.707107 0.707107 -0
    outer loop
      vertex -20.4 -21.679 -0.9
      vertex -25.279 -16.8 0.9
      vertex -20.4 -21.679 0.9
    endloop
  endfacet
  facet normal 0.707107 0.707107 0
    outer loop
      vertex -25.279 -16.8 0.9
      vertex -20.4 -21.679 -0.9
      vertex -25.279 -16.8 -0.9
    endloop
  endfacet
  facet normal 0.707107 -0.707107 0
    outer loop
      vertex -25.279 -16.8 -0.9
      vertex -20.4 -11.921 0.9
      vertex -25.279 -16.8 0.9
    endloop
  endfacet
  facet normal 0.707107 -0.707107 0
    outer loop
      vertex -20.4 -11.921 0.9
      vertex -25.279 -16.8 -0.9
      vertex -20.4 -11.921 -0.9
    endloop
  endfacet
  facet normal -0.707107 0.707107 0
    outer loop
      vertex -15.521 -16.8 -0.9
      vertex -20.4 -21.679 0.9
      vertex -15.521 -16.8 0.9
    endloop
  endfacet
  facet normal -0.707107 0.707107 0
    outer loop
      vertex -20.4 -21.679 0.9
      vertex -15.521 -16.8 -0.9
      vertex -20.4 -21.679 -0.9
    endloop
  endfacet
  facet normal 0.866026 -0.5 0
    outer loop
      vertex -3.81051 -19 0.9
      vertex 0 -12.4 -0.9
      vertex 0 -12.4 0.9
    endloop
  endfacet
  facet normal 0.866026 -0.5 0
    outer loop
      vertex 0 -12.4 -0.9
      vertex -3.81051 -19 0.9
      vertex -3.81051 -19 -0.9
    endloop
  endfacet
  facet normal 0 1 -0
    outer loop
      vertex 3.81051 -19 -0.9
      vertex -3.81051 -19 0.9
      vertex 3.81051 -19 0.9
    endloop
  endfacet
  facet normal 0 1 0
    outer loop
      vertex -3.81051 -19 0.9
      vertex 3.81051 -19 -0.9
      vertex -3.81051 -19 -0.9
    endloop
  endfacet
  facet normal -0.866026 -0.5 0
    outer loop
      vertex 3.81051 -19 -0.9
      vertex 0 -12.4 0.9
      vertex 0 -12.4 -0.9
    endloop
  endfacet
  facet normal -0.866026 -0.5 0
    outer loop
      vertex 0 -12.4 0.9
      vertex 3.81051 -19 -0.9
      vertex 3.81051 -19 0.9
    endloop
  endfacet
  facet normal -1 0 0
    outer loop
      vertex 14.5 -21.1 -0.9
      vertex 14.5 -12.5 0.9
      vertex 14.5 -12.5 -0.9
    endloop
  endfacet
  facet normal -1 -0 0
    outer loop
      vertex 14.5 -12.5 0.9
      vertex 14.5 -21.1 -0.9
      vertex 14.5 -21.1 0.9
    endloop
  endfacet
  facet normal 1 -0 0
    outer loop
      vertex 5.9 -21.1 0.9
      vertex 5.9 -12.5 -0.9
      vertex 5.9 -12.5 0.9
    endloop
  endfacet
  facet normal 1 0 0
    outer loop
      vertex 5.9 -12.5 -0.9
      vertex 5.9 -21.1 0.9
      vertex 5.9 -21.1 -0.9
    endloop
  endfacet
  facet normal 0 -1 0
    outer loop
      vertex 5.9 -12.5 -0.9
      vertex 14.5 -12.5 0.9
      vertex 5.9 -12.5 0.9
    endloop
  endfacet
  facet normal 0 -1 -0
    outer loop
      vertex 14.5 -12.5 0.9
      vertex 5.9 -12.5 -0.9
      vertex 14.5 -12.5 -0.9
    endloop
  endfacet
  facet normal 0 1 -0
    outer loop
      vertex 14.5 -21.1 -0.9
      vertex 5.9 -21.1 0.9
      vertex 14.5 -21.1 0.9
    endloop
  endfacet
  facet normal 0 1 0
    outer loop
      vertex 5.9 -21.1 0.9
      vertex 14.5 -21.1 -0.9
      vertex 5.9 -21.1 -0.9
    endloop
  endfacet
  facet normal -0.0653942 0.99786 0
    outer loop
      vertex 31.1417 -20.9145 -0.9
      vertex 30.6 -20.95 0.9
      vertex 31.1417 -20.9145 0.9
    endloop
  endfacet
  facet normal -0.0653942 0.99786 0
    outer loop
      vertex 30.6 -20.95 0.9
      vertex 31.1417 -20.9145 -0.9
      vertex 30.6 -20.95 -0.9
    endloop
  endfacet
  facet normal -0.980786 -0.195089 0
    outer loop
      vertex 34.7145 -16.2583 -0.9
      vertex 34.6086 -15.7259 0.9
      vertex 34.6086 -15.7259 -0.9
    endloop
  endfacet
  facet normal -0.980786 -0.195089 0
    outer loop
      vertex 34.6086 -15.7259 0.9
      vertex 34.7145 -16.2583 -0.9
      vertex 34.7145 -16.2583 0.9
    endloop
  endfacet
  facet normal -0.99786 -0.0653942 0
    outer loop
      vertex 34.75 -16.8 -0.9
      vertex 34.7145 -16.2583 0.9
      vertex 34.7145 -16.2583 -0.9
    endloop
  endfacet
  facet normal -0.99786 -0.0653942 0
    outer loop
      vertex 34.7145 -16.2583 0.9
      vertex 34.75 -16.8 -0.9
      vertex 34.75 -16.8 0.9
    endloop
  endfacet
  facet normal -0.0653942 -0.99786 0
    outer loop
      vertex 30.6 -12.65 -0.9
      vertex 31.1417 -12.6855 0.9
      vertex 30.6 -12.65 0.9
    endloop
  endfacet
  facet normal -0.0653942 -0.99786 -0
    outer loop
      vertex 31.1417 -12.6855 0.9
      vertex 30.6 -12.65 -0.9
      vertex 31.1417 -12.6855 -0.9
    endloop
  endfacet
  facet normal -0.99786 0.0653942 0
    outer loop
      vertex 34.7145 -17.3417 -0.9
      vertex 34.75 -16.8 0.9
      vertex 34.75 -16.8 -0.9
    endloop
  endfacet
  facet normal -0.99786 0.0653942 0
    outer loop
      vertex 34.75 -16.8 0.9
      vertex 34.7145 -17.3417 -0.9
      vertex 34.7145 -17.3417 0.9
    endloop
  endfacet
  facet normal 0.896882 -0.44227 0
    outer loop
      vertex 26.7659 -15.2119 0.9
      vertex 27.006 -14.725 -0.9
      vertex 27.006 -14.725 0.9
    endloop
  endfacet
  facet normal 0.896882 -0.44227 0
    outer loop
      vertex 27.006 -14.725 -0.9
      vertex 26.7659 -15.2119 0.9
      vertex 26.7659 -15.2119 -0.9
    endloop
  endfacet
  facet normal -0.659352 -0.751834 0
    outer loop
      vertex 33.1264 -13.5076 -0.9
      vertex 33.5345 -13.8655 0.9
      vertex 33.1264 -13.5076 0.9
    endloop
  endfacet
  facet normal -0.659352 -0.751834 -0
    outer loop
      vertex 33.5345 -13.8655 0.9
      vertex 33.1264 -13.5076 -0.9
      vertex 33.5345 -13.8655 -0.9
    endloop
  endfacet
  facet normal 0.99786 -0.0653942 0
    outer loop
      vertex 26.45 -16.8 0.9
      vertex 26.4855 -16.2583 -0.9
      vertex 26.4855 -16.2583 0.9
    endloop
  endfacet
  facet normal 0.99786 -0.0653942 0
    outer loop
      vertex 26.4855 -16.2583 -0.9
      vertex 26.45 -16.8 0.9
      vertex 26.45 -16.8 -0.9
    endloop
  endfacet
  facet normal -0.980786 0.195089 0
    outer loop
      vertex 34.6086 -17.8741 -0.9
      vertex 34.7145 -17.3417 0.9
      vertex 34.7145 -17.3417 -0.9
    endloop
  endfacet
  facet normal -0.980786 0.195089 0
    outer loop
      vertex 34.7145 -17.3417 0.9
      vertex 34.6086 -17.8741 -0.9
      vertex 34.6086 -17.8741 0.9
    endloop
  endfacet
  facet normal 0.321473 0.946919 -0
    outer loop
      vertex 29.5259 -20.8086 -0.9
      vertex 29.0119 -20.6341 0.9
      vertex 29.5259 -20.8086 0.9
    endloop
  endfacet
  facet normal 0.321473 0.946919 0
    outer loop
      vertex 29.0119 -20.6341 0.9
      vertex 29.5259 -20.8086 -0.9
      vertex 29.0119 -20.6341 -0.9
    endloop
  endfacet
  facet normal -0.946919 0.321473 0
    outer loop
      vertex 34.4341 -18.3881 -0.9
      vertex 34.6086 -17.8741 0.9
      vertex 34.6086 -17.8741 -0.9
    endloop
  endfacet
  facet normal -0.946919 0.321473 0
    outer loop
      vertex 34.6086 -17.8741 0.9
      vertex 34.4341 -18.3881 -0.9
      vertex 34.4341 -18.3881 0.9
    endloop
  endfacet
  facet normal 0.55555 -0.831483 0
    outer loop
      vertex 28.0736 -13.5076 -0.9
      vertex 28.525 -13.206 0.9
      vertex 28.0736 -13.5076 0.9
    endloop
  endfacet
  facet normal 0.55555 -0.831483 0
    outer loop
      vertex 28.525 -13.206 0.9
      vertex 28.0736 -13.5076 -0.9
      vertex 28.525 -13.206 -0.9
    endloop
  endfacet
  facet normal 0.980786 -0.195089 0
    outer loop
      vertex 26.4855 -16.2583 0.9
      vertex 26.5914 -15.7259 -0.9
      vertex 26.5914 -15.7259 0.9
    endloop
  endfacet
  facet normal 0.980786 -0.195089 0
    outer loop
      vertex 26.5914 -15.7259 -0.9
      vertex 26.4855 -16.2583 0.9
      vertex 26.4855 -16.2583 -0.9
    endloop
  endfacet
  facet normal 0.0653942 0.99786 -0
    outer loop
      vertex 30.6 -20.95 -0.9
      vertex 30.0583 -20.9145 0.9
      vertex 30.6 -20.95 0.9
    endloop
  endfacet
  facet normal 0.0653942 0.99786 0
    outer loop
      vertex 30.0583 -20.9145 0.9
      vertex 30.6 -20.95 -0.9
      vertex 30.0583 -20.9145 -0.9
    endloop
  endfacet
  facet normal 0.659352 -0.751834 0
    outer loop
      vertex 27.6655 -13.8655 -0.9
      vertex 28.0736 -13.5076 0.9
      vertex 27.6655 -13.8655 0.9
    endloop
  endfacet
  facet normal 0.659352 -0.751834 0
    outer loop
      vertex 28.0736 -13.5076 0.9
      vertex 27.6655 -13.8655 -0.9
      vertex 28.0736 -13.5076 -0.9
    endloop
  endfacet
  facet normal 0.55555 0.831483 -0
    outer loop
      vertex 28.525 -20.394 -0.9
      vertex 28.0736 -20.0924 0.9
      vertex 28.525 -20.394 0.9
    endloop
  endfacet
  facet normal 0.55555 0.831483 0
    outer loop
      vertex 28.0736 -20.0924 0.9
      vertex 28.525 -20.394 -0.9
      vertex 28.0736 -20.0924 -0.9
    endloop
  endfacet
  facet normal 0.946919 0.321473 0
    outer loop
      vertex 26.7659 -18.3881 0.9
      vertex 26.5914 -17.8741 -0.9
      vertex 26.5914 -17.8741 0.9
    endloop
  endfacet
  facet normal 0.946919 0.321473 0
    outer loop
      vertex 26.5914 -17.8741 -0.9
      vertex 26.7659 -18.3881 0.9
      vertex 26.7659 -18.3881 -0.9
    endloop
  endfacet
  facet normal -0.321473 0.946919 0
    outer loop
      vertex 32.1881 -20.6341 -0.9
      vertex 31.6741 -20.8086 0.9
      vertex 32.1881 -20.6341 0.9
    endloop
  endfacet
  facet normal -0.321473 0.946919 0
    outer loop
      vertex 31.6741 -20.8086 0.9
      vertex 32.1881 -20.6341 -0.9
      vertex 31.6741 -20.8086 -0.9
    endloop
  endfacet
  facet normal 0.831483 -0.55555 0
    outer loop
      vertex 27.006 -14.725 0.9
      vertex 27.3076 -14.2736 -0.9
      vertex 27.3076 -14.2736 0.9
    endloop
  endfacet
  facet normal 0.831483 -0.55555 0
    outer loop
      vertex 27.3076 -14.2736 -0.9
      vertex 27.006 -14.725 0.9
      vertex 27.006 -14.725 -0.9
    endloop
  endfacet
  facet normal -0.831483 -0.55555 0
    outer loop
      vertex 34.194 -14.725 -0.9
      vertex 33.8924 -14.2736 0.9
      vertex 33.8924 -14.2736 -0.9
    endloop
  endfacet
  facet normal -0.831483 -0.55555 0
    outer loop
      vertex 33.8924 -14.2736 0.9
      vertex 34.194 -14.725 -0.9
      vertex 34.194 -14.725 0.9
    endloop
  endfacet
  facet normal 0.751834 -0.659352 0
    outer loop
      vertex 27.3076 -14.2736 0.9
      vertex 27.6655 -13.8655 -0.9
      vertex 27.6655 -13.8655 0.9
    endloop
  endfacet
  facet normal 0.751834 -0.659352 0
    outer loop
      vertex 27.6655 -13.8655 -0.9
      vertex 27.3076 -14.2736 0.9
      vertex 27.3076 -14.2736 -0.9
    endloop
  endfacet
  facet normal 0.980786 0.195089 0
    outer loop
      vertex 26.5914 -17.8741 0.9
      vertex 26.4855 -17.3417 -0.9
      vertex 26.4855 -17.3417 0.9
    endloop
  endfacet
  facet normal 0.980786 0.195089 0
    outer loop
      vertex 26.4855 -17.3417 -0.9
      vertex 26.5914 -17.8741 0.9
      vertex 26.5914 -17.8741 -0.9
    endloop
  endfacet
  facet normal -0.321473 -0.946919 0
    outer loop
      vertex 31.6741 -12.7914 -0.9
      vertex 32.1881 -12.9659 0.9
      vertex 31.6741 -12.7914 0.9
    endloop
  endfacet
  facet normal -0.321473 -0.946919 -0
    outer loop
      vertex 32.1881 -12.9659 0.9
      vertex 31.6741 -12.7914 -0.9
      vertex 32.1881 -12.9659 -0.9
    endloop
  endfacet
  facet normal -0.896882 -0.44227 0
    outer loop
      vertex 34.4341 -15.2119 -0.9
      vertex 34.194 -14.725 0.9
      vertex 34.194 -14.725 -0.9
    endloop
  endfacet
  facet normal -0.896882 -0.44227 0
    outer loop
      vertex 34.194 -14.725 0.9
      vertex 34.4341 -15.2119 -0.9
      vertex 34.4341 -15.2119 0.9
    endloop
  endfacet
  facet normal 0.99786 0.0653942 0
    outer loop
      vertex 26.4855 -17.3417 0.9
      vertex 26.45 -16.8 -0.9
      vertex 26.45 -16.8 0.9
    endloop
  endfacet
  facet normal 0.99786 0.0653942 0
    outer loop
      vertex 26.45 -16.8 -0.9
      vertex 26.4855 -17.3417 0.9
      vertex 26.4855 -17.3417 -0.9
    endloop
  endfacet
  facet normal -0.55555 -0.831483 0
    outer loop
      vertex 32.675 -13.206 -0.9
      vertex 33.1264 -13.5076 0.9
      vertex 32.675 -13.206 0.9
    endloop
  endfacet
  facet normal -0.55555 -0.831483 -0
    outer loop
      vertex 33.1264 -13.5076 0.9
      vertex 32.675 -13.206 -0.9
      vertex 33.1264 -13.5076 -0.9
    endloop
  endfacet
  facet normal -0.55555 0.831483 0
    outer loop
      vertex 33.1264 -20.0924 -0.9
      vertex 32.675 -20.394 0.9
      vertex 33.1264 -20.0924 0.9
    endloop
  endfacet
  facet normal -0.55555 0.831483 0
    outer loop
      vertex 32.675 -20.394 0.9
      vertex 33.1264 -20.0924 -0.9
      vertex 32.675 -20.394 -0.9
    endloop
  endfacet
  facet normal -0.195089 0.980786 0
    outer loop
      vertex 31.6741 -20.8086 -0.9
      vertex 31.1417 -20.9145 0.9
      vertex 31.6741 -20.8086 0.9
    endloop
  endfacet
  facet normal -0.195089 0.980786 0
    outer loop
      vertex 31.1417 -20.9145 0.9
      vertex 31.6741 -20.8086 -0.9
      vertex 31.1417 -20.9145 -0.9
    endloop
  endfacet
  facet normal -0.896882 0.44227 0
    outer loop
      vertex 34.194 -18.875 -0.9
      vertex 34.4341 -18.3881 0.9
      vertex 34.4341 -18.3881 -0.9
    endloop
  endfacet
  facet normal -0.896882 0.44227 0
    outer loop
      vertex 34.4341 -18.3881 0.9
      vertex 34.194 -18.875 -0.9
      vertex 34.194 -18.875 0.9
    endloop
  endfacet
  facet normal -0.831483 0.55555 0
    outer loop
      vertex 33.8924 -19.3264 -0.9
      vertex 34.194 -18.875 0.9
      vertex 34.194 -18.875 -0.9
    endloop
  endfacet
  facet normal -0.831483 0.55555 0
    outer loop
      vertex 34.194 -18.875 0.9
      vertex 33.8924 -19.3264 -0.9
      vertex 33.8924 -19.3264 0.9
    endloop
  endfacet
  facet normal 0.44227 0.896882 -0
    outer loop
      vertex 29.0119 -20.6341 -0.9
      vertex 28.525 -20.394 0.9
      vertex 29.0119 -20.6341 0.9
    endloop
  endfacet
  facet normal 0.44227 0.896882 0
    outer loop
      vertex 28.525 -20.394 0.9
      vertex 29.0119 -20.6341 -0.9
      vertex 28.525 -20.394 -0.9
    endloop
  endfacet
  facet normal 0.44227 -0.896882 0
    outer loop
      vertex 28.525 -13.206 -0.9
      vertex 29.0119 -12.9659 0.9
      vertex 28.525 -13.206 0.9
    endloop
  endfacet
  facet normal 0.44227 -0.896882 0
    outer loop
      vertex 29.0119 -12.9659 0.9
      vertex 28.525 -13.206 -0.9
      vertex 29.0119 -12.9659 -0.9
    endloop
  endfacet
  facet normal 0.896882 0.44227 0
    outer loop
      vertex 27.006 -18.875 0.9
      vertex 26.7659 -18.3881 -0.9
      vertex 26.7659 -18.3881 0.9
    endloop
  endfacet
  facet normal 0.896882 0.44227 0
    outer loop
      vertex 26.7659 -18.3881 -0.9
      vertex 27.006 -18.875 0.9
      vertex 27.006 -18.875 -0.9
    endloop
  endfacet
  facet normal 0.659352 0.751834 -0
    outer loop
      vertex 28.0736 -20.0924 -0.9
      vertex 27.6655 -19.7345 0.9
      vertex 28.0736 -20.0924 0.9
    endloop
  endfacet
  facet normal 0.659352 0.751834 0
    outer loop
      vertex 27.6655 -19.7345 0.9
      vertex 28.0736 -20.0924 -0.9
      vertex 27.6655 -19.7345 -0.9
    endloop
  endfacet
  facet normal 0.831483 0.55555 0
    outer loop
      vertex 27.3076 -19.3264 0.9
      vertex 27.006 -18.875 -0.9
      vertex 27.006 -18.875 0.9
    endloop
  endfacet
  facet normal 0.831483 0.55555 0
    outer loop
      vertex 27.006 -18.875 -0.9
      vertex 27.3076 -19.3264 0.9
      vertex 27.3076 -19.3264 -0.9
    endloop
  endfacet
  facet normal -0.44227 0.896882 0
    outer loop
      vertex 32.675 -20.394 -0.9
      vertex 32.1881 -20.6341 0.9
      vertex 32.675 -20.394 0.9
    endloop
  endfacet
  facet normal -0.44227 0.896882 0
    outer loop
      vertex 32.1881 -20.6341 0.9
      vertex 32.675 -20.394 -0.9
      vertex 32.1881 -20.6341 -0.9
    endloop
  endfacet
  facet normal -0.44227 -0.896882 0
    outer loop
      vertex 32.1881 -12.9659 -0.9
      vertex 32.675 -13.206 0.9
      vertex 32.1881 -12.9659 0.9
    endloop
  endfacet
  facet normal -0.44227 -0.896882 -0
    outer loop
      vertex 32.675 -13.206 0.9
      vertex 32.1881 -12.9659 -0.9
      vertex 32.675 -13.206 -0.9
    endloop
  endfacet
  facet normal -0.195089 -0.980786 0
    outer loop
      vertex 31.1417 -12.6855 -0.9
      vertex 31.6741 -12.7914 0.9
      vertex 31.1417 -12.6855 0.9
    endloop
  endfacet
  facet normal -0.195089 -0.980786 -0
    outer loop
      vertex 31.6741 -12.7914 0.9
      vertex 31.1417 -12.6855 -0.9
      vertex 31.6741 -12.7914 -0.9
    endloop
  endfacet
  facet normal 0.195089 0.980786 -0
    outer loop
      vertex 30.0583 -20.9145 -0.9
      vertex 29.5259 -20.8086 0.9
      vertex 30.0583 -20.9145 0.9
    endloop
  endfacet
  facet normal 0.195089 0.980786 0
    outer loop
      vertex 29.5259 -20.8086 0.9
      vertex 30.0583 -20.9145 -0.9
      vertex 29.5259 -20.8086 -0.9
    endloop
  endfacet
  facet normal -0.751834 -0.659352 0
    outer loop
      vertex 33.8924 -14.2736 -0.9
      vertex 33.5345 -13.8655 0.9
      vertex 33.5345 -13.8655 -0.9
    endloop
  endfacet
  facet normal -0.751834 -0.659352 0
    outer loop
      vertex 33.5345 -13.8655 0.9
      vertex 33.8924 -14.2736 -0.9
      vertex 33.8924 -14.2736 0.9
    endloop
  endfacet
  facet normal -0.946919 -0.321473 0
    outer loop
      vertex 34.6086 -15.7259 -0.9
      vertex 34.4341 -15.2119 0.9
      vertex 34.4341 -15.2119 -0.9
    endloop
  endfacet
  facet normal -0.946919 -0.321473 0
    outer loop
      vertex 34.4341 -15.2119 0.9
      vertex 34.6086 -15.7259 -0.9
      vertex 34.6086 -15.7259 0.9
    endloop
  endfacet
  facet normal 0.321473 -0.946919 0
    outer loop
      vertex 29.0119 -12.9659 -0.9
      vertex 29.5259 -12.7914 0.9
      vertex 29.0119 -12.9659 0.9
    endloop
  endfacet
  facet normal 0.321473 -0.946919 0
    outer loop
      vertex 29.5259 -12.7914 0.9
      vertex 29.0119 -12.9659 -0.9
      vertex 29.5259 -12.7914 -0.9
    endloop
  endfacet
  facet normal 0.751834 0.659352 0
    outer loop
      vertex 27.6655 -19.7345 0.9
      vertex 27.3076 -19.3264 -0.9
      vertex 27.3076 -19.3264 0.9
    endloop
  endfacet
  facet normal 0.751834 0.659352 0
    outer loop
      vertex 27.3076 -19.3264 -0.9
      vertex 27.6655 -19.7345 0.9
      vertex 27.6655 -19.7345 -0.9
    endloop
  endfacet
  facet normal 0.195089 -0.980786 0
    outer loop
      vertex 29.5259 -12.7914 -0.9
      vertex 30.0583 -12.6855 0.9
      vertex 29.5259 -12.7914 0.9
    endloop
  endfacet
  facet normal 0.195089 -0.980786 0
    outer loop
      vertex 30.0583 -12.6855 0.9
      vertex 29.5259 -12.7914 -0.9
      vertex 30.0583 -12.6855 -0.9
    endloop
  endfacet
  facet normal 0.0653942 -0.99786 0
    outer loop
      vertex 30.0583 -12.6855 -0.9
      vertex 30.6 -12.65 0.9
      vertex 30.0583 -12.6855 0.9
    endloop
  endfacet
  facet normal 0.0653942 -0.99786 0
    outer loop
      vertex 30.6 -12.65 0.9
      vertex 30.0583 -12.6855 -0.9
      vertex 30.6 -12.65 -0.9
    endloop
  endfacet
  facet normal 0.946919 -0.321473 0
    outer loop
      vertex 26.5914 -15.7259 0.9
      vertex 26.7659 -15.2119 -0.9
      vertex 26.7659 -15.2119 0.9
    endloop
  endfacet
  facet normal 0.946919 -0.321473 0
    outer loop
      vertex 26.7659 -15.2119 -0.9
      vertex 26.5914 -15.7259 0.9
      vertex 26.5914 -15.7259 -0.9
    endloop
  endfacet
  facet normal -0.659352 0.751834 0
    outer loop
      vertex 33.5345 -19.7345 -0.9
      vertex 33.1264 -20.0924 0.9
      vertex 33.5345 -19.7345 0.9
    endloop
  endfacet
  facet normal -0.659352 0.751834 0
    outer loop
      vertex 33.1264 -20.0924 0.9
      vertex 33.5345 -19.7345 -0.9
      vertex 33.1264 -20.0924 -0.9
    endloop
  endfacet
  facet normal -0.751834 0.659352 0
    outer loop
      vertex 33.5345 -19.7345 -0.9
      vertex 33.8924 -19.3264 0.9
      vertex 33.8924 -19.3264 -0.9
    endloop
  endfacet
  facet normal -0.751834 0.659352 0
    outer loop
      vertex 33.8924 -19.3264 0.9
      vertex 33.5345 -19.7345 -0.9
      vertex 33.5345 -19.7345 0.9
    endloop
  endfacet
  facet normal -0.659352 -0.751834 0
    outer loop
      vertex 53.5264 -13.5076 -0.9
      vertex 53.9345 -13.8655 0.9
      vertex 53.5264 -13.5076 0.9
    endloop
  endfacet
  facet normal -0.659352 -0.751834 -0
    outer loop
      vertex 53.9345 -13.8655 0.9
      vertex 53.5264 -13.5076 -0.9
      vertex 53.9345 -13.8655 -0.9
    endloop
  endfacet
  facet normal -0.44227 -0.896882 0
    outer loop
      vertex 52.5881 -12.9659 -0.9
      vertex 53.075 -13.206 0.9
      vertex 52.5881 -12.9659 0.9
    endloop
  endfacet
  facet normal -0.44227 -0.896882 -0
    outer loop
      vertex 53.075 -13.206 0.9
      vertex 52.5881 -12.9659 -0.9
      vertex 53.075 -13.206 -0.9
    endloop
  endfacet
  facet normal -0.980786 -0.195089 0
    outer loop
      vertex 55.1145 -16.2583 -0.9
      vertex 55.0086 -15.7259 0.9
      vertex 55.0086 -15.7259 -0.9
    endloop
  endfacet
  facet normal -0.980786 -0.195089 0
    outer loop
      vertex 55.0086 -15.7259 0.9
      vertex 55.1145 -16.2583 -0.9
      vertex 55.1145 -16.2583 0.9
    endloop
  endfacet
  facet normal -0.99786 -0.0653942 0
    outer loop
      vertex 55.15 -16.8 -0.9
      vertex 55.1145 -16.2583 0.9
      vertex 55.1145 -16.2583 -0.9
    endloop
  endfacet
  facet normal -0.99786 -0.0653942 0
    outer loop
      vertex 55.1145 -16.2583 0.9
      vertex 55.15 -16.8 -0.9
      vertex 55.15 -16.8 0.9
    endloop
  endfacet
  facet normal -0.946919 -0.321473 0
    outer loop
      vertex 55.0086 -15.7259 -0.9
      vertex 54.8341 -15.2119 0.9
      vertex 54.8341 -15.2119 -0.9
    endloop
  endfacet
  facet normal -0.946919 -0.321473 0
    outer loop
      vertex 54.8341 -15.2119 0.9
      vertex 55.0086 -15.7259 -0.9
      vertex 55.0086 -15.7259 0.9
    endloop
  endfacet
  facet normal -0.99786 0.0653942 0
    outer loop
      vertex 55.1145 -17.3417 -0.9
      vertex 55.15 -16.8 0.9
      vertex 55.15 -16.8 -0.9
    endloop
  endfacet
  facet normal -0.99786 0.0653942 0
    outer loop
      vertex 55.15 -16.8 0.9
      vertex 55.1145 -17.3417 -0.9
      vertex 55.1145 -17.3417 0.9
    endloop
  endfacet
  facet normal 0.321473 -0.946919 0
    outer loop
      vertex 49.4119 -12.9659 -0.9
      vertex 49.9259 -12.7914 0.9
      vertex 49.4119 -12.9659 0.9
    endloop
  endfacet
  facet normal 0.321473 -0.946919 0
    outer loop
      vertex 49.9259 -12.7914 0.9
      vertex 49.4119 -12.9659 -0.9
      vertex 49.9259 -12.7914 -0.9
    endloop
  endfacet
  facet normal -0.44227 0.896882 0
    outer loop
      vertex 53.075 -20.394 -0.9
      vertex 52.5881 -20.6341 0.9
      vertex 53.075 -20.394 0.9
    endloop
  endfacet
  facet normal -0.44227 0.896882 0
    outer loop
      vertex 52.5881 -20.6341 0.9
      vertex 53.075 -20.394 -0.9
      vertex 52.5881 -20.6341 -0.9
    endloop
  endfacet
  facet normal 0.659352 0.751834 -0
    outer loop
      vertex 48.4736 -20.0924 -0.9
      vertex 48.0655 -19.7345 0.9
      vertex 48.4736 -20.0924 0.9
    endloop
  endfacet
  facet normal 0.659352 0.751834 0
    outer loop
      vertex 48.0655 -19.7345 0.9
      vertex 48.4736 -20.0924 -0.9
      vertex 48.0655 -19.7345 -0.9
    endloop
  endfacet
  facet normal 0.0653942 -0.99786 0
    outer loop
      vertex 50.4583 -12.6855 -0.9
      vertex 51 -12.65 0.9
      vertex 50.4583 -12.6855 0.9
    endloop
  endfacet
  facet normal 0.0653942 -0.99786 0
    outer loop
      vertex 51 -12.65 0.9
      vertex 50.4583 -12.6855 -0.9
      vertex 51 -12.65 -0.9
    endloop
  endfacet
  facet normal -0.896882 -0.44227 0
    outer loop
      vertex 54.8341 -15.2119 -0.9
      vertex 54.594 -14.725 0.9
      vertex 54.594 -14.725 -0.9
    endloop
  endfacet
  facet normal -0.896882 -0.44227 0
    outer loop
      vertex 54.594 -14.725 0.9
      vertex 54.8341 -15.2119 -0.9
      vertex 54.8341 -15.2119 0.9
    endloop
  endfacet
  facet normal -0.321473 -0.946919 0
    outer loop
      vertex 52.0741 -12.7914 -0.9
      vertex 52.5881 -12.9659 0.9
      vertex 52.0741 -12.7914 0.9
    endloop
  endfacet
  facet normal -0.321473 -0.946919 -0
    outer loop
      vertex 52.5881 -12.9659 0.9
      vertex 52.0741 -12.7914 -0.9
      vertex 52.5881 -12.9659 -0.9
    endloop
  endfacet
  facet normal -0.946919 0.321473 0
    outer loop
      vertex 54.8341 -18.3881 -0.9
      vertex 55.0086 -17.8741 0.9
      vertex 55.0086 -17.8741 -0.9
    endloop
  endfacet
  facet normal -0.946919 0.321473 0
    outer loop
      vertex 55.0086 -17.8741 0.9
      vertex 54.8341 -18.3881 -0.9
      vertex 54.8341 -18.3881 0.9
    endloop
  endfacet
  facet normal 0.946919 -0.321473 0
    outer loop
      vertex 46.9914 -15.7259 0.9
      vertex 47.1659 -15.2119 -0.9
      vertex 47.1659 -15.2119 0.9
    endloop
  endfacet
  facet normal 0.946919 -0.321473 0
    outer loop
      vertex 47.1659 -15.2119 -0.9
      vertex 46.9914 -15.7259 0.9
      vertex 46.9914 -15.7259 -0.9
    endloop
  endfacet
  facet normal -0.0653942 -0.99786 0
    outer loop
      vertex 51 -12.65 -0.9
      vertex 51.5417 -12.6855 0.9
      vertex 51 -12.65 0.9
    endloop
  endfacet
  facet normal -0.0653942 -0.99786 -0
    outer loop
      vertex 51.5417 -12.6855 0.9
      vertex 51 -12.65 -0.9
      vertex 51.5417 -12.6855 -0.9
    endloop
  endfacet
  facet normal 0.896882 -0.44227 0
    outer loop
      vertex 47.1659 -15.2119 0.9
      vertex 47.406 -14.725 -0.9
      vertex 47.406 -14.725 0.9
    endloop
  endfacet
  facet normal 0.896882 -0.44227 0
    outer loop
      vertex 47.406 -14.725 -0.9
      vertex 47.1659 -15.2119 0.9
      vertex 47.1659 -15.2119 -0.9
    endloop
  endfacet
  facet normal -0.831483 0.55555 0
    outer loop
      vertex 54.2924 -19.3264 -0.9
      vertex 54.594 -18.875 0.9
      vertex 54.594 -18.875 -0.9
    endloop
  endfacet
  facet normal -0.831483 0.55555 0
    outer loop
      vertex 54.594 -18.875 0.9
      vertex 54.2924 -19.3264 -0.9
      vertex 54.2924 -19.3264 0.9
    endloop
  endfacet
  facet normal 0.980786 -0.195089 0
    outer loop
      vertex 46.8855 -16.2583 0.9
      vertex 46.9914 -15.7259 -0.9
      vertex 46.9914 -15.7259 0.9
    endloop
  endfacet
  facet normal 0.980786 -0.195089 0
    outer loop
      vertex 46.9914 -15.7259 -0.9
      vertex 46.8855 -16.2583 0.9
      vertex 46.8855 -16.2583 -0.9
    endloop
  endfacet
  facet normal -0.55555 0.831483 0
    outer loop
      vertex 53.5264 -20.0924 -0.9
      vertex 53.075 -20.394 0.9
      vertex 53.5264 -20.0924 0.9
    endloop
  endfacet
  facet normal -0.55555 0.831483 0
    outer loop
      vertex 53.075 -20.394 0.9
      vertex 53.5264 -20.0924 -0.9
      vertex 53.075 -20.394 -0.9
    endloop
  endfacet
  facet normal 0.980786 0.195089 0
    outer loop
      vertex 46.9914 -17.8741 0.9
      vertex 46.8855 -17.3417 -0.9
      vertex 46.8855 -17.3417 0.9
    endloop
  endfacet
  facet normal 0.980786 0.195089 0
    outer loop
      vertex 46.8855 -17.3417 -0.9
      vertex 46.9914 -17.8741 0.9
      vertex 46.9914 -17.8741 -0.9
    endloop
  endfacet
  facet normal 0.751834 -0.659352 0
    outer loop
      vertex 47.7076 -14.2736 0.9
      vertex 48.0655 -13.8655 -0.9
      vertex 48.0655 -13.8655 0.9
    endloop
  endfacet
  facet normal 0.751834 -0.659352 0
    outer loop
      vertex 48.0655 -13.8655 -0.9
      vertex 47.7076 -14.2736 0.9
      vertex 47.7076 -14.2736 -0.9
    endloop
  endfacet
  facet normal -0.55555 -0.831483 0
    outer loop
      vertex 53.075 -13.206 -0.9
      vertex 53.5264 -13.5076 0.9
      vertex 53.075 -13.206 0.9
    endloop
  endfacet
  facet normal -0.55555 -0.831483 -0
    outer loop
      vertex 53.5264 -13.5076 0.9
      vertex 53.075 -13.206 -0.9
      vertex 53.5264 -13.5076 -0.9
    endloop
  endfacet
  facet normal -0.896882 0.44227 0
    outer loop
      vertex 54.594 -18.875 -0.9
      vertex 54.8341 -18.3881 0.9
      vertex 54.8341 -18.3881 -0.9
    endloop
  endfacet
  facet normal -0.896882 0.44227 0
    outer loop
      vertex 54.8341 -18.3881 0.9
      vertex 54.594 -18.875 -0.9
      vertex 54.594 -18.875 0.9
    endloop
  endfacet
  facet normal -0.831483 -0.55555 0
    outer loop
      vertex 54.594 -14.725 -0.9
      vertex 54.2924 -14.2736 0.9
      vertex 54.2924 -14.2736 -0.9
    endloop
  endfacet
  facet normal -0.831483 -0.55555 0
    outer loop
      vertex 54.2924 -14.2736 0.9
      vertex 54.594 -14.725 -0.9
      vertex 54.594 -14.725 0.9
    endloop
  endfacet
  facet normal -0.195089 0.980786 0
    outer loop
      vertex 52.0741 -20.8086 -0.9
      vertex 51.5417 -20.9145 0.9
      vertex 52.0741 -20.8086 0.9
    endloop
  endfacet
  facet normal -0.195089 0.980786 0
    outer loop
      vertex 51.5417 -20.9145 0.9
      vertex 52.0741 -20.8086 -0.9
      vertex 51.5417 -20.9145 -0.9
    endloop
  endfacet
  facet normal -0.980786 0.195089 0
    outer loop
      vertex 55.0086 -17.8741 -0.9
      vertex 55.1145 -17.3417 0.9
      vertex 55.1145 -17.3417 -0.9
    endloop
  endfacet
  facet normal -0.980786 0.195089 0
    outer loop
      vertex 55.1145 -17.3417 0.9
      vertex 55.0086 -17.8741 -0.9
      vertex 55.0086 -17.8741 0.9
    endloop
  endfacet
  facet normal 0.0653942 0.99786 -0
    outer loop
      vertex 51 -20.95 -0.9
      vertex 50.4583 -20.9145 0.9
      vertex 51 -20.95 0.9
    endloop
  endfacet
  facet normal 0.0653942 0.99786 0
    outer loop
      vertex 50.4583 -20.9145 0.9
      vertex 51 -20.95 -0.9
      vertex 50.4583 -20.9145 -0.9
    endloop
  endfacet
  facet normal 0.44227 -0.896882 0
    outer loop
      vertex 48.925 -13.206 -0.9
      vertex 49.4119 -12.9659 0.9
      vertex 48.925 -13.206 0.9
    endloop
  endfacet
  facet normal 0.44227 -0.896882 0
    outer loop
      vertex 49.4119 -12.9659 0.9
      vertex 48.925 -13.206 -0.9
      vertex 49.4119 -12.9659 -0.9
    endloop
  endfacet
  facet normal 0.831483 0.55555 0
    outer loop
      vertex 47.7076 -19.3264 0.9
      vertex 47.406 -18.875 -0.9
      vertex 47.406 -18.875 0.9
    endloop
  endfacet
  facet normal 0.831483 0.55555 0
    outer loop
      vertex 47.406 -18.875 -0.9
      vertex 47.7076 -19.3264 0.9
      vertex 47.7076 -19.3264 -0.9
    endloop
  endfacet
  facet normal 0.44227 0.896882 -0
    outer loop
      vertex 49.4119 -20.6341 -0.9
      vertex 48.925 -20.394 0.9
      vertex 49.4119 -20.6341 0.9
    endloop
  endfacet
  facet normal 0.44227 0.896882 0
    outer loop
      vertex 48.925 -20.394 0.9
      vertex 49.4119 -20.6341 -0.9
      vertex 48.925 -20.394 -0.9
    endloop
  endfacet
  facet normal 0.195089 0.980786 -0
    outer loop
      vertex 50.4583 -20.9145 -0.9
      vertex 49.9259 -20.8086 0.9
      vertex 50.4583 -20.9145 0.9
    endloop
  endfacet
  facet normal 0.195089 0.980786 0
    outer loop
      vertex 49.9259 -20.8086 0.9
      vertex 50.4583 -20.9145 -0.9
      vertex 49.9259 -20.8086 -0.9
    endloop
  endfacet
  facet normal -0.321473 0.946919 0
    outer loop
      vertex 52.5881 -20.6341 -0.9
      vertex 52.0741 -20.8086 0.9
      vertex 52.5881 -20.6341 0.9
    endloop
  endfacet
  facet normal -0.321473 0.946919 0
    outer loop
      vertex 52.0741 -20.8086 0.9
      vertex 52.5881 -20.6341 -0.9
      vertex 52.0741 -20.8086 -0.9
    endloop
  endfacet
  facet normal -0.0653942 0.99786 0
    outer loop
      vertex 51.5417 -20.9145 -0.9
      vertex 51 -20.95 0.9
      vertex 51.5417 -20.9145 0.9
    endloop
  endfacet
  facet normal -0.0653942 0.99786 0
    outer loop
      vertex 51 -20.95 0.9
      vertex 51.5417 -20.9145 -0.9
      vertex 51 -20.95 -0.9
    endloop
  endfacet
  facet normal 0.55555 -0.831483 0
    outer loop
      vertex 48.4736 -13.5076 -0.9
      vertex 48.925 -13.206 0.9
      vertex 48.4736 -13.5076 0.9
    endloop
  endfacet
  facet normal 0.55555 -0.831483 0
    outer loop
      vertex 48.925 -13.206 0.9
      vertex 48.4736 -13.5076 -0.9
      vertex 48.925 -13.206 -0.9
    endloop
  endfacet
  facet normal 0.659352 -0.751834 0
    outer loop
      vertex 48.0655 -13.8655 -0.9
      vertex 48.4736 -13.5076 0.9
      vertex 48.0655 -13.8655 0.9
    endloop
  endfacet
  facet normal 0.659352 -0.751834 0
    outer loop
      vertex 48.4736 -13.5076 0.9
      vertex 48.0655 -13.8655 -0.9
      vertex 48.4736 -13.5076 -0.9
    endloop
  endfacet
  facet normal -0.659352 0.751834 0
    outer loop
      vertex 53.9345 -19.7345 -0.9
      vertex 53.5264 -20.0924 0.9
      vertex 53.9345 -19.7345 0.9
    endloop
  endfacet
  facet normal -0.659352 0.751834 0
    outer loop
      vertex 53.5264 -20.0924 0.9
      vertex 53.9345 -19.7345 -0.9
      vertex 53.5264 -20.0924 -0.9
    endloop
  endfacet
  facet normal -0.751834 -0.659352 0
    outer loop
      vertex 54.2924 -14.2736 -0.9
      vertex 53.9345 -13.8655 0.9
      vertex 53.9345 -13.8655 -0.9
    endloop
  endfacet
  facet normal -0.751834 -0.659352 0
    outer loop
      vertex 53.9345 -13.8655 0.9
      vertex 54.2924 -14.2736 -0.9
      vertex 54.2924 -14.2736 0.9
    endloop
  endfacet
  facet normal -0.195089 -0.980786 0
    outer loop
      vertex 51.5417 -12.6855 -0.9
      vertex 52.0741 -12.7914 0.9
      vertex 51.5417 -12.6855 0.9
    endloop
  endfacet
  facet normal -0.195089 -0.980786 -0
    outer loop
      vertex 52.0741 -12.7914 0.9
      vertex 51.5417 -12.6855 -0.9
      vertex 52.0741 -12.7914 -0.9
    endloop
  endfacet
  facet normal 0.946919 0.321473 0
    outer loop
      vertex 47.1659 -18.3881 0.9
      vertex 46.9914 -17.8741 -0.9
      vertex 46.9914 -17.8741 0.9
    endloop
  endfacet
  facet normal 0.946919 0.321473 0
    outer loop
      vertex 46.9914 -17.8741 -0.9
      vertex 47.1659 -18.3881 0.9
      vertex 47.1659 -18.3881 -0.9
    endloop
  endfacet
  facet normal 0.321473 0.946919 -0
    outer loop
      vertex 49.9259 -20.8086 -0.9
      vertex 49.4119 -20.6341 0.9
      vertex 49.9259 -20.8086 0.9
    endloop
  endfacet
  facet normal 0.321473 0.946919 0
    outer loop
      vertex 49.4119 -20.6341 0.9
      vertex 49.9259 -20.8086 -0.9
      vertex 49.4119 -20.6341 -0.9
    endloop
  endfacet
  facet normal 0.896882 0.44227 0
    outer loop
      vertex 47.406 -18.875 0.9
      vertex 47.1659 -18.3881 -0.9
      vertex 47.1659 -18.3881 0.9
    endloop
  endfacet
  facet normal 0.896882 0.44227 0
    outer loop
      vertex 47.1659 -18.3881 -0.9
      vertex 47.406 -18.875 0.9
      vertex 47.406 -18.875 -0.9
    endloop
  endfacet
  facet normal 0.195089 -0.980786 0
    outer loop
      vertex 49.9259 -12.7914 -0.9
      vertex 50.4583 -12.6855 0.9
      vertex 49.9259 -12.7914 0.9
    endloop
  endfacet
  facet normal 0.195089 -0.980786 0
    outer loop
      vertex 50.4583 -12.6855 0.9
      vertex 49.9259 -12.7914 -0.9
      vertex 50.4583 -12.6855 -0.9
    endloop
  endfacet
  facet normal 0.99786 0.0653942 0
    outer loop
      vertex 46.8855 -17.3417 0.9
      vertex 46.85 -16.8 -0.9
      vertex 46.85 -16.8 0.9
    endloop
  endfacet
  facet normal 0.99786 0.0653942 0
    outer loop
      vertex 46.85 -16.8 -0.9
      vertex 46.8855 -17.3417 0.9
      vertex 46.8855 -17.3417 -0.9
    endloop
  endfacet
  facet normal 0.751834 0.659352 0
    outer loop
      vertex 48.0655 -19.7345 0.9
      vertex 47.7076 -19.3264 -0.9
      vertex 47.7076 -19.3264 0.9
    endloop
  endfacet
  facet normal 0.751834 0.659352 0
    outer loop
      vertex 47.7076 -19.3264 -0.9
      vertex 48.0655 -19.7345 0.9
      vertex 48.0655 -19.7345 -0.9
    endloop
  endfacet
  facet normal -0.751834 0.659352 0
    outer loop
      vertex 53.9345 -19.7345 -0.9
      vertex 54.2924 -19.3264 0.9
      vertex 54.2924 -19.3264 -0.9
    endloop
  endfacet
  facet normal -0.751834 0.659352 0
    outer loop
      vertex 54.2924 -19.3264 0.9
      vertex 53.9345 -19.7345 -0.9
      vertex 53.9345 -19.7345 0.9
    endloop
  endfacet
  facet normal 0.99786 -0.0653942 0
    outer loop
      vertex 46.85 -16.8 0.9
      vertex 46.8855 -16.2583 -0.9
      vertex 46.8855 -16.2583 0.9
    endloop
  endfacet
  facet normal 0.99786 -0.0653942 0
    outer loop
      vertex 46.8855 -16.2583 -0.9
      vertex 46.85 -16.8 0.9
      vertex 46.85 -16.8 -0.9
    endloop
  endfacet
  facet normal 0.831483 -0.55555 0
    outer loop
      vertex 47.406 -14.725 0.9
      vertex 47.7076 -14.2736 -0.9
      vertex 47.7076 -14.2736 0.9
    endloop
  endfacet
  facet normal 0.831483 -0.55555 0
    outer loop
      vertex 47.7076 -14.2736 -0.9
      vertex 47.406 -14.725 0.9
      vertex 47.406 -14.725 -0.9
    endloop
  endfacet
  facet normal 0.55555 0.831483 -0
    outer loop
      vertex 48.925 -20.394 -0.9
      vertex 48.4736 -20.0924 0.9
      vertex 48.925 -20.394 0.9
    endloop
  endfacet
  facet normal 0.55555 0.831483 0
    outer loop
      vertex 48.4736 -20.0924 0.9
      vertex 48.925 -20.394 -0.9
      vertex 48.4736 -20.0924 -0.9
    endloop
  endfacet
  facet normal -0.866019 -0.500011 0
    outer loop
      vertex 61.2 -12.4 -0.9
      vertex 61.7 -13.266 0.9
      vertex 61.2 -12.4 0.9
    endloop
  endfacet
  facet normal -0.866026 -0.499999 7.80007e-06
    outer loop
      vertex 65.0105 -19 -0.9
      vertex 61.7 -13.266 0.9
      vertex 61.2 -12.4 -0.9
    endloop
  endfacet
  facet normal -0.866027 -0.499997 -0
    outer loop
      vertex 65.0105 -19 1.5
      vertex 61.7 -13.266 0.9
      vertex 65.0105 -19 -0.9
    endloop
  endfacet
  facet normal -0.866027 -0.499997 0
    outer loop
      vertex 61.7 -13.266 0.9
      vertex 65.0105 -19 1.5
      vertex 61.7 -13.266 1.5
    endloop
  endfacet
  facet normal 0.866026 -0.499999 0
    outer loop
      vertex 57.3895 -19 0.9
      vertex 61.2 -12.4 -0.9
      vertex 61.2 -12.4 0.9
    endloop
  endfacet
  facet normal 0.866026 -0.499999 0
    outer loop
      vertex 61.2 -12.4 -0.9
      vertex 57.3895 -19 0.9
      vertex 57.3895 -19 -0.9
    endloop
  endfacet
  facet normal 0 1 0
    outer loop
      vertex 65.0105 -19 1.5
      vertex 61.7 -19 0.9
      vertex 61.7 -19 1.5
    endloop
  endfacet
  facet normal 0 1 -0
    outer loop
      vertex 65.0105 -19 -0.9
      vertex 61.7 -19 0.9
      vertex 65.0105 -19 1.5
    endloop
  endfacet
  facet normal 0 1 0
    outer loop
      vertex 57.3895 -19 -0.9
      vertex 61.7 -19 0.9
      vertex 65.0105 -19 -0.9
    endloop
  endfacet
  facet normal 0 1 0
    outer loop
      vertex 61.7 -19 0.9
      vertex 57.3895 -19 -0.9
      vertex 57.3895 -19 0.9
    endloop
  endfacet
  facet normal 0.866026 -0.499999 0
    outer loop
      vertex -54.8105 -7.8 0.9
      vertex -51 -1.2 -0.9
      vertex -51 -1.2 0.9
    endloop
  endfacet
  facet normal 0.866026 -0.499999 0
    outer loop
      vertex -51 -1.2 -0.9
      vertex -54.8105 -7.8 0.9
      vertex -54.8105 -7.8 -0.9
    endloop
  endfacet
  facet normal 0 1 -0
    outer loop
      vertex -47.1895 -7.8 -0.9
      vertex -54.8105 -7.8 0.9
      vertex -47.1895 -7.8 0.9
    endloop
  endfacet
  facet normal 0 1 0
    outer loop
      vertex -54.8105 -7.8 0.9
      vertex -47.1895 -7.8 -0.9
      vertex -54.8105 -7.8 -0.9
    endloop
  endfacet
  facet normal -0.866026 -0.499999 0
    outer loop
      vertex -47.1895 -7.8 -0.9
      vertex -51 -1.2 0.9
      vertex -51 -1.2 -0.9
    endloop
  endfacet
  facet normal -0.866026 -0.499999 0
    outer loop
      vertex -51 -1.2 0.9
      vertex -47.1895 -7.8 -0.9
      vertex -47.1895 -7.8 0.9
    endloop
  endfacet
  facet normal -1 0 0
    outer loop
      vertex -36.5 -9.9 -0.9
      vertex -36.5 -1.3 0.9
      vertex -36.5 -1.3 -0.9
    endloop
  endfacet
  facet normal -1 -0 0
    outer loop
      vertex -36.5 -1.3 0.9
      vertex -36.5 -9.9 -0.9
      vertex -36.5 -9.9 0.9
    endloop
  endfacet
  facet normal 1 -0 0
    outer loop
      vertex -45.1 -9.9 0.9
      vertex -45.1 -1.3 -0.9
      vertex -45.1 -1.3 0.9
    endloop
  endfacet
  facet normal 1 0 0
    outer loop
      vertex -45.1 -1.3 -0.9
      vertex -45.1 -9.9 0.9
      vertex -45.1 -9.9 -0.9
    endloop
  endfacet
  facet normal 0 -1 0
    outer loop
      vertex -45.1 -1.3 -0.9
      vertex -36.5 -1.3 0.9
      vertex -45.1 -1.3 0.9
    endloop
  endfacet
  facet normal 0 -1 -0
    outer loop
      vertex -36.5 -1.3 0.9
      vertex -45.1 -1.3 -0.9
      vertex -36.5 -1.3 -0.9
    endloop
  endfacet
  facet normal 0 1 -0
    outer loop
      vertex -36.5 -9.9 -0.9
      vertex -45.1 -9.9 0.9
      vertex -36.5 -9.9 0.9
    endloop
  endfacet
  facet normal 0 1 0
    outer loop
      vertex -45.1 -9.9 0.9
      vertex -36.5 -9.9 -0.9
      vertex -45.1 -9.9 -0.9
    endloop
  endfacet
  facet normal -0.980787 -0.195082 0
    outer loop
      vertex -16.2855 -5.05832 -0.9
      vertex -16.3914 -4.5259 0.9
      vertex -16.3914 -4.5259 -0.9
    endloop
  endfacet
  facet normal -0.980787 -0.195082 0
    outer loop
      vertex -16.3914 -4.5259 0.9
      vertex -16.2855 -5.05832 -0.9
      vertex -16.2855 -5.05832 0.9
    endloop
  endfacet
  facet normal -0.997859 -0.0653966 0
    outer loop
      vertex -16.25 -5.6 -0.9
      vertex -16.2855 -5.05832 0.9
      vertex -16.2855 -5.05832 -0.9
    endloop
  endfacet
  facet normal -0.997859 -0.0653966 0
    outer loop
      vertex -16.2855 -5.05832 0.9
      vertex -16.25 -5.6 -0.9
      vertex -16.25 -5.6 0.9
    endloop
  endfacet
  facet normal 0.195106 0.980782 -0
    outer loop
      vertex -20.9417 -9.7145 -0.9
      vertex -21.4741 -9.60859 0.9
      vertex -20.9417 -9.7145 0.9
    endloop
  endfacet
  facet normal 0.195106 0.980782 0
    outer loop
      vertex -21.4741 -9.60859 0.9
      vertex -20.9417 -9.7145 -0.9
      vertex -21.4741 -9.60859 -0.9
    endloop
  endfacet
  facet normal -0.659383 -0.751807 0
    outer loop
      vertex -17.8736 -2.30758 -0.9
      vertex -17.4655 -2.66551 0.9
      vertex -17.8736 -2.30758 0.9
    endloop
  endfacet
  facet normal -0.659383 -0.751807 -0
    outer loop
      vertex -17.4655 -2.66551 0.9
      vertex -17.8736 -2.30758 -0.9
      vertex -17.4655 -2.66551 -0.9
    endloop
  endfacet
  facet normal 0.321457 0.946924 -0
    outer loop
      vertex -21.4741 -9.60859 -0.9
      vertex -21.9881 -9.4341 0.9
      vertex -21.4741 -9.60859 0.9
    endloop
  endfacet
  facet normal 0.321457 0.946924 0
    outer loop
      vertex -21.9881 -9.4341 0.9
      vertex -21.4741 -9.60859 -0.9
      vertex -21.9881 -9.4341 -0.9
    endloop
  endfacet
  facet normal -0.195106 0.980782 0
    outer loop
      vertex -19.3259 -9.60859 -0.9
      vertex -19.8583 -9.7145 0.9
      vertex -19.3259 -9.60859 0.9
    endloop
  endfacet
  facet normal -0.195106 0.980782 0
    outer loop
      vertex -19.8583 -9.7145 0.9
      vertex -19.3259 -9.60859 -0.9
      vertex -19.8583 -9.7145 -0.9
    endloop
  endfacet
  facet normal 0.751858 0.659325 0
    outer loop
      vertex -23.3345 -8.53449 0.9
      vertex -23.6924 -8.12636 -0.9
      vertex -23.6924 -8.12636 0.9
    endloop
  endfacet
  facet normal 0.751858 0.659325 0
    outer loop
      vertex -23.6924 -8.12636 -0.9
      vertex -23.3345 -8.53449 0.9
      vertex -23.3345 -8.53449 -0.9
    endloop
  endfacet
  facet normal -0.980787 0.195082 0
    outer loop
      vertex -16.3914 -6.6741 -0.9
      vertex -16.2855 -6.14168 0.9
      vertex -16.2855 -6.14168 -0.9
    endloop
  endfacet
  facet normal -0.980787 0.195082 0
    outer loop
      vertex -16.2855 -6.14168 0.9
      vertex -16.3914 -6.6741 -0.9
      vertex -16.3914 -6.6741 0.9
    endloop
  endfacet
  facet normal -0.997859 0.0653966 0
    outer loop
      vertex -16.2855 -6.14168 -0.9
      vertex -16.25 -5.6 0.9
      vertex -16.25 -5.6 -0.9
    endloop
  endfacet
  facet normal -0.997859 0.0653966 0
    outer loop
      vertex -16.25 -5.6 0.9
      vertex -16.2855 -6.14168 -0.9
      vertex -16.2855 -6.14168 0.9
    endloop
  endfacet
  facet normal -0.442255 0.896889 0
    outer loop
      vertex -18.325 -9.19401 -0.9
      vertex -18.8119 -9.4341 0.9
      vertex -18.325 -9.19401 0.9
    endloop
  endfacet
  facet normal -0.442255 0.896889 0
    outer loop
      vertex -18.8119 -9.4341 0.9
      vertex -18.325 -9.19401 -0.9
      vertex -18.8119 -9.4341 -0.9
    endloop
  endfacet
  facet normal -0.83146 -0.555584 0
    outer loop
      vertex -16.806 -3.525 -0.9
      vertex -17.1076 -3.07364 0.9
      vertex -17.1076 -3.07364 -0.9
    endloop
  endfacet
  facet normal -0.83146 -0.555584 0
    outer loop
      vertex -17.1076 -3.07364 0.9
      vertex -16.806 -3.525 -0.9
      vertex -16.806 -3.525 0.9
    endloop
  endfacet
  facet normal 0.946926 -0.321451 0
    outer loop
      vertex -24.4086 -4.5259 0.9
      vertex -24.2341 -4.01186 -0.9
      vertex -24.2341 -4.01186 0.9
    endloop
  endfacet
  facet normal 0.946926 -0.321451 0
    outer loop
      vertex -24.2341 -4.01186 -0.9
      vertex -24.4086 -4.5259 0.9
      vertex -24.4086 -4.5259 -0.9
    endloop
  endfacet
  facet normal -0.195106 -0.980782 0
    outer loop
      vertex -19.8583 -1.4855 -0.9
      vertex -19.3259 -1.59141 0.9
      vertex -19.8583 -1.4855 0.9
    endloop
  endfacet
  facet normal -0.195106 -0.980782 -0
    outer loop
      vertex -19.3259 -1.59141 0.9
      vertex -19.8583 -1.4855 -0.9
      vertex -19.3259 -1.59141 -0.9
    endloop
  endfacet
  facet normal 0.555537 0.831492 -0
    outer loop
      vertex -22.475 -9.19401 -0.9
      vertex -22.9264 -8.89242 0.9
      vertex -22.475 -9.19401 0.9
    endloop
  endfacet
  facet normal 0.555537 0.831492 0
    outer loop
      vertex -22.9264 -8.89242 0.9
      vertex -22.475 -9.19401 -0.9
      vertex -22.9264 -8.89242 -0.9
    endloop
  endfacet
  facet normal 0.83146 0.555584 0
    outer loop
      vertex -23.6924 -8.12636 0.9
      vertex -23.994 -7.675 -0.9
      vertex -23.994 -7.675 0.9
    endloop
  endfacet
  facet normal 0.83146 0.555584 0
    outer loop
      vertex -23.994 -7.675 -0.9
      vertex -23.6924 -8.12636 0.9
      vertex -23.6924 -8.12636 -0.9
    endloop
  endfacet
  facet normal 0.659383 -0.751807 0
    outer loop
      vertex -23.3345 -2.66551 -0.9
      vertex -22.9264 -2.30758 0.9
      vertex -23.3345 -2.66551 0.9
    endloop
  endfacet
  facet normal 0.659383 -0.751807 0
    outer loop
      vertex -22.9264 -2.30758 0.9
      vertex -23.3345 -2.66551 -0.9
      vertex -22.9264 -2.30758 -0.9
    endloop
  endfacet
  facet normal 0.751858 -0.659325 0
    outer loop
      vertex -23.6924 -3.07364 0.9
      vertex -23.3345 -2.66551 -0.9
      vertex -23.3345 -2.66551 0.9
    endloop
  endfacet
  facet normal 0.751858 -0.659325 0
    outer loop
      vertex -23.3345 -2.66551 -0.9
      vertex -23.6924 -3.07364 0.9
      vertex -23.6924 -3.07364 -0.9
    endloop
  endfacet
  facet normal -0.896867 0.442299 0
    outer loop
      vertex -16.806 -7.675 -0.9
      vertex -16.5659 -7.18814 0.9
      vertex -16.5659 -7.18814 -0.9
    endloop
  endfacet
  facet normal -0.896867 0.442299 0
    outer loop
      vertex -16.5659 -7.18814 0.9
      vertex -16.806 -7.675 -0.9
      vertex -16.806 -7.675 0.9
    endloop
  endfacet
  facet normal -0.659383 0.751807 0
    outer loop
      vertex -17.4655 -8.53449 -0.9
      vertex -17.8736 -8.89242 0.9
      vertex -17.4655 -8.53449 0.9
    endloop
  endfacet
  facet normal -0.659383 0.751807 0
    outer loop
      vertex -17.8736 -8.89242 0.9
      vertex -17.4655 -8.53449 -0.9
      vertex -17.8736 -8.89242 -0.9
    endloop
  endfacet
  facet normal -0.751858 0.659325 0
    outer loop
      vertex -17.4655 -8.53449 -0.9
      vertex -17.1076 -8.12636 0.9
      vertex -17.1076 -8.12636 -0.9
    endloop
  endfacet
  facet normal -0.751858 0.659325 0
    outer loop
      vertex -17.1076 -8.12636 0.9
      vertex -17.4655 -8.53449 -0.9
      vertex -17.4655 -8.53449 0.9
    endloop
  endfacet
  facet normal -0.321457 0.946924 0
    outer loop
      vertex -18.8119 -9.4341 -0.9
      vertex -19.3259 -9.60859 0.9
      vertex -18.8119 -9.4341 0.9
    endloop
  endfacet
  facet normal -0.321457 0.946924 0
    outer loop
      vertex -19.3259 -9.60859 0.9
      vertex -18.8119 -9.4341 -0.9
      vertex -19.3259 -9.60859 -0.9
    endloop
  endfacet
  facet normal -0.321457 -0.946924 0
    outer loop
      vertex -19.3259 -1.59141 -0.9
      vertex -18.8119 -1.7659 0.9
      vertex -19.3259 -1.59141 0.9
    endloop
  endfacet
  facet normal -0.321457 -0.946924 -0
    outer loop
      vertex -18.8119 -1.7659 0.9
      vertex -19.3259 -1.59141 -0.9
      vertex -18.8119 -1.7659 -0.9
    endloop
  endfacet
  facet normal -0.896867 -0.442299 0
    outer loop
      vertex -16.5659 -4.01186 -0.9
      vertex -16.806 -3.525 0.9
      vertex -16.806 -3.525 -0.9
    endloop
  endfacet
  facet normal -0.896867 -0.442299 0
    outer loop
      vertex -16.806 -3.525 0.9
      vertex -16.5659 -4.01186 -0.9
      vertex -16.5659 -4.01186 0.9
    endloop
  endfacet
  facet normal -0.555537 -0.831492 0
    outer loop
      vertex -18.325 -2.00599 -0.9
      vertex -17.8736 -2.30758 0.9
      vertex -18.325 -2.00599 0.9
    endloop
  endfacet
  facet normal -0.555537 -0.831492 -0
    outer loop
      vertex -17.8736 -2.30758 0.9
      vertex -18.325 -2.00599 -0.9
      vertex -17.8736 -2.30758 -0.9
    endloop
  endfacet
  facet normal -0.555537 0.831492 0
    outer loop
      vertex -17.8736 -8.89242 -0.9
      vertex -18.325 -9.19401 0.9
      vertex -17.8736 -8.89242 0.9
    endloop
  endfacet
  facet normal -0.555537 0.831492 0
    outer loop
      vertex -18.325 -9.19401 0.9
      vertex -17.8736 -8.89242 -0.9
      vertex -18.325 -9.19401 -0.9
    endloop
  endfacet
  facet normal 0.980787 0.195082 0
    outer loop
      vertex -24.4086 -6.6741 0.9
      vertex -24.5145 -6.14168 -0.9
      vertex -24.5145 -6.14168 0.9
    endloop
  endfacet
  facet normal 0.980787 0.195082 0
    outer loop
      vertex -24.5145 -6.14168 -0.9
      vertex -24.4086 -6.6741 0.9
      vertex -24.4086 -6.6741 -0.9
    endloop
  endfacet
  facet normal 0.442255 -0.896889 0
    outer loop
      vertex -22.475 -2.00599 -0.9
      vertex -21.9881 -1.7659 0.9
      vertex -22.475 -2.00599 0.9
    endloop
  endfacet
  facet normal 0.442255 -0.896889 0
    outer loop
      vertex -21.9881 -1.7659 0.9
      vertex -22.475 -2.00599 -0.9
      vertex -21.9881 -1.7659 -0.9
    endloop
  endfacet
  facet normal 0.980787 -0.195082 0
    outer loop
      vertex -24.5145 -5.05832 0.9
      vertex -24.4086 -4.5259 -0.9
      vertex -24.4086 -4.5259 0.9
    endloop
  endfacet
  facet normal 0.980787 -0.195082 0
    outer loop
      vertex -24.4086 -4.5259 -0.9
      vertex -24.5145 -5.05832 0.9
      vertex -24.5145 -5.05832 -0.9
    endloop
  endfacet
  facet normal 0.997859 0.0653966 0
    outer loop
      vertex -24.5145 -6.14168 0.9
      vertex -24.55 -5.6 -0.9
      vertex -24.55 -5.6 0.9
    endloop
  endfacet
  facet normal 0.997859 0.0653966 0
    outer loop
      vertex -24.55 -5.6 -0.9
      vertex -24.5145 -6.14168 0.9
      vertex -24.5145 -6.14168 -0.9
    endloop
  endfacet
  facet normal -0.442255 -0.896889 0
    outer loop
      vertex -18.8119 -1.7659 -0.9
      vertex -18.325 -2.00599 0.9
      vertex -18.8119 -1.7659 0.9
    endloop
  endfacet
  facet normal -0.442255 -0.896889 -0
    outer loop
      vertex -18.325 -2.00599 0.9
      vertex -18.8119 -1.7659 -0.9
      vertex -18.325 -2.00599 -0.9
    endloop
  endfacet
  facet normal -0.83146 0.555584 0
    outer loop
      vertex -17.1076 -8.12636 -0.9
      vertex -16.806 -7.675 0.9
      vertex -16.806 -7.675 -0.9
    endloop
  endfacet
  facet normal -0.83146 0.555584 0
    outer loop
      vertex -16.806 -7.675 0.9
      vertex -17.1076 -8.12636 -0.9
      vertex -17.1076 -8.12636 0.9
    endloop
  endfacet
  facet normal 0.896867 0.442299 0
    outer loop
      vertex -23.994 -7.675 0.9
      vertex -24.2341 -7.18814 -0.9
      vertex -24.2341 -7.18814 0.9
    endloop
  endfacet
  facet normal 0.896867 0.442299 0
    outer loop
      vertex -24.2341 -7.18814 -0.9
      vertex -23.994 -7.675 0.9
      vertex -23.994 -7.675 -0.9
    endloop
  endfacet
  facet normal -0.0653942 0.99786 0
    outer loop
      vertex -19.8583 -9.7145 -0.9
      vertex -20.4 -9.75 0.9
      vertex -19.8583 -9.7145 0.9
    endloop
  endfacet
  facet normal -0.0653942 0.99786 0
    outer loop
      vertex -20.4 -9.75 0.9
      vertex -19.8583 -9.7145 -0.9
      vertex -20.4 -9.75 -0.9
    endloop
  endfacet
  facet normal -0.0653942 -0.99786 0
    outer loop
      vertex -20.4 -1.45 -0.9
      vertex -19.8583 -1.4855 0.9
      vertex -20.4 -1.45 0.9
    endloop
  endfacet
  facet normal -0.0653942 -0.99786 -0
    outer loop
      vertex -19.8583 -1.4855 0.9
      vertex -20.4 -1.45 -0.9
      vertex -19.8583 -1.4855 -0.9
    endloop
  endfacet
  facet normal 0.659383 0.751807 -0
    outer loop
      vertex -22.9264 -8.89242 -0.9
      vertex -23.3345 -8.53449 0.9
      vertex -22.9264 -8.89242 0.9
    endloop
  endfacet
  facet normal 0.659383 0.751807 0
    outer loop
      vertex -23.3345 -8.53449 0.9
      vertex -22.9264 -8.89242 -0.9
      vertex -23.3345 -8.53449 -0.9
    endloop
  endfacet
  facet normal 0.555537 -0.831492 0
    outer loop
      vertex -22.9264 -2.30758 -0.9
      vertex -22.475 -2.00599 0.9
      vertex -22.9264 -2.30758 0.9
    endloop
  endfacet
  facet normal 0.555537 -0.831492 0
    outer loop
      vertex -22.475 -2.00599 0.9
      vertex -22.9264 -2.30758 -0.9
      vertex -22.475 -2.00599 -0.9
    endloop
  endfacet
  facet normal 0.83146 -0.555584 0
    outer loop
      vertex -23.994 -3.525 0.9
      vertex -23.6924 -3.07364 -0.9
      vertex -23.6924 -3.07364 0.9
    endloop
  endfacet
  facet normal 0.83146 -0.555584 0
    outer loop
      vertex -23.6924 -3.07364 -0.9
      vertex -23.994 -3.525 0.9
      vertex -23.994 -3.525 -0.9
    endloop
  endfacet
  facet normal 0.896867 -0.442299 0
    outer loop
      vertex -24.2341 -4.01186 0.9
      vertex -23.994 -3.525 -0.9
      vertex -23.994 -3.525 0.9
    endloop
  endfacet
  facet normal 0.896867 -0.442299 0
    outer loop
      vertex -23.994 -3.525 -0.9
      vertex -24.2341 -4.01186 0.9
      vertex -24.2341 -4.01186 -0.9
    endloop
  endfacet
  facet normal -0.751858 -0.659325 0
    outer loop
      vertex -17.1076 -3.07364 -0.9
      vertex -17.4655 -2.66551 0.9
      vertex -17.4655 -2.66551 -0.9
    endloop
  endfacet
  facet normal -0.751858 -0.659325 0
    outer loop
      vertex -17.4655 -2.66551 0.9
      vertex -17.1076 -3.07364 -0.9
      vertex -17.1076 -3.07364 0.9
    endloop
  endfacet
  facet normal -0.946926 -0.321451 0
    outer loop
      vertex -16.3914 -4.5259 -0.9
      vertex -16.5659 -4.01186 0.9
      vertex -16.5659 -4.01186 -0.9
    endloop
  endfacet
  facet normal -0.946926 -0.321451 0
    outer loop
      vertex -16.5659 -4.01186 0.9
      vertex -16.3914 -4.5259 -0.9
      vertex -16.3914 -4.5259 0.9
    endloop
  endfacet
  facet normal 0.321457 -0.946924 0
    outer loop
      vertex -21.9881 -1.7659 -0.9
      vertex -21.4741 -1.59141 0.9
      vertex -21.9881 -1.7659 0.9
    endloop
  endfacet
  facet normal 0.321457 -0.946924 0
    outer loop
      vertex -21.4741 -1.59141 0.9
      vertex -21.9881 -1.7659 -0.9
      vertex -21.4741 -1.59141 -0.9
    endloop
  endfacet
  facet normal 0.997859 -0.0653966 0
    outer loop
      vertex -24.55 -5.6 0.9
      vertex -24.5145 -5.05832 -0.9
      vertex -24.5145 -5.05832 0.9
    endloop
  endfacet
  facet normal 0.997859 -0.0653966 0
    outer loop
      vertex -24.5145 -5.05832 -0.9
      vertex -24.55 -5.6 0.9
      vertex -24.55 -5.6 -0.9
    endloop
  endfacet
  facet normal 0.195106 -0.980782 0
    outer loop
      vertex -21.4741 -1.59141 -0.9
      vertex -20.9417 -1.4855 0.9
      vertex -21.4741 -1.59141 0.9
    endloop
  endfacet
  facet normal 0.195106 -0.980782 0
    outer loop
      vertex -20.9417 -1.4855 0.9
      vertex -21.4741 -1.59141 -0.9
      vertex -20.9417 -1.4855 -0.9
    endloop
  endfacet
  facet normal 0.442255 0.896889 -0
    outer loop
      vertex -21.9881 -9.4341 -0.9
      vertex -22.475 -9.19401 0.9
      vertex -21.9881 -9.4341 0.9
    endloop
  endfacet
  facet normal 0.442255 0.896889 0
    outer loop
      vertex -22.475 -9.19401 0.9
      vertex -21.9881 -9.4341 -0.9
      vertex -22.475 -9.19401 -0.9
    endloop
  endfacet
  facet normal 0.0653942 0.99786 -0
    outer loop
      vertex -20.4 -9.75 -0.9
      vertex -20.9417 -9.7145 0.9
      vertex -20.4 -9.75 0.9
    endloop
  endfacet
  facet normal 0.0653942 0.99786 0
    outer loop
      vertex -20.9417 -9.7145 0.9
      vertex -20.4 -9.75 -0.9
      vertex -20.9417 -9.7145 -0.9
    endloop
  endfacet
  facet normal 0.946926 0.321451 0
    outer loop
      vertex -24.2341 -7.18814 0.9
      vertex -24.4086 -6.6741 -0.9
      vertex -24.4086 -6.6741 0.9
    endloop
  endfacet
  facet normal 0.946926 0.321451 0
    outer loop
      vertex -24.4086 -6.6741 -0.9
      vertex -24.2341 -7.18814 0.9
      vertex -24.2341 -7.18814 -0.9
    endloop
  endfacet
  facet normal 0.0653942 -0.99786 0
    outer loop
      vertex -20.9417 -1.4855 -0.9
      vertex -20.4 -1.45 0.9
      vertex -20.9417 -1.4855 0.9
    endloop
  endfacet
  facet normal 0.0653942 -0.99786 0
    outer loop
      vertex -20.4 -1.45 0.9
      vertex -20.9417 -1.4855 -0.9
      vertex -20.4 -1.45 -0.9
    endloop
  endfacet
  facet normal -0.946926 0.321451 0
    outer loop
      vertex -16.5659 -7.18814 -0.9
      vertex -16.3914 -6.6741 0.9
      vertex -16.3914 -6.6741 -0.9
    endloop
  endfacet
  facet normal -0.946926 0.321451 0
    outer loop
      vertex -16.3914 -6.6741 0.9
      vertex -16.5659 -7.18814 -0.9
      vertex -16.5659 -7.18814 0.9
    endloop
  endfacet
  facet normal -0.659356 -0.751831 0
    outer loop
      vertex 2.52636 -2.30758 -0.9
      vertex 2.93449 -2.66551 0.9
      vertex 2.52636 -2.30758 0.9
    endloop
  endfacet
  facet normal -0.659356 -0.751831 -0
    outer loop
      vertex 2.93449 -2.66551 0.9
      vertex 2.52636 -2.30758 -0.9
      vertex 2.93449 -2.66551 -0.9
    endloop
  endfacet
  facet normal -0.321434 0.946932 0
    outer loop
      vertex 1.58814 -9.4341 -0.9
      vertex 1.0741 -9.60859 0.9
      vertex 1.58814 -9.4341 0.9
    endloop
  endfacet
  facet normal -0.321434 0.946932 0
    outer loop
      vertex 1.0741 -9.60859 0.9
      vertex 1.58814 -9.4341 -0.9
      vertex 1.0741 -9.60859 -0.9
    endloop
  endfacet
  facet normal -0.980783 -0.195099 0
    outer loop
      vertex 4.1145 -5.05832 -0.9
      vertex 4.00859 -4.5259 0.9
      vertex 4.00859 -4.5259 -0.9
    endloop
  endfacet
  facet normal -0.980783 -0.195099 0
    outer loop
      vertex 4.00859 -4.5259 0.9
      vertex 4.1145 -5.05832 -0.9
      vertex 4.1145 -5.05832 0.9
    endloop
  endfacet
  facet normal -0.997859 -0.0653966 0
    outer loop
      vertex 4.15 -5.6 -0.9
      vertex 4.1145 -5.05832 0.9
      vertex 4.1145 -5.05832 -0.9
    endloop
  endfacet
  facet normal -0.997859 -0.0653966 0
    outer loop
      vertex 4.1145 -5.05832 0.9
      vertex 4.15 -5.6 -0.9
      vertex 4.15 -5.6 0.9
    endloop
  endfacet
  facet normal -0.946932 -0.321434 0
    outer loop
      vertex 4.00859 -4.5259 -0.9
      vertex 3.8341 -4.01186 0.9
      vertex 3.8341 -4.01186 -0.9
    endloop
  endfacet
  facet normal -0.946932 -0.321434 0
    outer loop
      vertex 3.8341 -4.01186 0.9
      vertex 4.00859 -4.5259 -0.9
      vertex 4.00859 -4.5259 0.9
    endloop
  endfacet
  facet normal 0.321434 0.946932 -0
    outer loop
      vertex -1.0741 -9.60859 -0.9
      vertex -1.58814 -9.4341 0.9
      vertex -1.0741 -9.60859 0.9
    endloop
  endfacet
  facet normal 0.321434 0.946932 0
    outer loop
      vertex -1.58814 -9.4341 0.9
      vertex -1.0741 -9.60859 -0.9
      vertex -1.58814 -9.4341 -0.9
    endloop
  endfacet
  facet normal -0.442285 0.896875 0
    outer loop
      vertex 2.075 -9.19401 -0.9
      vertex 1.58814 -9.4341 0.9
      vertex 2.075 -9.19401 0.9
    endloop
  endfacet
  facet normal -0.442285 0.896875 0
    outer loop
      vertex 1.58814 -9.4341 0.9
      vertex 2.075 -9.19401 -0.9
      vertex 1.58814 -9.4341 -0.9
    endloop
  endfacet
  facet normal -0.896867 -0.442299 0
    outer loop
      vertex 3.8341 -4.01186 -0.9
      vertex 3.594 -3.525 0.9
      vertex 3.594 -3.525 -0.9
    endloop
  endfacet
  facet normal -0.896867 -0.442299 0
    outer loop
      vertex 3.594 -3.525 0.9
      vertex 3.8341 -4.01186 -0.9
      vertex 3.8341 -4.01186 0.9
    endloop
  endfacet
  facet normal 0.442285 0.896875 -0
    outer loop
      vertex -1.58814 -9.4341 -0.9
      vertex -2.075 -9.19401 0.9
      vertex -1.58814 -9.4341 0.9
    endloop
  endfacet
  facet normal 0.442285 0.896875 0
    outer loop
      vertex -2.075 -9.19401 0.9
      vertex -1.58814 -9.4341 -0.9
      vertex -2.075 -9.19401 -0.9
    endloop
  endfacet
  facet normal 0.321434 -0.946932 0
    outer loop
      vertex -1.58814 -1.7659 -0.9
      vertex -1.0741 -1.59141 0.9
      vertex -1.58814 -1.7659 0.9
    endloop
  endfacet
  facet normal 0.321434 -0.946932 0
    outer loop
      vertex -1.0741 -1.59141 0.9
      vertex -1.58814 -1.7659 -0.9
      vertex -1.0741 -1.59141 -0.9
    endloop
  endfacet
  facet normal -0.946932 0.321434 0
    outer loop
      vertex 3.8341 -7.18814 -0.9
      vertex 4.00859 -6.6741 0.9
      vertex 4.00859 -6.6741 -0.9
    endloop
  endfacet
  facet normal -0.946932 0.321434 0
    outer loop
      vertex 4.00859 -6.6741 0.9
      vertex 3.8341 -7.18814 -0.9
      vertex 3.8341 -7.18814 0.9
    endloop
  endfacet
  facet normal 0.980783 -0.195099 0
    outer loop
      vertex -4.1145 -5.05832 0.9
      vertex -4.00859 -4.5259 -0.9
      vertex -4.00859 -4.5259 0.9
    endloop
  endfacet
  facet normal 0.980783 -0.195099 0
    outer loop
      vertex -4.00859 -4.5259 -0.9
      vertex -4.1145 -5.05832 0.9
      vertex -4.1145 -5.05832 -0.9
    endloop
  endfacet
  facet normal -0.659356 0.751831 0
    outer loop
      vertex 2.93449 -8.53449 -0.9
      vertex 2.52636 -8.89242 0.9
      vertex 2.93449 -8.53449 0.9
    endloop
  endfacet
  facet normal -0.659356 0.751831 0
    outer loop
      vertex 2.52636 -8.89242 0.9
      vertex 2.93449 -8.53449 -0.9
      vertex 2.52636 -8.89242 -0.9
    endloop
  endfacet
  facet normal -0.896867 0.442299 0
    outer loop
      vertex 3.594 -7.675 -0.9
      vertex 3.8341 -7.18814 0.9
      vertex 3.8341 -7.18814 -0.9
    endloop
  endfacet
  facet normal -0.896867 0.442299 0
    outer loop
      vertex 3.8341 -7.18814 0.9
      vertex 3.594 -7.675 -0.9
      vertex 3.594 -7.675 0.9
    endloop
  endfacet
  facet normal 0.751831 -0.659356 0
    outer loop
      vertex -3.29242 -3.07364 0.9
      vertex -2.93449 -2.66551 -0.9
      vertex -2.93449 -2.66551 0.9
    endloop
  endfacet
  facet normal 0.751831 -0.659356 0
    outer loop
      vertex -2.93449 -2.66551 -0.9
      vertex -3.29242 -3.07364 0.9
      vertex -3.29242 -3.07364 -0.9
    endloop
  endfacet
  facet normal -0.751831 0.659356 0
    outer loop
      vertex 2.93449 -8.53449 -0.9
      vertex 3.29242 -8.12636 0.9
      vertex 3.29242 -8.12636 -0.9
    endloop
  endfacet
  facet normal -0.751831 0.659356 0
    outer loop
      vertex 3.29242 -8.12636 0.9
      vertex 2.93449 -8.53449 -0.9
      vertex 2.93449 -8.53449 0.9
    endloop
  endfacet
  facet normal -0.555571 -0.831469 0
    outer loop
      vertex 2.075 -2.00599 -0.9
      vertex 2.52636 -2.30758 0.9
      vertex 2.075 -2.00599 0.9
    endloop
  endfacet
  facet normal -0.555571 -0.831469 -0
    outer loop
      vertex 2.52636 -2.30758 0.9
      vertex 2.075 -2.00599 -0.9
      vertex 2.52636 -2.30758 -0.9
    endloop
  endfacet
  facet normal 0.659356 -0.751831 0
    outer loop
      vertex -2.93449 -2.66551 -0.9
      vertex -2.52636 -2.30758 0.9
      vertex -2.93449 -2.66551 0.9
    endloop
  endfacet
  facet normal 0.659356 -0.751831 0
    outer loop
      vertex -2.52636 -2.30758 0.9
      vertex -2.93449 -2.66551 -0.9
      vertex -2.52636 -2.30758 -0.9
    endloop
  endfacet
  facet normal -0.831477 -0.555559 0
    outer loop
      vertex 3.594 -3.525 -0.9
      vertex 3.29242 -3.07364 0.9
      vertex 3.29242 -3.07364 -0.9
    endloop
  endfacet
  facet normal -0.831477 -0.555559 0
    outer loop
      vertex 3.29242 -3.07364 0.9
      vertex 3.594 -3.525 -0.9
      vertex 3.594 -3.525 0.9
    endloop
  endfacet
  facet normal -0.1951 0.980783 0
    outer loop
      vertex 1.0741 -9.60859 -0.9
      vertex 0.541683 -9.7145 0.9
      vertex 1.0741 -9.60859 0.9
    endloop
  endfacet
  facet normal -0.1951 0.980783 0
    outer loop
      vertex 0.541683 -9.7145 0.9
      vertex 1.0741 -9.60859 -0.9
      vertex 0.541683 -9.7145 -0.9
    endloop
  endfacet
  facet normal -0.831477 0.555559 0
    outer loop
      vertex 3.29242 -8.12636 -0.9
      vertex 3.594 -7.675 0.9
      vertex 3.594 -7.675 -0.9
    endloop
  endfacet
  facet normal -0.831477 0.555559 0
    outer loop
      vertex 3.594 -7.675 0.9
      vertex 3.29242 -8.12636 -0.9
      vertex 3.29242 -8.12636 0.9
    endloop
  endfacet
  facet normal 0.442285 -0.896875 0
    outer loop
      vertex -2.075 -2.00599 -0.9
      vertex -1.58814 -1.7659 0.9
      vertex -2.075 -2.00599 0.9
    endloop
  endfacet
  facet normal 0.442285 -0.896875 0
    outer loop
      vertex -1.58814 -1.7659 0.9
      vertex -2.075 -2.00599 -0.9
      vertex -1.58814 -1.7659 -0.9
    endloop
  endfacet
  facet normal -0.555571 0.831469 0
    outer loop
      vertex 2.52636 -8.89242 -0.9
      vertex 2.075 -9.19401 0.9
      vertex 2.52636 -8.89242 0.9
    endloop
  endfacet
  facet normal -0.555571 0.831469 0
    outer loop
      vertex 2.075 -9.19401 0.9
      vertex 2.52636 -8.89242 -0.9
      vertex 2.075 -9.19401 -0.9
    endloop
  endfacet
  facet normal -0.321434 -0.946932 0
    outer loop
      vertex 1.0741 -1.59141 -0.9
      vertex 1.58814 -1.7659 0.9
      vertex 1.0741 -1.59141 0.9
    endloop
  endfacet
  facet normal -0.321434 -0.946932 -0
    outer loop
      vertex 1.58814 -1.7659 0.9
      vertex 1.0741 -1.59141 -0.9
      vertex 1.58814 -1.7659 -0.9
    endloop
  endfacet
  facet normal -0.0653962 -0.997859 0
    outer loop
      vertex 0 -1.45 -0.9
      vertex 0.541683 -1.4855 0.9
      vertex 0 -1.45 0.9
    endloop
  endfacet
  facet normal -0.0653962 -0.997859 -0
    outer loop
      vertex 0.541683 -1.4855 0.9
      vertex 0 -1.45 -0.9
      vertex 0.541683 -1.4855 -0.9
    endloop
  endfacet
  facet normal -0.980783 0.195099 0
    outer loop
      vertex 4.00859 -6.6741 -0.9
      vertex 4.1145 -6.14168 0.9
      vertex 4.1145 -6.14168 -0.9
    endloop
  endfacet
  facet normal -0.980783 0.195099 0
    outer loop
      vertex 4.1145 -6.14168 0.9
      vertex 4.00859 -6.6741 -0.9
      vertex 4.00859 -6.6741 0.9
    endloop
  endfacet
  facet normal 0.831477 0.555559 0
    outer loop
      vertex -3.29242 -8.12636 0.9
      vertex -3.594 -7.675 -0.9
      vertex -3.594 -7.675 0.9
    endloop
  endfacet
  facet normal 0.831477 0.555559 0
    outer loop
      vertex -3.594 -7.675 -0.9
      vertex -3.29242 -8.12636 0.9
      vertex -3.29242 -8.12636 -0.9
    endloop
  endfacet
  facet normal 0.946932 -0.321434 0
    outer loop
      vertex -4.00859 -4.5259 0.9
      vertex -3.8341 -4.01186 -0.9
      vertex -3.8341 -4.01186 0.9
    endloop
  endfacet
  facet normal 0.946932 -0.321434 0
    outer loop
      vertex -3.8341 -4.01186 -0.9
      vertex -4.00859 -4.5259 0.9
      vertex -4.00859 -4.5259 -0.9
    endloop
  endfacet
  facet normal -0.997859 0.0653966 0
    outer loop
      vertex 4.1145 -6.14168 -0.9
      vertex 4.15 -5.6 0.9
      vertex 4.15 -5.6 -0.9
    endloop
  endfacet
  facet normal -0.997859 0.0653966 0
    outer loop
      vertex 4.15 -5.6 0.9
      vertex 4.1145 -6.14168 -0.9
      vertex 4.1145 -6.14168 0.9
    endloop
  endfacet
  facet normal 0.555571 -0.831469 0
    outer loop
      vertex -2.52636 -2.30758 -0.9
      vertex -2.075 -2.00599 0.9
      vertex -2.52636 -2.30758 0.9
    endloop
  endfacet
  facet normal 0.555571 -0.831469 0
    outer loop
      vertex -2.075 -2.00599 0.9
      vertex -2.52636 -2.30758 -0.9
      vertex -2.075 -2.00599 -0.9
    endloop
  endfacet
  facet normal 0.980783 0.195099 0
    outer loop
      vertex -4.00859 -6.6741 0.9
      vertex -4.1145 -6.14168 -0.9
      vertex -4.1145 -6.14168 0.9
    endloop
  endfacet
  facet normal 0.980783 0.195099 0
    outer loop
      vertex -4.1145 -6.14168 -0.9
      vertex -4.00859 -6.6741 0.9
      vertex -4.00859 -6.6741 -0.9
    endloop
  endfacet
  facet normal 0.831477 -0.555559 0
    outer loop
      vertex -3.594 -3.525 0.9
      vertex -3.29242 -3.07364 -0.9
      vertex -3.29242 -3.07364 0.9
    endloop
  endfacet
  facet normal 0.831477 -0.555559 0
    outer loop
      vertex -3.29242 -3.07364 -0.9
      vertex -3.594 -3.525 0.9
      vertex -3.594 -3.525 -0.9
    endloop
  endfacet
  facet normal -0.0653962 0.997859 0
    outer loop
      vertex 0.541683 -9.7145 -0.9
      vertex 0 -9.75 0.9
      vertex 0.541683 -9.7145 0.9
    endloop
  endfacet
  facet normal -0.0653962 0.997859 0
    outer loop
      vertex 0 -9.75 0.9
      vertex 0.541683 -9.7145 -0.9
      vertex 0 -9.75 -0.9
    endloop
  endfacet
  facet normal 0.896867 0.442299 0
    outer loop
      vertex -3.594 -7.675 0.9
      vertex -3.8341 -7.18814 -0.9
      vertex -3.8341 -7.18814 0.9
    endloop
  endfacet
  facet normal 0.896867 0.442299 0
    outer loop
      vertex -3.8341 -7.18814 -0.9
      vertex -3.594 -7.675 0.9
      vertex -3.594 -7.675 -0.9
    endloop
  endfacet
  facet normal 0.1951 0.980783 -0
    outer loop
      vertex -0.541683 -9.7145 -0.9
      vertex -1.0741 -9.60859 0.9
      vertex -0.541683 -9.7145 0.9
    endloop
  endfacet
  facet normal 0.1951 0.980783 0
    outer loop
      vertex -1.0741 -9.60859 0.9
      vertex -0.541683 -9.7145 -0.9
      vertex -1.0741 -9.60859 -0.9
    endloop
  endfacet
  facet normal -0.442285 -0.896875 0
    outer loop
      vertex 1.58814 -1.7659 -0.9
      vertex 2.075 -2.00599 0.9
      vertex 1.58814 -1.7659 0.9
    endloop
  endfacet
  facet normal -0.442285 -0.896875 -0
    outer loop
      vertex 2.075 -2.00599 0.9
      vertex 1.58814 -1.7659 -0.9
      vertex 2.075 -2.00599 -0.9
    endloop
  endfacet
  facet normal 0.0653962 -0.997859 0
    outer loop
      vertex -0.541683 -1.4855 -0.9
      vertex 0 -1.45 0.9
      vertex -0.541683 -1.4855 0.9
    endloop
  endfacet
  facet normal 0.0653962 -0.997859 0
    outer loop
      vertex 0 -1.45 0.9
      vertex -0.541683 -1.4855 -0.9
      vertex 0 -1.45 -0.9
    endloop
  endfacet
  facet normal -0.751831 -0.659356 0
    outer loop
      vertex 3.29242 -3.07364 -0.9
      vertex 2.93449 -2.66551 0.9
      vertex 2.93449 -2.66551 -0.9
    endloop
  endfacet
  facet normal -0.751831 -0.659356 0
    outer loop
      vertex 2.93449 -2.66551 0.9
      vertex 3.29242 -3.07364 -0.9
      vertex 3.29242 -3.07364 0.9
    endloop
  endfacet
  facet normal -0.1951 -0.980783 0
    outer loop
      vertex 0.541683 -1.4855 -0.9
      vertex 1.0741 -1.59141 0.9
      vertex 0.541683 -1.4855 0.9
    endloop
  endfacet
  facet normal -0.1951 -0.980783 -0
    outer loop
      vertex 1.0741 -1.59141 0.9
      vertex 0.541683 -1.4855 -0.9
      vertex 1.0741 -1.59141 -0.9
    endloop
  endfacet
  facet normal 0.1951 -0.980783 0
    outer loop
      vertex -1.0741 -1.59141 -0.9
      vertex -0.541683 -1.4855 0.9
      vertex -1.0741 -1.59141 0.9
    endloop
  endfacet
  facet normal 0.1951 -0.980783 0
    outer loop
      vertex -0.541683 -1.4855 0.9
      vertex -1.0741 -1.59141 -0.9
      vertex -0.541683 -1.4855 -0.9
    endloop
  endfacet
  facet normal 0.997859 0.0653966 0
    outer loop
      vertex -4.1145 -6.14168 0.9
      vertex -4.15 -5.6 -0.9
      vertex -4.15 -5.6 0.9
    endloop
  endfacet
  facet normal 0.997859 0.0653966 0
    outer loop
      vertex -4.15 -5.6 -0.9
      vertex -4.1145 -6.14168 0.9
      vertex -4.1145 -6.14168 -0.9
    endloop
  endfacet
  facet normal 0.751831 0.659356 0
    outer loop
      vertex -2.93449 -8.53449 0.9
      vertex -3.29242 -8.12636 -0.9
      vertex -3.29242 -8.12636 0.9
    endloop
  endfacet
  facet normal 0.751831 0.659356 0
    outer loop
      vertex -3.29242 -8.12636 -0.9
      vertex -2.93449 -8.53449 0.9
      vertex -2.93449 -8.53449 -0.9
    endloop
  endfacet
  facet normal 0.946932 0.321434 0
    outer loop
      vertex -3.8341 -7.18814 0.9
      vertex -4.00859 -6.6741 -0.9
      vertex -4.00859 -6.6741 0.9
    endloop
  endfacet
  facet normal 0.946932 0.321434 0
    outer loop
      vertex -4.00859 -6.6741 -0.9
      vertex -3.8341 -7.18814 0.9
      vertex -3.8341 -7.18814 -0.9
    endloop
  endfacet
  facet normal 0.555571 0.831469 -0
    outer loop
      vertex -2.075 -9.19401 -0.9
      vertex -2.52636 -8.89242 0.9
      vertex -2.075 -9.19401 0.9
    endloop
  endfacet
  facet normal 0.555571 0.831469 0
    outer loop
      vertex -2.52636 -8.89242 0.9
      vertex -2.075 -9.19401 -0.9
      vertex -2.52636 -8.89242 -0.9
    endloop
  endfacet
  facet normal 0.997859 -0.0653966 0
    outer loop
      vertex -4.15 -5.6 0.9
      vertex -4.1145 -5.05832 -0.9
      vertex -4.1145 -5.05832 0.9
    endloop
  endfacet
  facet normal 0.997859 -0.0653966 0
    outer loop
      vertex -4.1145 -5.05832 -0.9
      vertex -4.15 -5.6 0.9
      vertex -4.15 -5.6 -0.9
    endloop
  endfacet
  facet normal 0.0653962 0.997859 -0
    outer loop
      vertex 0 -9.75 -0.9
      vertex -0.541683 -9.7145 0.9
      vertex 0 -9.75 0.9
    endloop
  endfacet
  facet normal 0.0653962 0.997859 0
    outer loop
      vertex -0.541683 -9.7145 0.9
      vertex 0 -9.75 -0.9
      vertex -0.541683 -9.7145 -0.9
    endloop
  endfacet
  facet normal 0.659356 0.751831 -0
    outer loop
      vertex -2.52636 -8.89242 -0.9
      vertex -2.93449 -8.53449 0.9
      vertex -2.52636 -8.89242 0.9
    endloop
  endfacet
  facet normal 0.659356 0.751831 0
    outer loop
      vertex -2.93449 -8.53449 0.9
      vertex -2.52636 -8.89242 -0.9
      vertex -2.93449 -8.53449 -0.9
    endloop
  endfacet
  facet normal 0.896867 -0.442299 0
    outer loop
      vertex -3.8341 -4.01186 0.9
      vertex -3.594 -3.525 -0.9
      vertex -3.594 -3.525 0.9
    endloop
  endfacet
  facet normal 0.896867 -0.442299 0
    outer loop
      vertex -3.594 -3.525 -0.9
      vertex -3.8341 -4.01186 0.9
      vertex -3.8341 -4.01186 -0.9
    endloop
  endfacet
  facet normal -0.866026 -0.499999 0
    outer loop
      vertex 14.0105 -7.8 -0.9
      vertex 10.2 -1.2 0.9
      vertex 10.2 -1.2 -0.9
    endloop
  endfacet
  facet normal -0.866026 -0.499999 0
    outer loop
      vertex 10.2 -1.2 0.9
      vertex 14.0105 -7.8 -0.9
      vertex 14.0105 -7.8 0.9
    endloop
  endfacet
  facet normal 0.866026 -0.5 0
    outer loop
      vertex 6.38949 -7.8 0.9
      vertex 10.2 -1.2 -0.9
      vertex 10.2 -1.2 0.9
    endloop
  endfacet
  facet normal 0.866026 -0.5 0
    outer loop
      vertex 10.2 -1.2 -0.9
      vertex 6.38949 -7.8 0.9
      vertex 6.38949 -7.8 -0.9
    endloop
  endfacet
  facet normal 0 1 -0
    outer loop
      vertex 14.0105 -7.8 -0.9
      vertex 6.38949 -7.8 0.9
      vertex 14.0105 -7.8 0.9
    endloop
  endfacet
  facet normal 0 1 0
    outer loop
      vertex 6.38949 -7.8 0.9
      vertex 14.0105 -7.8 -0.9
      vertex 6.38949 -7.8 -0.9
    endloop
  endfacet
  facet normal -0.0653942 0.99786 0
    outer loop
      vertex 31.1417 -9.7145 -0.9
      vertex 30.6 -9.75 0.9
      vertex 31.1417 -9.7145 0.9
    endloop
  endfacet
  facet normal -0.0653942 0.99786 0
    outer loop
      vertex 30.6 -9.75 0.9
      vertex 31.1417 -9.7145 -0.9
      vertex 30.6 -9.75 -0.9
    endloop
  endfacet
  facet normal -0.980787 -0.195082 0
    outer loop
      vertex 34.7145 -5.05832 -0.9
      vertex 34.6086 -4.5259 0.9
      vertex 34.6086 -4.5259 -0.9
    endloop
  endfacet
  facet normal -0.980787 -0.195082 0
    outer loop
      vertex 34.6086 -4.5259 0.9
      vertex 34.7145 -5.05832 -0.9
      vertex 34.7145 -5.05832 0.9
    endloop
  endfacet
  facet normal -0.997859 -0.0653966 0
    outer loop
      vertex 34.75 -5.6 -0.9
      vertex 34.7145 -5.05832 0.9
      vertex 34.7145 -5.05832 -0.9
    endloop
  endfacet
  facet normal -0.997859 -0.0653966 0
    outer loop
      vertex 34.7145 -5.05832 0.9
      vertex 34.75 -5.6 -0.9
      vertex 34.75 -5.6 0.9
    endloop
  endfacet
  facet normal 0.997859 0.0653966 0
    outer loop
      vertex 26.4855 -6.14168 0.9
      vertex 26.45 -5.6 -0.9
      vertex 26.45 -5.6 0.9
    endloop
  endfacet
  facet normal 0.997859 0.0653966 0
    outer loop
      vertex 26.45 -5.6 -0.9
      vertex 26.4855 -6.14168 0.9
      vertex 26.4855 -6.14168 -0.9
    endloop
  endfacet
  facet normal -0.997859 0.0653966 0
    outer loop
      vertex 34.7145 -6.14168 -0.9
      vertex 34.75 -5.6 0.9
      vertex 34.75 -5.6 -0.9
    endloop
  endfacet
  facet normal -0.997859 0.0653966 0
    outer loop
      vertex 34.75 -5.6 0.9
      vertex 34.7145 -6.14168 -0.9
      vertex 34.7145 -6.14168 0.9
    endloop
  endfacet
  facet normal 0.980787 0.195082 0
    outer loop
      vertex 26.5914 -6.6741 0.9
      vertex 26.4855 -6.14168 -0.9
      vertex 26.4855 -6.14168 0.9
    endloop
  endfacet
  facet normal 0.980787 0.195082 0
    outer loop
      vertex 26.4855 -6.14168 -0.9
      vertex 26.5914 -6.6741 0.9
      vertex 26.5914 -6.6741 -0.9
    endloop
  endfacet
  facet normal 0.195106 0.980782 -0
    outer loop
      vertex 30.0583 -9.7145 -0.9
      vertex 29.5259 -9.60859 0.9
      vertex 30.0583 -9.7145 0.9
    endloop
  endfacet
  facet normal 0.195106 0.980782 0
    outer loop
      vertex 29.5259 -9.60859 0.9
      vertex 30.0583 -9.7145 -0.9
      vertex 29.5259 -9.60859 -0.9
    endloop
  endfacet
  facet normal -0.659383 -0.751807 0
    outer loop
      vertex 33.1264 -2.30758 -0.9
      vertex 33.5345 -2.66551 0.9
      vertex 33.1264 -2.30758 0.9
    endloop
  endfacet
  facet normal -0.659383 -0.751807 -0
    outer loop
      vertex 33.5345 -2.66551 0.9
      vertex 33.1264 -2.30758 -0.9
      vertex 33.5345 -2.66551 -0.9
    endloop
  endfacet
  facet normal 0.555537 -0.831492 0
    outer loop
      vertex 28.0736 -2.30758 -0.9
      vertex 28.525 -2.00599 0.9
      vertex 28.0736 -2.30758 0.9
    endloop
  endfacet
  facet normal 0.555537 -0.831492 0
    outer loop
      vertex 28.525 -2.00599 0.9
      vertex 28.0736 -2.30758 -0.9
      vertex 28.525 -2.00599 -0.9
    endloop
  endfacet
  facet normal -0.555537 -0.831492 0
    outer loop
      vertex 32.675 -2.00599 -0.9
      vertex 33.1264 -2.30758 0.9
      vertex 32.675 -2.00599 0.9
    endloop
  endfacet
  facet normal -0.555537 -0.831492 -0
    outer loop
      vertex 33.1264 -2.30758 0.9
      vertex 32.675 -2.00599 -0.9
      vertex 33.1264 -2.30758 -0.9
    endloop
  endfacet
  facet normal -0.751858 0.659325 0
    outer loop
      vertex 33.5345 -8.53449 -0.9
      vertex 33.8924 -8.12636 0.9
      vertex 33.8924 -8.12636 -0.9
    endloop
  endfacet
  facet normal -0.751858 0.659325 0
    outer loop
      vertex 33.8924 -8.12636 0.9
      vertex 33.5345 -8.53449 -0.9
      vertex 33.5345 -8.53449 0.9
    endloop
  endfacet
  facet normal -0.980787 0.195082 0
    outer loop
      vertex 34.6086 -6.6741 -0.9
      vertex 34.7145 -6.14168 0.9
      vertex 34.7145 -6.14168 -0.9
    endloop
  endfacet
  facet normal -0.980787 0.195082 0
    outer loop
      vertex 34.7145 -6.14168 0.9
      vertex 34.6086 -6.6741 -0.9
      vertex 34.6086 -6.6741 0.9
    endloop
  endfacet
  facet normal 0.0653942 0.99786 -0
    outer loop
      vertex 30.6 -9.75 -0.9
      vertex 30.0583 -9.7145 0.9
      vertex 30.6 -9.75 0.9
    endloop
  endfacet
  facet normal 0.0653942 0.99786 0
    outer loop
      vertex 30.0583 -9.7145 0.9
      vertex 30.6 -9.75 -0.9
      vertex 30.0583 -9.7145 -0.9
    endloop
  endfacet
  facet normal -0.442255 -0.896889 0
    outer loop
      vertex 32.1881 -1.7659 -0.9
      vertex 32.675 -2.00599 0.9
      vertex 32.1881 -1.7659 0.9
    endloop
  endfacet
  facet normal -0.442255 -0.896889 -0
    outer loop
      vertex 32.675 -2.00599 0.9
      vertex 32.1881 -1.7659 -0.9
      vertex 32.675 -2.00599 -0.9
    endloop
  endfacet
  facet normal -0.946926 0.321451 0
    outer loop
      vertex 34.4341 -7.18814 -0.9
      vertex 34.6086 -6.6741 0.9
      vertex 34.6086 -6.6741 -0.9
    endloop
  endfacet
  facet normal -0.946926 0.321451 0
    outer loop
      vertex 34.6086 -6.6741 0.9
      vertex 34.4341 -7.18814 -0.9
      vertex 34.4341 -7.18814 0.9
    endloop
  endfacet
  facet normal 0.659383 0.751807 -0
    outer loop
      vertex 28.0736 -8.89242 -0.9
      vertex 27.6655 -8.53449 0.9
      vertex 28.0736 -8.89242 0.9
    endloop
  endfacet
  facet normal 0.659383 0.751807 0
    outer loop
      vertex 27.6655 -8.53449 0.9
      vertex 28.0736 -8.89242 -0.9
      vertex 27.6655 -8.53449 -0.9
    endloop
  endfacet
  facet normal 0.946926 0.321451 0
    outer loop
      vertex 26.7659 -7.18814 0.9
      vertex 26.5914 -6.6741 -0.9
      vertex 26.5914 -6.6741 0.9
    endloop
  endfacet
  facet normal 0.946926 0.321451 0
    outer loop
      vertex 26.5914 -6.6741 -0.9
      vertex 26.7659 -7.18814 0.9
      vertex 26.7659 -7.18814 -0.9
    endloop
  endfacet
  facet normal 0.659383 -0.751807 0
    outer loop
      vertex 27.6655 -2.66551 -0.9
      vertex 28.0736 -2.30758 0.9
      vertex 27.6655 -2.66551 0.9
    endloop
  endfacet
  facet normal 0.659383 -0.751807 0
    outer loop
      vertex 28.0736 -2.30758 0.9
      vertex 27.6655 -2.66551 -0.9
      vertex 28.0736 -2.30758 -0.9
    endloop
  endfacet
  facet normal 0.946926 -0.321451 0
    outer loop
      vertex 26.5914 -4.5259 0.9
      vertex 26.7659 -4.01186 -0.9
      vertex 26.7659 -4.01186 0.9
    endloop
  endfacet
  facet normal 0.946926 -0.321451 0
    outer loop
      vertex 26.7659 -4.01186 -0.9
      vertex 26.5914 -4.5259 0.9
      vertex 26.5914 -4.5259 -0.9
    endloop
  endfacet
  facet normal -0.195106 -0.980782 0
    outer loop
      vertex 31.1417 -1.4855 -0.9
      vertex 31.6741 -1.59141 0.9
      vertex 31.1417 -1.4855 0.9
    endloop
  endfacet
  facet normal -0.195106 -0.980782 -0
    outer loop
      vertex 31.6741 -1.59141 0.9
      vertex 31.1417 -1.4855 -0.9
      vertex 31.6741 -1.59141 -0.9
    endloop
  endfacet
  facet normal -0.321457 0.946924 0
    outer loop
      vertex 32.1881 -9.4341 -0.9
      vertex 31.6741 -9.60859 0.9
      vertex 32.1881 -9.4341 0.9
    endloop
  endfacet
  facet normal -0.321457 0.946924 0
    outer loop
      vertex 31.6741 -9.60859 0.9
      vertex 32.1881 -9.4341 -0.9
      vertex 31.6741 -9.60859 -0.9
    endloop
  endfacet
  facet normal 0.751858 0.659325 0
    outer loop
      vertex 27.6655 -8.53449 0.9
      vertex 27.3076 -8.12636 -0.9
      vertex 27.3076 -8.12636 0.9
    endloop
  endfacet
  facet normal 0.751858 0.659325 0
    outer loop
      vertex 27.3076 -8.12636 -0.9
      vertex 27.6655 -8.53449 0.9
      vertex 27.6655 -8.53449 -0.9
    endloop
  endfacet
  facet normal -0.83146 -0.555584 0
    outer loop
      vertex 34.194 -3.525 -0.9
      vertex 33.8924 -3.07364 0.9
      vertex 33.8924 -3.07364 -0.9
    endloop
  endfacet
  facet normal -0.83146 -0.555584 0
    outer loop
      vertex 33.8924 -3.07364 0.9
      vertex 34.194 -3.525 -0.9
      vertex 34.194 -3.525 0.9
    endloop
  endfacet
  facet normal 0.751858 -0.659325 0
    outer loop
      vertex 27.3076 -3.07364 0.9
      vertex 27.6655 -2.66551 -0.9
      vertex 27.6655 -2.66551 0.9
    endloop
  endfacet
  facet normal 0.751858 -0.659325 0
    outer loop
      vertex 27.6655 -2.66551 -0.9
      vertex 27.3076 -3.07364 0.9
      vertex 27.3076 -3.07364 -0.9
    endloop
  endfacet
  facet normal -0.442255 0.896889 0
    outer loop
      vertex 32.675 -9.19401 -0.9
      vertex 32.1881 -9.4341 0.9
      vertex 32.675 -9.19401 0.9
    endloop
  endfacet
  facet normal -0.442255 0.896889 0
    outer loop
      vertex 32.1881 -9.4341 0.9
      vertex 32.675 -9.19401 -0.9
      vertex 32.1881 -9.4341 -0.9
    endloop
  endfacet
  facet normal -0.321457 -0.946924 0
    outer loop
      vertex 31.6741 -1.59141 -0.9
      vertex 32.1881 -1.7659 0.9
      vertex 31.6741 -1.59141 0.9
    endloop
  endfacet
  facet normal -0.321457 -0.946924 -0
    outer loop
      vertex 32.1881 -1.7659 0.9
      vertex 31.6741 -1.59141 -0.9
      vertex 32.1881 -1.7659 -0.9
    endloop
  endfacet
  facet normal -0.896867 -0.442299 0
    outer loop
      vertex 34.4341 -4.01186 -0.9
      vertex 34.194 -3.525 0.9
      vertex 34.194 -3.525 -0.9
    endloop
  endfacet
  facet normal -0.896867 -0.442299 0
    outer loop
      vertex 34.194 -3.525 0.9
      vertex 34.4341 -4.01186 -0.9
      vertex 34.4341 -4.01186 0.9
    endloop
  endfacet
  facet normal -0.195106 0.980782 0
    outer loop
      vertex 31.6741 -9.60859 -0.9
      vertex 31.1417 -9.7145 0.9
      vertex 31.6741 -9.60859 0.9
    endloop
  endfacet
  facet normal -0.195106 0.980782 0
    outer loop
      vertex 31.1417 -9.7145 0.9
      vertex 31.6741 -9.60859 -0.9
      vertex 31.1417 -9.7145 -0.9
    endloop
  endfacet
  facet normal -0.896867 0.442299 0
    outer loop
      vertex 34.194 -7.675 -0.9
      vertex 34.4341 -7.18814 0.9
      vertex 34.4341 -7.18814 -0.9
    endloop
  endfacet
  facet normal -0.896867 0.442299 0
    outer loop
      vertex 34.4341 -7.18814 0.9
      vertex 34.194 -7.675 -0.9
      vertex 34.194 -7.675 0.9
    endloop
  endfacet
  facet normal -0.83146 0.555584 0
    outer loop
      vertex 33.8924 -8.12636 -0.9
      vertex 34.194 -7.675 0.9
      vertex 34.194 -7.675 -0.9
    endloop
  endfacet
  facet normal -0.83146 0.555584 0
    outer loop
      vertex 34.194 -7.675 0.9
      vertex 33.8924 -8.12636 -0.9
      vertex 33.8924 -8.12636 0.9
    endloop
  endfacet
  facet normal 0.442255 -0.896889 0
    outer loop
      vertex 28.525 -2.00599 -0.9
      vertex 29.0119 -1.7659 0.9
      vertex 28.525 -2.00599 0.9
    endloop
  endfacet
  facet normal 0.442255 -0.896889 0
    outer loop
      vertex 29.0119 -1.7659 0.9
      vertex 28.525 -2.00599 -0.9
      vertex 29.0119 -1.7659 -0.9
    endloop
  endfacet
  facet normal 0.442255 0.896889 -0
    outer loop
      vertex 29.0119 -9.4341 -0.9
      vertex 28.525 -9.19401 0.9
      vertex 29.0119 -9.4341 0.9
    endloop
  endfacet
  facet normal 0.442255 0.896889 0
    outer loop
      vertex 28.525 -9.19401 0.9
      vertex 29.0119 -9.4341 -0.9
      vertex 28.525 -9.19401 -0.9
    endloop
  endfacet
  facet normal 0.896867 0.442299 0
    outer loop
      vertex 27.006 -7.675 0.9
      vertex 26.7659 -7.18814 -0.9
      vertex 26.7659 -7.18814 0.9
    endloop
  endfacet
  facet normal 0.896867 0.442299 0
    outer loop
      vertex 26.7659 -7.18814 -0.9
      vertex 27.006 -7.675 0.9
      vertex 27.006 -7.675 -0.9
    endloop
  endfacet
  facet normal -0.0653942 -0.99786 0
    outer loop
      vertex 30.6 -1.45 -0.9
      vertex 31.1417 -1.4855 0.9
      vertex 30.6 -1.45 0.9
    endloop
  endfacet
  facet normal -0.0653942 -0.99786 -0
    outer loop
      vertex 31.1417 -1.4855 0.9
      vertex 30.6 -1.45 -0.9
      vertex 31.1417 -1.4855 -0.9
    endloop
  endfacet
  facet normal 0.83146 0.555584 0
    outer loop
      vertex 27.3076 -8.12636 0.9
      vertex 27.006 -7.675 -0.9
      vertex 27.006 -7.675 0.9
    endloop
  endfacet
  facet normal 0.83146 0.555584 0
    outer loop
      vertex 27.006 -7.675 -0.9
      vertex 27.3076 -8.12636 0.9
      vertex 27.3076 -8.12636 -0.9
    endloop
  endfacet
  facet normal -0.946926 -0.321451 0
    outer loop
      vertex 34.6086 -4.5259 -0.9
      vertex 34.4341 -4.01186 0.9
      vertex 34.4341 -4.01186 -0.9
    endloop
  endfacet
  facet normal -0.946926 -0.321451 0
    outer loop
      vertex 34.4341 -4.01186 0.9
      vertex 34.6086 -4.5259 -0.9
      vertex 34.6086 -4.5259 0.9
    endloop
  endfacet
  facet normal 0.980787 -0.195082 0
    outer loop
      vertex 26.4855 -5.05832 0.9
      vertex 26.5914 -4.5259 -0.9
      vertex 26.5914 -4.5259 0.9
    endloop
  endfacet
  facet normal 0.980787 -0.195082 0
    outer loop
      vertex 26.5914 -4.5259 -0.9
      vertex 26.4855 -5.05832 0.9
      vertex 26.4855 -5.05832 -0.9
    endloop
  endfacet
  facet normal 0.321457 0.946924 -0
    outer loop
      vertex 29.5259 -9.60859 -0.9
      vertex 29.0119 -9.4341 0.9
      vertex 29.5259 -9.60859 0.9
    endloop
  endfacet
  facet normal 0.321457 0.946924 0
    outer loop
      vertex 29.0119 -9.4341 0.9
      vertex 29.5259 -9.60859 -0.9
      vertex 29.0119 -9.4341 -0.9
    endloop
  endfacet
  facet normal 0.997859 -0.0653966 0
    outer loop
      vertex 26.45 -5.6 0.9
      vertex 26.4855 -5.05832 -0.9
      vertex 26.4855 -5.05832 0.9
    endloop
  endfacet
  facet normal 0.997859 -0.0653966 0
    outer loop
      vertex 26.4855 -5.05832 -0.9
      vertex 26.45 -5.6 0.9
      vertex 26.45 -5.6 -0.9
    endloop
  endfacet
  facet normal -0.555537 0.831492 0
    outer loop
      vertex 33.1264 -8.89242 -0.9
      vertex 32.675 -9.19401 0.9
      vertex 33.1264 -8.89242 0.9
    endloop
  endfacet
  facet normal -0.555537 0.831492 0
    outer loop
      vertex 32.675 -9.19401 0.9
      vertex 33.1264 -8.89242 -0.9
      vertex 32.675 -9.19401 -0.9
    endloop
  endfacet
  facet normal 0.83146 -0.555584 0
    outer loop
      vertex 27.006 -3.525 0.9
      vertex 27.3076 -3.07364 -0.9
      vertex 27.3076 -3.07364 0.9
    endloop
  endfacet
  facet normal 0.83146 -0.555584 0
    outer loop
      vertex 27.3076 -3.07364 -0.9
      vertex 27.006 -3.525 0.9
      vertex 27.006 -3.525 -0.9
    endloop
  endfacet
  facet normal 0.896867 -0.442299 0
    outer loop
      vertex 26.7659 -4.01186 0.9
      vertex 27.006 -3.525 -0.9
      vertex 27.006 -3.525 0.9
    endloop
  endfacet
  facet normal 0.896867 -0.442299 0
    outer loop
      vertex 27.006 -3.525 -0.9
      vertex 26.7659 -4.01186 0.9
      vertex 26.7659 -4.01186 -0.9
    endloop
  endfacet
  facet normal -0.751858 -0.659325 0
    outer loop
      vertex 33.8924 -3.07364 -0.9
      vertex 33.5345 -2.66551 0.9
      vertex 33.5345 -2.66551 -0.9
    endloop
  endfacet
  facet normal -0.751858 -0.659325 0
    outer loop
      vertex 33.5345 -2.66551 0.9
      vertex 33.8924 -3.07364 -0.9
      vertex 33.8924 -3.07364 0.9
    endloop
  endfacet
  facet normal 0.321457 -0.946924 0
    outer loop
      vertex 29.0119 -1.7659 -0.9
      vertex 29.5259 -1.59141 0.9
      vertex 29.0119 -1.7659 0.9
    endloop
  endfacet
  facet normal 0.321457 -0.946924 0
    outer loop
      vertex 29.5259 -1.59141 0.9
      vertex 29.0119 -1.7659 -0.9
      vertex 29.5259 -1.59141 -0.9
    endloop
  endfacet
  facet normal 0.555537 0.831492 -0
    outer loop
      vertex 28.525 -9.19401 -0.9
      vertex 28.0736 -8.89242 0.9
      vertex 28.525 -9.19401 0.9
    endloop
  endfacet
  facet normal 0.555537 0.831492 0
    outer loop
      vertex 28.0736 -8.89242 0.9
      vertex 28.525 -9.19401 -0.9
      vertex 28.0736 -8.89242 -0.9
    endloop
  endfacet
  facet normal 0.195106 -0.980782 0
    outer loop
      vertex 29.5259 -1.59141 -0.9
      vertex 30.0583 -1.4855 0.9
      vertex 29.5259 -1.59141 0.9
    endloop
  endfacet
  facet normal 0.195106 -0.980782 0
    outer loop
      vertex 30.0583 -1.4855 0.9
      vertex 29.5259 -1.59141 -0.9
      vertex 30.0583 -1.4855 -0.9
    endloop
  endfacet
  facet normal -0.659383 0.751807 0
    outer loop
      vertex 33.5345 -8.53449 -0.9
      vertex 33.1264 -8.89242 0.9
      vertex 33.5345 -8.53449 0.9
    endloop
  endfacet
  facet normal -0.659383 0.751807 0
    outer loop
      vertex 33.1264 -8.89242 0.9
      vertex 33.5345 -8.53449 -0.9
      vertex 33.1264 -8.89242 -0.9
    endloop
  endfacet
  facet normal 0.0653942 -0.99786 0
    outer loop
      vertex 30.0583 -1.4855 -0.9
      vertex 30.6 -1.45 0.9
      vertex 30.0583 -1.4855 0.9
    endloop
  endfacet
  facet normal 0.0653942 -0.99786 0
    outer loop
      vertex 30.6 -1.45 0.9
      vertex 30.0583 -1.4855 -0.9
      vertex 30.6 -1.45 -0.9
    endloop
  endfacet
  facet normal -0.707109 -0.707104 0
    outer loop
      vertex 55.879 -5.6 -0.9
      vertex 51 -0.720963 0.9
      vertex 51 -0.720963 -0.9
    endloop
  endfacet
  facet normal -0.707109 -0.707104 0
    outer loop
      vertex 51 -0.720963 0.9
      vertex 55.879 -5.6 -0.9
      vertex 55.879 -5.6 0.9
    endloop
  endfacet
  facet normal 0.707107 0.707107 0
    outer loop
      vertex 51 -10.479 0.9
      vertex 46.121 -5.6 -0.9
      vertex 46.121 -5.6 0.9
    endloop
  endfacet
  facet normal 0.707107 0.707107 0
    outer loop
      vertex 46.121 -5.6 -0.9
      vertex 51 -10.479 0.9
      vertex 51 -10.479 -0.9
    endloop
  endfacet
  facet normal 0.707109 -0.707104 0
    outer loop
      vertex 46.121 -5.6 0.9
      vertex 51 -0.720963 -0.9
      vertex 51 -0.720963 0.9
    endloop
  endfacet
  facet normal 0.707109 -0.707104 0
    outer loop
      vertex 51 -0.720963 -0.9
      vertex 46.121 -5.6 0.9
      vertex 46.121 -5.6 -0.9
    endloop
  endfacet
  facet normal -0.707107 0.707107 0
    outer loop
      vertex 51 -10.479 -0.9
      vertex 55.879 -5.6 0.9
      vertex 55.879 -5.6 -0.9
    endloop
  endfacet
  facet normal -0.707107 0.707107 0
    outer loop
      vertex 55.879 -5.6 0.9
      vertex 51 -10.479 -0.9
      vertex 51 -10.479 0.9
    endloop
  endfacet
  facet normal -0.980787 -0.195082 0
    outer loop
      vertex -46.8855 6.14168 -0.9
      vertex -46.9914 6.6741 0.9
      vertex -46.9914 6.6741 -0.9
    endloop
  endfacet
  facet normal -0.980787 -0.195082 0
    outer loop
      vertex -46.9914 6.6741 0.9
      vertex -46.8855 6.14168 -0.9
      vertex -46.8855 6.14168 0.9
    endloop
  endfacet
  facet normal -0.997859 -0.0653966 0
    outer loop
      vertex -46.85 5.6 -0.9
      vertex -46.8855 6.14168 0.9
      vertex -46.8855 6.14168 -0.9
    endloop
  endfacet
  facet normal -0.997859 -0.0653966 0
    outer loop
      vertex -46.8855 6.14168 0.9
      vertex -46.85 5.6 -0.9
      vertex -46.85 5.6 0.9
    endloop
  endfacet
  facet normal -0.946926 -0.321451 0
    outer loop
      vertex -46.9914 6.6741 -0.9
      vertex -47.1659 7.18814 0.9
      vertex -47.1659 7.18814 -0.9
    endloop
  endfacet
  facet normal -0.946926 -0.321451 0
    outer loop
      vertex -47.1659 7.18814 0.9
      vertex -46.9914 6.6741 -0.9
      vertex -46.9914 6.6741 0.9
    endloop
  endfacet
  facet normal -0.83146 -0.555584 0
    outer loop
      vertex -47.406 7.675 -0.9
      vertex -47.7076 8.12636 0.9
      vertex -47.7076 8.12636 -0.9
    endloop
  endfacet
  facet normal -0.83146 -0.555584 0
    outer loop
      vertex -47.7076 8.12636 0.9
      vertex -47.406 7.675 -0.9
      vertex -47.406 7.675 0.9
    endloop
  endfacet
  facet normal 0.0653942 -0.99786 0
    outer loop
      vertex -51.5417 9.7145 -0.9
      vertex -51 9.75 0.9
      vertex -51.5417 9.7145 0.9
    endloop
  endfacet
  facet normal 0.0653942 -0.99786 0
    outer loop
      vertex -51 9.75 0.9
      vertex -51.5417 9.7145 -0.9
      vertex -51 9.75 -0.9
    endloop
  endfacet
  facet normal -0.321457 -0.946924 0
    outer loop
      vertex -49.9259 9.60859 -0.9
      vertex -49.4119 9.4341 0.9
      vertex -49.9259 9.60859 0.9
    endloop
  endfacet
  facet normal -0.321457 -0.946924 -0
    outer loop
      vertex -49.4119 9.4341 0.9
      vertex -49.9259 9.60859 -0.9
      vertex -49.4119 9.4341 -0.9
    endloop
  endfacet
  facet normal -0.321457 0.946924 0
    outer loop
      vertex -49.4119 1.7659 -0.9
      vertex -49.9259 1.59141 0.9
      vertex -49.4119 1.7659 0.9
    endloop
  endfacet
  facet normal -0.321457 0.946924 0
    outer loop
      vertex -49.9259 1.59141 0.9
      vertex -49.4119 1.7659 -0.9
      vertex -49.9259 1.59141 -0.9
    endloop
  endfacet
  facet normal 0.751858 0.659325 0
    outer loop
      vertex -53.9345 2.66551 0.9
      vertex -54.2924 3.07364 -0.9
      vertex -54.2924 3.07364 0.9
    endloop
  endfacet
  facet normal 0.751858 0.659325 0
    outer loop
      vertex -54.2924 3.07364 -0.9
      vertex -53.9345 2.66551 0.9
      vertex -53.9345 2.66551 -0.9
    endloop
  endfacet
  facet normal -0.896867 -0.442299 0
    outer loop
      vertex -47.1659 7.18814 -0.9
      vertex -47.406 7.675 0.9
      vertex -47.406 7.675 -0.9
    endloop
  endfacet
  facet normal -0.896867 -0.442299 0
    outer loop
      vertex -47.406 7.675 0.9
      vertex -47.1659 7.18814 -0.9
      vertex -47.1659 7.18814 0.9
    endloop
  endfacet
  facet normal 0.195106 -0.980782 0
    outer loop
      vertex -52.0741 9.60859 -0.9
      vertex -51.5417 9.7145 0.9
      vertex -52.0741 9.60859 0.9
    endloop
  endfacet
  facet normal 0.195106 -0.980782 0
    outer loop
      vertex -51.5417 9.7145 0.9
      vertex -52.0741 9.60859 -0.9
      vertex -51.5417 9.7145 -0.9
    endloop
  endfacet
  facet normal 0.659383 0.751807 -0
    outer loop
      vertex -53.5264 2.30758 -0.9
      vertex -53.9345 2.66551 0.9
      vertex -53.5264 2.30758 0.9
    endloop
  endfacet
  facet normal 0.659383 0.751807 0
    outer loop
      vertex -53.9345 2.66551 0.9
      vertex -53.5264 2.30758 -0.9
      vertex -53.9345 2.66551 -0.9
    endloop
  endfacet
  facet normal -0.442255 0.896889 0
    outer loop
      vertex -48.925 2.00599 -0.9
      vertex -49.4119 1.7659 0.9
      vertex -48.925 2.00599 0.9
    endloop
  endfacet
  facet normal -0.442255 0.896889 0
    outer loop
      vertex -49.4119 1.7659 0.9
      vertex -48.925 2.00599 -0.9
      vertex -49.4119 1.7659 -0.9
    endloop
  endfacet
  facet normal 0.83146 0.555584 0
    outer loop
      vertex -54.2924 3.07364 0.9
      vertex -54.594 3.525 -0.9
      vertex -54.594 3.525 0.9
    endloop
  endfacet
  facet normal 0.83146 0.555584 0
    outer loop
      vertex -54.594 3.525 -0.9
      vertex -54.2924 3.07364 0.9
      vertex -54.2924 3.07364 -0.9
    endloop
  endfacet
  facet normal -0.195106 0.980782 0
    outer loop
      vertex -49.9259 1.59141 -0.9
      vertex -50.4583 1.4855 0.9
      vertex -49.9259 1.59141 0.9
    endloop
  endfacet
  facet normal -0.195106 0.980782 0
    outer loop
      vertex -50.4583 1.4855 0.9
      vertex -49.9259 1.59141 -0.9
      vertex -50.4583 1.4855 -0.9
    endloop
  endfacet
  facet normal 0.659383 -0.751807 0
    outer loop
      vertex -53.9345 8.53449 -0.9
      vertex -53.5264 8.89242 0.9
      vertex -53.9345 8.53449 0.9
    endloop
  endfacet
  facet normal 0.659383 -0.751807 0
    outer loop
      vertex -53.5264 8.89242 0.9
      vertex -53.9345 8.53449 -0.9
      vertex -53.5264 8.89242 -0.9
    endloop
  endfacet
  facet normal -0.659383 0.751807 0
    outer loop
      vertex -48.0655 2.66551 -0.9
      vertex -48.4736 2.30758 0.9
      vertex -48.0655 2.66551 0.9
    endloop
  endfacet
  facet normal -0.659383 0.751807 0
    outer loop
      vertex -48.4736 2.30758 0.9
      vertex -48.0655 2.66551 -0.9
      vertex -48.4736 2.30758 -0.9
    endloop
  endfacet
  facet normal -0.555537 -0.831492 0
    outer loop
      vertex -48.925 9.19401 -0.9
      vertex -48.4736 8.89242 0.9
      vertex -48.925 9.19401 0.9
    endloop
  endfacet
  facet normal -0.555537 -0.831492 -0
    outer loop
      vertex -48.4736 8.89242 0.9
      vertex -48.925 9.19401 -0.9
      vertex -48.4736 8.89242 -0.9
    endloop
  endfacet
  facet normal 0.946926 -0.321451 0
    outer loop
      vertex -55.0086 6.6741 0.9
      vertex -54.8341 7.18814 -0.9
      vertex -54.8341 7.18814 0.9
    endloop
  endfacet
  facet normal 0.946926 -0.321451 0
    outer loop
      vertex -54.8341 7.18814 -0.9
      vertex -55.0086 6.6741 0.9
      vertex -55.0086 6.6741 -0.9
    endloop
  endfacet
  facet normal -0.751858 -0.659325 0
    outer loop
      vertex -47.7076 8.12636 -0.9
      vertex -48.0655 8.53449 0.9
      vertex -48.0655 8.53449 -0.9
    endloop
  endfacet
  facet normal -0.751858 -0.659325 0
    outer loop
      vertex -48.0655 8.53449 0.9
      vertex -47.7076 8.12636 -0.9
      vertex -47.7076 8.12636 0.9
    endloop
  endfacet
  facet normal -0.946926 0.321451 0
    outer loop
      vertex -47.1659 4.01186 -0.9
      vertex -46.9914 4.5259 0.9
      vertex -46.9914 4.5259 -0.9
    endloop
  endfacet
  facet normal -0.946926 0.321451 0
    outer loop
      vertex -46.9914 4.5259 0.9
      vertex -47.1659 4.01186 -0.9
      vertex -47.1659 4.01186 0.9
    endloop
  endfacet
  facet normal -0.751858 0.659325 0
    outer loop
      vertex -48.0655 2.66551 -0.9
      vertex -47.7076 3.07364 0.9
      vertex -47.7076 3.07364 -0.9
    endloop
  endfacet
  facet normal -0.751858 0.659325 0
    outer loop
      vertex -47.7076 3.07364 0.9
      vertex -48.0655 2.66551 -0.9
      vertex -48.0655 2.66551 0.9
    endloop
  endfacet
  facet normal -0.659383 -0.751807 0
    outer loop
      vertex -48.4736 8.89242 -0.9
      vertex -48.0655 8.53449 0.9
      vertex -48.4736 8.89242 0.9
    endloop
  endfacet
  facet normal -0.659383 -0.751807 -0
    outer loop
      vertex -48.0655 8.53449 0.9
      vertex -48.4736 8.89242 -0.9
      vertex -48.0655 8.53449 -0.9
    endloop
  endfacet
  facet normal 0.997859 -0.0653966 0
    outer loop
      vertex -55.15 5.6 0.9
      vertex -55.1145 6.14168 -0.9
      vertex -55.1145 6.14168 0.9
    endloop
  endfacet
  facet normal 0.997859 -0.0653966 0
    outer loop
      vertex -55.1145 6.14168 -0.9
      vertex -55.15 5.6 0.9
      vertex -55.15 5.6 -0.9
    endloop
  endfacet
  facet normal 0.555537 -0.831492 0
    outer loop
      vertex -53.5264 8.89242 -0.9
      vertex -53.075 9.19401 0.9
      vertex -53.5264 8.89242 0.9
    endloop
  endfacet
  facet normal 0.555537 -0.831492 0
    outer loop
      vertex -53.075 9.19401 0.9
      vertex -53.5264 8.89242 -0.9
      vertex -53.075 9.19401 -0.9
    endloop
  endfacet
  facet normal -0.83146 0.555584 0
    outer loop
      vertex -47.7076 3.07364 -0.9
      vertex -47.406 3.525 0.9
      vertex -47.406 3.525 -0.9
    endloop
  endfacet
  facet normal -0.83146 0.555584 0
    outer loop
      vertex -47.406 3.525 0.9
      vertex -47.7076 3.07364 -0.9
      vertex -47.7076 3.07364 0.9
    endloop
  endfacet
  facet normal -0.0653942 -0.99786 0
    outer loop
      vertex -51 9.75 -0.9
      vertex -50.4583 9.7145 0.9
      vertex -51 9.75 0.9
    endloop
  endfacet
  facet normal -0.0653942 -0.99786 -0
    outer loop
      vertex -50.4583 9.7145 0.9
      vertex -51 9.75 -0.9
      vertex -50.4583 9.7145 -0.9
    endloop
  endfacet
  facet normal -0.896867 0.442299 0
    outer loop
      vertex -47.406 3.525 -0.9
      vertex -47.1659 4.01186 0.9
      vertex -47.1659 4.01186 -0.9
    endloop
  endfacet
  facet normal -0.896867 0.442299 0
    outer loop
      vertex -47.1659 4.01186 0.9
      vertex -47.406 3.525 -0.9
      vertex -47.406 3.525 0.9
    endloop
  endfacet
  facet normal 0.321457 0.946924 -0
    outer loop
      vertex -52.0741 1.59141 -0.9
      vertex -52.5881 1.7659 0.9
      vertex -52.0741 1.59141 0.9
    endloop
  endfacet
  facet normal 0.321457 0.946924 0
    outer loop
      vertex -52.5881 1.7659 0.9
      vertex -52.0741 1.59141 -0.9
      vertex -52.5881 1.7659 -0.9
    endloop
  endfacet
  facet normal 0.980787 -0.195082 0
    outer loop
      vertex -55.1145 6.14168 0.9
      vertex -55.0086 6.6741 -0.9
      vertex -55.0086 6.6741 0.9
    endloop
  endfacet
  facet normal 0.980787 -0.195082 0
    outer loop
      vertex -55.0086 6.6741 -0.9
      vertex -55.1145 6.14168 0.9
      vertex -55.1145 6.14168 -0.9
    endloop
  endfacet
  facet normal -0.555537 0.831492 0
    outer loop
      vertex -48.4736 2.30758 -0.9
      vertex -48.925 2.00599 0.9
      vertex -48.4736 2.30758 0.9
    endloop
  endfacet
  facet normal -0.555537 0.831492 0
    outer loop
      vertex -48.925 2.00599 0.9
      vertex -48.4736 2.30758 -0.9
      vertex -48.925 2.00599 -0.9
    endloop
  endfacet
  facet normal 0.321457 -0.946924 0
    outer loop
      vertex -52.5881 9.4341 -0.9
      vertex -52.0741 9.60859 0.9
      vertex -52.5881 9.4341 0.9
    endloop
  endfacet
  facet normal 0.321457 -0.946924 0
    outer loop
      vertex -52.0741 9.60859 0.9
      vertex -52.5881 9.4341 -0.9
      vertex -52.0741 9.60859 -0.9
    endloop
  endfacet
  facet normal -0.442255 -0.896889 0
    outer loop
      vertex -49.4119 9.4341 -0.9
      vertex -48.925 9.19401 0.9
      vertex -49.4119 9.4341 0.9
    endloop
  endfacet
  facet normal -0.442255 -0.896889 -0
    outer loop
      vertex -48.925 9.19401 0.9
      vertex -49.4119 9.4341 -0.9
      vertex -48.925 9.19401 -0.9
    endloop
  endfacet
  facet normal -0.980787 0.195082 0
    outer loop
      vertex -46.9914 4.5259 -0.9
      vertex -46.8855 5.05832 0.9
      vertex -46.8855 5.05832 -0.9
    endloop
  endfacet
  facet normal -0.980787 0.195082 0
    outer loop
      vertex -46.8855 5.05832 0.9
      vertex -46.9914 4.5259 -0.9
      vertex -46.9914 4.5259 0.9
    endloop
  endfacet
  facet normal -0.997859 0.0653966 0
    outer loop
      vertex -46.8855 5.05832 -0.9
      vertex -46.85 5.6 0.9
      vertex -46.85 5.6 -0.9
    endloop
  endfacet
  facet normal -0.997859 0.0653966 0
    outer loop
      vertex -46.85 5.6 0.9
      vertex -46.8855 5.05832 -0.9
      vertex -46.8855 5.05832 0.9
    endloop
  endfacet
  facet normal 0.896867 0.442299 0
    outer loop
      vertex -54.594 3.525 0.9
      vertex -54.8341 4.01186 -0.9
      vertex -54.8341 4.01186 0.9
    endloop
  endfacet
  facet normal 0.896867 0.442299 0
    outer loop
      vertex -54.8341 4.01186 -0.9
      vertex -54.594 3.525 0.9
      vertex -54.594 3.525 -0.9
    endloop
  endfacet
  facet normal 0.555537 0.831492 -0
    outer loop
      vertex -53.075 2.00599 -0.9
      vertex -53.5264 2.30758 0.9
      vertex -53.075 2.00599 0.9
    endloop
  endfacet
  facet normal 0.555537 0.831492 0
    outer loop
      vertex -53.5264 2.30758 0.9
      vertex -53.075 2.00599 -0.9
      vertex -53.5264 2.30758 -0.9
    endloop
  endfacet
  facet normal 0.0653942 0.99786 -0
    outer loop
      vertex -51 1.45 -0.9
      vertex -51.5417 1.4855 0.9
      vertex -51 1.45 0.9
    endloop
  endfacet
  facet normal 0.0653942 0.99786 0
    outer loop
      vertex -51.5417 1.4855 0.9
      vertex -51 1.45 -0.9
      vertex -51.5417 1.4855 -0.9
    endloop
  endfacet
  facet normal 0.946926 0.321451 0
    outer loop
      vertex -54.8341 4.01186 0.9
      vertex -55.0086 4.5259 -0.9
      vertex -55.0086 4.5259 0.9
    endloop
  endfacet
  facet normal 0.946926 0.321451 0
    outer loop
      vertex -55.0086 4.5259 -0.9
      vertex -54.8341 4.01186 0.9
      vertex -54.8341 4.01186 -0.9
    endloop
  endfacet
  facet normal -0.195106 -0.980782 0
    outer loop
      vertex -50.4583 9.7145 -0.9
      vertex -49.9259 9.60859 0.9
      vertex -50.4583 9.7145 0.9
    endloop
  endfacet
  facet normal -0.195106 -0.980782 -0
    outer loop
      vertex -49.9259 9.60859 0.9
      vertex -50.4583 9.7145 -0.9
      vertex -49.9259 9.60859 -0.9
    endloop
  endfacet
  facet normal 0.442255 -0.896889 0
    outer loop
      vertex -53.075 9.19401 -0.9
      vertex -52.5881 9.4341 0.9
      vertex -53.075 9.19401 0.9
    endloop
  endfacet
  facet normal 0.442255 -0.896889 0
    outer loop
      vertex -52.5881 9.4341 0.9
      vertex -53.075 9.19401 -0.9
      vertex -52.5881 9.4341 -0.9
    endloop
  endfacet
  facet normal 0.997859 0.0653966 0
    outer loop
      vertex -55.1145 5.05832 0.9
      vertex -55.15 5.6 -0.9
      vertex -55.15 5.6 0.9
    endloop
  endfacet
  facet normal 0.997859 0.0653966 0
    outer loop
      vertex -55.15 5.6 -0.9
      vertex -55.1145 5.05832 0.9
      vertex -55.1145 5.05832 -0.9
    endloop
  endfacet
  facet normal 0.751858 -0.659325 0
    outer loop
      vertex -54.2924 8.12636 0.9
      vertex -53.9345 8.53449 -0.9
      vertex -53.9345 8.53449 0.9
    endloop
  endfacet
  facet normal 0.751858 -0.659325 0
    outer loop
      vertex -53.9345 8.53449 -0.9
      vertex -54.2924 8.12636 0.9
      vertex -54.2924 8.12636 -0.9
    endloop
  endfacet
  facet normal -0.0653942 0.99786 0
    outer loop
      vertex -50.4583 1.4855 -0.9
      vertex -51 1.45 0.9
      vertex -50.4583 1.4855 0.9
    endloop
  endfacet
  facet normal -0.0653942 0.99786 0
    outer loop
      vertex -51 1.45 0.9
      vertex -50.4583 1.4855 -0.9
      vertex -51 1.45 -0.9
    endloop
  endfacet
  facet normal 0.442255 0.896889 -0
    outer loop
      vertex -52.5881 1.7659 -0.9
      vertex -53.075 2.00599 0.9
      vertex -52.5881 1.7659 0.9
    endloop
  endfacet
  facet normal 0.442255 0.896889 0
    outer loop
      vertex -53.075 2.00599 0.9
      vertex -52.5881 1.7659 -0.9
      vertex -53.075 2.00599 -0.9
    endloop
  endfacet
  facet normal 0.896867 -0.442299 0
    outer loop
      vertex -54.8341 7.18814 0.9
      vertex -54.594 7.675 -0.9
      vertex -54.594 7.675 0.9
    endloop
  endfacet
  facet normal 0.896867 -0.442299 0
    outer loop
      vertex -54.594 7.675 -0.9
      vertex -54.8341 7.18814 0.9
      vertex -54.8341 7.18814 -0.9
    endloop
  endfacet
  facet normal 0.980787 0.195082 0
    outer loop
      vertex -55.0086 4.5259 0.9
      vertex -55.1145 5.05832 -0.9
      vertex -55.1145 5.05832 0.9
    endloop
  endfacet
  facet normal 0.980787 0.195082 0
    outer loop
      vertex -55.1145 5.05832 -0.9
      vertex -55.0086 4.5259 0.9
      vertex -55.0086 4.5259 -0.9
    endloop
  endfacet
  facet normal 0.195106 0.980782 -0
    outer loop
      vertex -51.5417 1.4855 -0.9
      vertex -52.0741 1.59141 0.9
      vertex -51.5417 1.4855 0.9
    endloop
  endfacet
  facet normal 0.195106 0.980782 0
    outer loop
      vertex -52.0741 1.59141 0.9
      vertex -51.5417 1.4855 -0.9
      vertex -52.0741 1.59141 -0.9
    endloop
  endfacet
  facet normal 0.83146 -0.555584 0
    outer loop
      vertex -54.594 7.675 0.9
      vertex -54.2924 8.12636 -0.9
      vertex -54.2924 8.12636 0.9
    endloop
  endfacet
  facet normal 0.83146 -0.555584 0
    outer loop
      vertex -54.2924 8.12636 -0.9
      vertex -54.594 7.675 0.9
      vertex -54.594 7.675 -0.9
    endloop
  endfacet
  facet normal -0.866026 -0.499999 0
    outer loop
      vertex -36.9895 3.4 -0.9
      vertex -40.8 10 0.9
      vertex -40.8 10 -0.9
    endloop
  endfacet
  facet normal -0.866026 -0.499999 0
    outer loop
      vertex -40.8 10 0.9
      vertex -36.9895 3.4 -0.9
      vertex -36.9895 3.4 0.9
    endloop
  endfacet
  facet normal 0.866026 -0.499999 0
    outer loop
      vertex -44.6105 3.4 0.9
      vertex -40.8 10 -0.9
      vertex -40.8 10 0.9
    endloop
  endfacet
  facet normal 0.866026 -0.499999 0
    outer loop
      vertex -40.8 10 -0.9
      vertex -44.6105 3.4 0.9
      vertex -44.6105 3.4 -0.9
    endloop
  endfacet
  facet normal 0 1 -0
    outer loop
      vertex -36.9895 3.4 -0.9
      vertex -44.6105 3.4 0.9
      vertex -36.9895 3.4 0.9
    endloop
  endfacet
  facet normal 0 1 0
    outer loop
      vertex -44.6105 3.4 0.9
      vertex -36.9895 3.4 -0.9
      vertex -44.6105 3.4 -0.9
    endloop
  endfacet
  facet normal -0.980787 -0.195082 0
    outer loop
      vertex -16.2855 6.14168 -0.9
      vertex -16.3914 6.6741 0.9
      vertex -16.3914 6.6741 -0.9
    endloop
  endfacet
  facet normal -0.980787 -0.195082 0
    outer loop
      vertex -16.3914 6.6741 0.9
      vertex -16.2855 6.14168 -0.9
      vertex -16.2855 6.14168 0.9
    endloop
  endfacet
  facet normal -0.997859 -0.0653966 0
    outer loop
      vertex -16.25 5.6 -0.9
      vertex -16.2855 6.14168 0.9
      vertex -16.2855 6.14168 -0.9
    endloop
  endfacet
  facet normal -0.997859 -0.0653966 0
    outer loop
      vertex -16.2855 6.14168 0.9
      vertex -16.25 5.6 -0.9
      vertex -16.25 5.6 0.9
    endloop
  endfacet
  facet normal 0.83146 -0.555584 0
    outer loop
      vertex -23.994 7.675 0.9
      vertex -23.6924 8.12636 -0.9
      vertex -23.6924 8.12636 0.9
    endloop
  endfacet
  facet normal 0.83146 -0.555584 0
    outer loop
      vertex -23.6924 8.12636 -0.9
      vertex -23.994 7.675 0.9
      vertex -23.994 7.675 -0.9
    endloop
  endfacet
  facet normal 0.83146 0.555584 0
    outer loop
      vertex -23.6924 3.07364 0.9
      vertex -23.994 3.525 -0.9
      vertex -23.994 3.525 0.9
    endloop
  endfacet
  facet normal 0.83146 0.555584 0
    outer loop
      vertex -23.994 3.525 -0.9
      vertex -23.6924 3.07364 0.9
      vertex -23.6924 3.07364 -0.9
    endloop
  endfacet
  facet normal 0.442255 -0.896889 0
    outer loop
      vertex -22.475 9.19401 -0.9
      vertex -21.9881 9.4341 0.9
      vertex -22.475 9.19401 0.9
    endloop
  endfacet
  facet normal 0.442255 -0.896889 0
    outer loop
      vertex -21.9881 9.4341 0.9
      vertex -22.475 9.19401 -0.9
      vertex -21.9881 9.4341 -0.9
    endloop
  endfacet
  facet normal 0.321457 0.946924 -0
    outer loop
      vertex -21.4741 1.59141 -0.9
      vertex -21.9881 1.7659 0.9
      vertex -21.4741 1.59141 0.9
    endloop
  endfacet
  facet normal 0.321457 0.946924 0
    outer loop
      vertex -21.9881 1.7659 0.9
      vertex -21.4741 1.59141 -0.9
      vertex -21.9881 1.7659 -0.9
    endloop
  endfacet
  facet normal -0.659383 -0.751807 0
    outer loop
      vertex -17.8736 8.89242 -0.9
      vertex -17.4655 8.53449 0.9
      vertex -17.8736 8.89242 0.9
    endloop
  endfacet
  facet normal -0.659383 -0.751807 -0
    outer loop
      vertex -17.4655 8.53449 0.9
      vertex -17.8736 8.89242 -0.9
      vertex -17.4655 8.53449 -0.9
    endloop
  endfacet
  facet normal 0.0653942 0.99786 -0
    outer loop
      vertex -20.4 1.45 -0.9
      vertex -20.9417 1.4855 0.9
      vertex -20.4 1.45 0.9
    endloop
  endfacet
  facet normal 0.0653942 0.99786 0
    outer loop
      vertex -20.9417 1.4855 0.9
      vertex -20.4 1.45 -0.9
      vertex -20.9417 1.4855 -0.9
    endloop
  endfacet
  facet normal -0.659383 0.751807 0
    outer loop
      vertex -17.4655 2.66551 -0.9
      vertex -17.8736 2.30758 0.9
      vertex -17.4655 2.66551 0.9
    endloop
  endfacet
  facet normal -0.659383 0.751807 0
    outer loop
      vertex -17.8736 2.30758 0.9
      vertex -17.4655 2.66551 -0.9
      vertex -17.8736 2.30758 -0.9
    endloop
  endfacet
  facet normal -0.896867 -0.442299 0
    outer loop
      vertex -16.5659 7.18814 -0.9
      vertex -16.806 7.675 0.9
      vertex -16.806 7.675 -0.9
    endloop
  endfacet
  facet normal -0.896867 -0.442299 0
    outer loop
      vertex -16.806 7.675 0.9
      vertex -16.5659 7.18814 -0.9
      vertex -16.5659 7.18814 0.9
    endloop
  endfacet
  facet normal -0.997859 0.0653966 0
    outer loop
      vertex -16.2855 5.05832 -0.9
      vertex -16.25 5.6 0.9
      vertex -16.25 5.6 -0.9
    endloop
  endfacet
  facet normal -0.997859 0.0653966 0
    outer loop
      vertex -16.25 5.6 0.9
      vertex -16.2855 5.05832 -0.9
      vertex -16.2855 5.05832 0.9
    endloop
  endfacet
  facet normal 0.442255 0.896889 -0
    outer loop
      vertex -21.9881 1.7659 -0.9
      vertex -22.475 2.00599 0.9
      vertex -21.9881 1.7659 0.9
    endloop
  endfacet
  facet normal 0.442255 0.896889 0
    outer loop
      vertex -22.475 2.00599 0.9
      vertex -21.9881 1.7659 -0.9
      vertex -22.475 2.00599 -0.9
    endloop
  endfacet
  facet normal -0.83146 -0.555584 0
    outer loop
      vertex -16.806 7.675 -0.9
      vertex -17.1076 8.12636 0.9
      vertex -17.1076 8.12636 -0.9
    endloop
  endfacet
  facet normal -0.83146 -0.555584 0
    outer loop
      vertex -17.1076 8.12636 0.9
      vertex -16.806 7.675 -0.9
      vertex -16.806 7.675 0.9
    endloop
  endfacet
  facet normal -0.442255 -0.896889 0
    outer loop
      vertex -18.8119 9.4341 -0.9
      vertex -18.325 9.19401 0.9
      vertex -18.8119 9.4341 0.9
    endloop
  endfacet
  facet normal -0.442255 -0.896889 -0
    outer loop
      vertex -18.325 9.19401 0.9
      vertex -18.8119 9.4341 -0.9
      vertex -18.325 9.19401 -0.9
    endloop
  endfacet
  facet normal -0.751858 0.659325 0
    outer loop
      vertex -17.4655 2.66551 -0.9
      vertex -17.1076 3.07364 0.9
      vertex -17.1076 3.07364 -0.9
    endloop
  endfacet
  facet normal -0.751858 0.659325 0
    outer loop
      vertex -17.1076 3.07364 0.9
      vertex -17.4655 2.66551 -0.9
      vertex -17.4655 2.66551 0.9
    endloop
  endfacet
  facet normal 0.195106 0.980782 -0
    outer loop
      vertex -20.9417 1.4855 -0.9
      vertex -21.4741 1.59141 0.9
      vertex -20.9417 1.4855 0.9
    endloop
  endfacet
  facet normal 0.195106 0.980782 0
    outer loop
      vertex -21.4741 1.59141 0.9
      vertex -20.9417 1.4855 -0.9
      vertex -21.4741 1.59141 -0.9
    endloop
  endfacet
  facet normal -0.0653942 -0.99786 0
    outer loop
      vertex -20.4 9.75 -0.9
      vertex -19.8583 9.7145 0.9
      vertex -20.4 9.75 0.9
    endloop
  endfacet
  facet normal -0.0653942 -0.99786 -0
    outer loop
      vertex -19.8583 9.7145 0.9
      vertex -20.4 9.75 -0.9
      vertex -19.8583 9.7145 -0.9
    endloop
  endfacet
  facet normal -0.980787 0.195082 0
    outer loop
      vertex -16.3914 4.5259 -0.9
      vertex -16.2855 5.05832 0.9
      vertex -16.2855 5.05832 -0.9
    endloop
  endfacet
  facet normal -0.980787 0.195082 0
    outer loop
      vertex -16.2855 5.05832 0.9
      vertex -16.3914 4.5259 -0.9
      vertex -16.3914 4.5259 0.9
    endloop
  endfacet
  facet normal 0.751858 -0.659325 0
    outer loop
      vertex -23.6924 8.12636 0.9
      vertex -23.3345 8.53449 -0.9
      vertex -23.3345 8.53449 0.9
    endloop
  endfacet
  facet normal 0.751858 -0.659325 0
    outer loop
      vertex -23.3345 8.53449 -0.9
      vertex -23.6924 8.12636 0.9
      vertex -23.6924 8.12636 -0.9
    endloop
  endfacet
  facet normal -0.946926 0.321451 0
    outer loop
      vertex -16.5659 4.01186 -0.9
      vertex -16.3914 4.5259 0.9
      vertex -16.3914 4.5259 -0.9
    endloop
  endfacet
  facet normal -0.946926 0.321451 0
    outer loop
      vertex -16.3914 4.5259 0.9
      vertex -16.5659 4.01186 -0.9
      vertex -16.5659 4.01186 0.9
    endloop
  endfacet
  facet normal 0.751858 0.659325 0
    outer loop
      vertex -23.3345 2.66551 0.9
      vertex -23.6924 3.07364 -0.9
      vertex -23.6924 3.07364 0.9
    endloop
  endfacet
  facet normal 0.751858 0.659325 0
    outer loop
      vertex -23.6924 3.07364 -0.9
      vertex -23.3345 2.66551 0.9
      vertex -23.3345 2.66551 -0.9
    endloop
  endfacet
  facet normal 0.0653942 -0.99786 0
    outer loop
      vertex -20.9417 9.7145 -0.9
      vertex -20.4 9.75 0.9
      vertex -20.9417 9.7145 0.9
    endloop
  endfacet
  facet normal 0.0653942 -0.99786 0
    outer loop
      vertex -20.4 9.75 0.9
      vertex -20.9417 9.7145 -0.9
      vertex -20.4 9.75 -0.9
    endloop
  endfacet
  facet normal -0.195106 0.980782 0
    outer loop
      vertex -19.3259 1.59141 -0.9
      vertex -19.8583 1.4855 0.9
      vertex -19.3259 1.59141 0.9
    endloop
  endfacet
  facet normal -0.195106 0.980782 0
    outer loop
      vertex -19.8583 1.4855 0.9
      vertex -19.3259 1.59141 -0.9
      vertex -19.8583 1.4855 -0.9
    endloop
  endfacet
  facet normal -0.442255 0.896889 0
    outer loop
      vertex -18.325 2.00599 -0.9
      vertex -18.8119 1.7659 0.9
      vertex -18.325 2.00599 0.9
    endloop
  endfacet
  facet normal -0.442255 0.896889 0
    outer loop
      vertex -18.8119 1.7659 0.9
      vertex -18.325 2.00599 -0.9
      vertex -18.8119 1.7659 -0.9
    endloop
  endfacet
  facet normal -0.555537 -0.831492 0
    outer loop
      vertex -18.325 9.19401 -0.9
      vertex -17.8736 8.89242 0.9
      vertex -18.325 9.19401 0.9
    endloop
  endfacet
  facet normal -0.555537 -0.831492 -0
    outer loop
      vertex -17.8736 8.89242 0.9
      vertex -18.325 9.19401 -0.9
      vertex -17.8736 8.89242 -0.9
    endloop
  endfacet
  facet normal 0.555537 -0.831492 0
    outer loop
      vertex -22.9264 8.89242 -0.9
      vertex -22.475 9.19401 0.9
      vertex -22.9264 8.89242 0.9
    endloop
  endfacet
  facet normal 0.555537 -0.831492 0
    outer loop
      vertex -22.475 9.19401 0.9
      vertex -22.9264 8.89242 -0.9
      vertex -22.475 9.19401 -0.9
    endloop
  endfacet
  facet normal -0.555537 0.831492 0
    outer loop
      vertex -17.8736 2.30758 -0.9
      vertex -18.325 2.00599 0.9
      vertex -17.8736 2.30758 0.9
    endloop
  endfacet
  facet normal -0.555537 0.831492 0
    outer loop
      vertex -18.325 2.00599 0.9
      vertex -17.8736 2.30758 -0.9
      vertex -18.325 2.00599 -0.9
    endloop
  endfacet
  facet normal -0.321457 -0.946924 0
    outer loop
      vertex -19.3259 9.60859 -0.9
      vertex -18.8119 9.4341 0.9
      vertex -19.3259 9.60859 0.9
    endloop
  endfacet
  facet normal -0.321457 -0.946924 -0
    outer loop
      vertex -18.8119 9.4341 0.9
      vertex -19.3259 9.60859 -0.9
      vertex -18.8119 9.4341 -0.9
    endloop
  endfacet
  facet normal 0.195106 -0.980782 0
    outer loop
      vertex -21.4741 9.60859 -0.9
      vertex -20.9417 9.7145 0.9
      vertex -21.4741 9.60859 0.9
    endloop
  endfacet
  facet normal 0.195106 -0.980782 0
    outer loop
      vertex -20.9417 9.7145 0.9
      vertex -21.4741 9.60859 -0.9
      vertex -20.9417 9.7145 -0.9
    endloop
  endfacet
  facet normal 0.980787 0.195082 0
    outer loop
      vertex -24.4086 4.5259 0.9
      vertex -24.5145 5.05832 -0.9
      vertex -24.5145 5.05832 0.9
    endloop
  endfacet
  facet normal 0.980787 0.195082 0
    outer loop
      vertex -24.5145 5.05832 -0.9
      vertex -24.4086 4.5259 0.9
      vertex -24.4086 4.5259 -0.9
    endloop
  endfacet
  facet normal -0.83146 0.555584 0
    outer loop
      vertex -17.1076 3.07364 -0.9
      vertex -16.806 3.525 0.9
      vertex -16.806 3.525 -0.9
    endloop
  endfacet
  facet normal -0.83146 0.555584 0
    outer loop
      vertex -16.806 3.525 0.9
      vertex -17.1076 3.07364 -0.9
      vertex -17.1076 3.07364 0.9
    endloop
  endfacet
  facet normal 0.555537 0.831492 -0
    outer loop
      vertex -22.475 2.00599 -0.9
      vertex -22.9264 2.30758 0.9
      vertex -22.475 2.00599 0.9
    endloop
  endfacet
  facet normal 0.555537 0.831492 0
    outer loop
      vertex -22.9264 2.30758 0.9
      vertex -22.475 2.00599 -0.9
      vertex -22.9264 2.30758 -0.9
    endloop
  endfacet
  facet normal 0.980787 -0.195082 0
    outer loop
      vertex -24.5145 6.14168 0.9
      vertex -24.4086 6.6741 -0.9
      vertex -24.4086 6.6741 0.9
    endloop
  endfacet
  facet normal 0.980787 -0.195082 0
    outer loop
      vertex -24.4086 6.6741 -0.9
      vertex -24.5145 6.14168 0.9
      vertex -24.5145 6.14168 -0.9
    endloop
  endfacet
  facet normal -0.321457 0.946924 0
    outer loop
      vertex -18.8119 1.7659 -0.9
      vertex -19.3259 1.59141 0.9
      vertex -18.8119 1.7659 0.9
    endloop
  endfacet
  facet normal -0.321457 0.946924 0
    outer loop
      vertex -19.3259 1.59141 0.9
      vertex -18.8119 1.7659 -0.9
      vertex -19.3259 1.59141 -0.9
    endloop
  endfacet
  facet normal -0.195106 -0.980782 0
    outer loop
      vertex -19.8583 9.7145 -0.9
      vertex -19.3259 9.60859 0.9
      vertex -19.8583 9.7145 0.9
    endloop
  endfacet
  facet normal -0.195106 -0.980782 -0
    outer loop
      vertex -19.3259 9.60859 0.9
      vertex -19.8583 9.7145 -0.9
      vertex -19.3259 9.60859 -0.9
    endloop
  endfacet
  facet normal 0.896867 0.442299 0
    outer loop
      vertex -23.994 3.525 0.9
      vertex -24.2341 4.01186 -0.9
      vertex -24.2341 4.01186 0.9
    endloop
  endfacet
  facet normal 0.896867 0.442299 0
    outer loop
      vertex -24.2341 4.01186 -0.9
      vertex -23.994 3.525 0.9
      vertex -23.994 3.525 -0.9
    endloop
  endfacet
  facet normal -0.751858 -0.659325 0
    outer loop
      vertex -17.1076 8.12636 -0.9
      vertex -17.4655 8.53449 0.9
      vertex -17.4655 8.53449 -0.9
    endloop
  endfacet
  facet normal -0.751858 -0.659325 0
    outer loop
      vertex -17.4655 8.53449 0.9
      vertex -17.1076 8.12636 -0.9
      vertex -17.1076 8.12636 0.9
    endloop
  endfacet
  facet normal -0.946926 -0.321451 0
    outer loop
      vertex -16.3914 6.6741 -0.9
      vertex -16.5659 7.18814 0.9
      vertex -16.5659 7.18814 -0.9
    endloop
  endfacet
  facet normal -0.946926 -0.321451 0
    outer loop
      vertex -16.5659 7.18814 0.9
      vertex -16.3914 6.6741 -0.9
      vertex -16.3914 6.6741 0.9
    endloop
  endfacet
  facet normal 0.946926 -0.321451 0
    outer loop
      vertex -24.4086 6.6741 0.9
      vertex -24.2341 7.18814 -0.9
      vertex -24.2341 7.18814 0.9
    endloop
  endfacet
  facet normal 0.946926 -0.321451 0
    outer loop
      vertex -24.2341 7.18814 -0.9
      vertex -24.4086 6.6741 0.9
      vertex -24.4086 6.6741 -0.9
    endloop
  endfacet
  facet normal 0.659383 -0.751807 0
    outer loop
      vertex -23.3345 8.53449 -0.9
      vertex -22.9264 8.89242 0.9
      vertex -23.3345 8.53449 0.9
    endloop
  endfacet
  facet normal 0.659383 -0.751807 0
    outer loop
      vertex -22.9264 8.89242 0.9
      vertex -23.3345 8.53449 -0.9
      vertex -22.9264 8.89242 -0.9
    endloop
  endfacet
  facet normal 0.946926 0.321451 0
    outer loop
      vertex -24.2341 4.01186 0.9
      vertex -24.4086 4.5259 -0.9
      vertex -24.4086 4.5259 0.9
    endloop
  endfacet
  facet normal 0.946926 0.321451 0
    outer loop
      vertex -24.4086 4.5259 -0.9
      vertex -24.2341 4.01186 0.9
      vertex -24.2341 4.01186 -0.9
    endloop
  endfacet
  facet normal 0.321457 -0.946924 0
    outer loop
      vertex -21.9881 9.4341 -0.9
      vertex -21.4741 9.60859 0.9
      vertex -21.9881 9.4341 0.9
    endloop
  endfacet
  facet normal 0.321457 -0.946924 0
    outer loop
      vertex -21.4741 9.60859 0.9
      vertex -21.9881 9.4341 -0.9
      vertex -21.4741 9.60859 -0.9
    endloop
  endfacet
  facet normal 0.997859 -0.0653966 0
    outer loop
      vertex -24.55 5.6 0.9
      vertex -24.5145 6.14168 -0.9
      vertex -24.5145 6.14168 0.9
    endloop
  endfacet
  facet normal 0.997859 -0.0653966 0
    outer loop
      vertex -24.5145 6.14168 -0.9
      vertex -24.55 5.6 0.9
      vertex -24.55 5.6 -0.9
    endloop
  endfacet
  facet normal -0.0653942 0.99786 0
    outer loop
      vertex -19.8583 1.4855 -0.9
      vertex -20.4 1.45 0.9
      vertex -19.8583 1.4855 0.9
    endloop
  endfacet
  facet normal -0.0653942 0.99786 0
    outer loop
      vertex -20.4 1.45 0.9
      vertex -19.8583 1.4855 -0.9
      vertex -20.4 1.45 -0.9
    endloop
  endfacet
  facet normal 0.997859 0.0653966 0
    outer loop
      vertex -24.5145 5.05832 0.9
      vertex -24.55 5.6 -0.9
      vertex -24.55 5.6 0.9
    endloop
  endfacet
  facet normal 0.997859 0.0653966 0
    outer loop
      vertex -24.55 5.6 -0.9
      vertex -24.5145 5.05832 0.9
      vertex -24.5145 5.05832 -0.9
    endloop
  endfacet
  facet normal -0.896867 0.442299 0
    outer loop
      vertex -16.806 3.525 -0.9
      vertex -16.5659 4.01186 0.9
      vertex -16.5659 4.01186 -0.9
    endloop
  endfacet
  facet normal -0.896867 0.442299 0
    outer loop
      vertex -16.5659 4.01186 0.9
      vertex -16.806 3.525 -0.9
      vertex -16.806 3.525 0.9
    endloop
  endfacet
  facet normal 0.896867 -0.442299 0
    outer loop
      vertex -24.2341 7.18814 0.9
      vertex -23.994 7.675 -0.9
      vertex -23.994 7.675 0.9
    endloop
  endfacet
  facet normal 0.896867 -0.442299 0
    outer loop
      vertex -23.994 7.675 -0.9
      vertex -24.2341 7.18814 0.9
      vertex -24.2341 7.18814 -0.9
    endloop
  endfacet
  facet normal 0.659383 0.751807 -0
    outer loop
      vertex -22.9264 2.30758 -0.9
      vertex -23.3345 2.66551 0.9
      vertex -22.9264 2.30758 0.9
    endloop
  endfacet
  facet normal 0.659383 0.751807 0
    outer loop
      vertex -23.3345 2.66551 0.9
      vertex -22.9264 2.30758 -0.9
      vertex -23.3345 2.66551 -0.9
    endloop
  endfacet
  facet normal 0.707107 0.707107 0
    outer loop
      vertex 0 0.720963 0.9
      vertex -4.87904 5.6 -0.9
      vertex -4.87904 5.6 0.9
    endloop
  endfacet
  facet normal 0.707107 0.707107 0
    outer loop
      vertex -4.87904 5.6 -0.9
      vertex 0 0.720963 0.9
      vertex 0 0.720963 -0.9
    endloop
  endfacet
  facet normal 0.707104 -0.70711 0
    outer loop
      vertex -4.87904 5.6 0.9
      vertex 0 10.479 -0.9
      vertex 0 10.479 0.9
    endloop
  endfacet
  facet normal 0.707104 -0.70711 0
    outer loop
      vertex 0 10.479 -0.9
      vertex -4.87904 5.6 0.9
      vertex -4.87904 5.6 -0.9
    endloop
  endfacet
  facet normal -0.707107 0.707107 0
    outer loop
      vertex 0 0.720963 -0.9
      vertex 4.87904 5.6 0.9
      vertex 4.87904 5.6 -0.9
    endloop
  endfacet
  facet normal -0.707107 0.707107 0
    outer loop
      vertex 4.87904 5.6 0.9
      vertex 0 0.720963 -0.9
      vertex 0 0.720963 0.9
    endloop
  endfacet
  facet normal -0.707104 -0.70711 0
    outer loop
      vertex 4.87904 5.6 -0.9
      vertex 0 10.479 0.9
      vertex 0 10.479 -0.9
    endloop
  endfacet
  facet normal -0.707104 -0.70711 0
    outer loop
      vertex 0 10.479 0.9
      vertex 4.87904 5.6 -0.9
      vertex 4.87904 5.6 0.9
    endloop
  endfacet
  facet normal 0.866026 -0.499999 0
    outer loop
      vertex 16.5895 3.4 0.9
      vertex 20.4 10 -0.9
      vertex 20.4 10 0.9
    endloop
  endfacet
  facet normal 0.866026 -0.499999 0
    outer loop
      vertex 20.4 10 -0.9
      vertex 16.5895 3.4 0.9
      vertex 16.5895 3.4 -0.9
    endloop
  endfacet
  facet normal 0 1 -0
    outer loop
      vertex 24.2105 3.4 -0.9
      vertex 16.5895 3.4 0.9
      vertex 24.2105 3.4 0.9
    endloop
  endfacet
  facet normal 0 1 0
    outer loop
      vertex 16.5895 3.4 0.9
      vertex 24.2105 3.4 -0.9
      vertex 16.5895 3.4 -0.9
    endloop
  endfacet
  facet normal -0.866026 -0.499999 0
    outer loop
      vertex 24.2105 3.4 -0.9
      vertex 20.4 10 0.9
      vertex 20.4 10 -0.9
    endloop
  endfacet
  facet normal -0.866026 -0.499999 0
    outer loop
      vertex 20.4 10 0.9
      vertex 24.2105 3.4 -0.9
      vertex 24.2105 3.4 0.9
    endloop
  endfacet
  facet normal -1 0 0
    outer loop
      vertex 34.9 1.3 -0.9
      vertex 34.9 9.9 0.9
      vertex 34.9 9.9 -0.9
    endloop
  endfacet
  facet normal -1 -0 0
    outer loop
      vertex 34.9 9.9 0.9
      vertex 34.9 1.3 -0.9
      vertex 34.9 1.3 0.9
    endloop
  endfacet
  facet normal 1 -0 0
    outer loop
      vertex 26.3 1.3 0.9
      vertex 26.3 9.9 -0.9
      vertex 26.3 9.9 0.9
    endloop
  endfacet
  facet normal 1 0 0
    outer loop
      vertex 26.3 9.9 -0.9
      vertex 26.3 1.3 0.9
      vertex 26.3 1.3 -0.9
    endloop
  endfacet
  facet normal 0 -1 0
    outer loop
      vertex 26.3 9.9 -0.9
      vertex 34.9 9.9 0.9
      vertex 26.3 9.9 0.9
    endloop
  endfacet
  facet normal 0 -1 -0
    outer loop
      vertex 34.9 9.9 0.9
      vertex 26.3 9.9 -0.9
      vertex 34.9 9.9 -0.9
    endloop
  endfacet
  facet normal 0 1 -0
    outer loop
      vertex 34.9 1.3 -0.9
      vertex 26.3 1.3 0.9
      vertex 34.9 1.3 0.9
    endloop
  endfacet
  facet normal 0 1 0
    outer loop
      vertex 26.3 1.3 0.9
      vertex 34.9 1.3 -0.9
      vertex 26.3 1.3 -0.9
    endloop
  endfacet
  facet normal -0.980787 -0.195082 0
    outer loop
      vertex 55.1145 6.14168 -0.9
      vertex 55.0086 6.6741 0.9
      vertex 55.0086 6.6741 -0.9
    endloop
  endfacet
  facet normal -0.980787 -0.195082 0
    outer loop
      vertex 55.0086 6.6741 0.9
      vertex 55.1145 6.14168 -0.9
      vertex 55.1145 6.14168 0.9
    endloop
  endfacet
  facet normal -0.997859 -0.0653966 0
    outer loop
      vertex 55.15 5.6 -0.9
      vertex 55.1145 6.14168 0.9
      vertex 55.1145 6.14168 -0.9
    endloop
  endfacet
  facet normal -0.997859 -0.0653966 0
    outer loop
      vertex 55.1145 6.14168 0.9
      vertex 55.15 5.6 -0.9
      vertex 55.15 5.6 0.9
    endloop
  endfacet
  facet normal -0.946926 -0.321451 0
    outer loop
      vertex 55.0086 6.6741 -0.9
      vertex 54.8341 7.18814 0.9
      vertex 54.8341 7.18814 -0.9
    endloop
  endfacet
  facet normal -0.946926 -0.321451 0
    outer loop
      vertex 54.8341 7.18814 0.9
      vertex 55.0086 6.6741 -0.9
      vertex 55.0086 6.6741 0.9
    endloop
  endfacet
  facet normal -0.83146 -0.555584 0
    outer loop
      vertex 54.594 7.675 -0.9
      vertex 54.2924 8.12636 0.9
      vertex 54.2924 8.12636 -0.9
    endloop
  endfacet
  facet normal -0.83146 -0.555584 0
    outer loop
      vertex 54.2924 8.12636 0.9
      vertex 54.594 7.675 -0.9
      vertex 54.594 7.675 0.9
    endloop
  endfacet
  facet normal 0.0653942 -0.99786 0
    outer loop
      vertex 50.4583 9.7145 -0.9
      vertex 51 9.75 0.9
      vertex 50.4583 9.7145 0.9
    endloop
  endfacet
  facet normal 0.0653942 -0.99786 0
    outer loop
      vertex 51 9.75 0.9
      vertex 50.4583 9.7145 -0.9
      vertex 51 9.75 -0.9
    endloop
  endfacet
  facet normal -0.321457 -0.946924 0
    outer loop
      vertex 52.0741 9.60859 -0.9
      vertex 52.5881 9.4341 0.9
      vertex 52.0741 9.60859 0.9
    endloop
  endfacet
  facet normal -0.321457 -0.946924 -0
    outer loop
      vertex 52.5881 9.4341 0.9
      vertex 52.0741 9.60859 -0.9
      vertex 52.5881 9.4341 -0.9
    endloop
  endfacet
  facet normal -0.321457 0.946924 0
    outer loop
      vertex 52.5881 1.7659 -0.9
      vertex 52.0741 1.59141 0.9
      vertex 52.5881 1.7659 0.9
    endloop
  endfacet
  facet normal -0.321457 0.946924 0
    outer loop
      vertex 52.0741 1.59141 0.9
      vertex 52.5881 1.7659 -0.9
      vertex 52.0741 1.59141 -0.9
    endloop
  endfacet
  facet normal 0.751858 0.659325 0
    outer loop
      vertex 48.0655 2.66551 0.9
      vertex 47.7076 3.07364 -0.9
      vertex 47.7076 3.07364 0.9
    endloop
  endfacet
  facet normal 0.751858 0.659325 0
    outer loop
      vertex 47.7076 3.07364 -0.9
      vertex 48.0655 2.66551 0.9
      vertex 48.0655 2.66551 -0.9
    endloop
  endfacet
  facet normal -0.896867 -0.442299 0
    outer loop
      vertex 54.8341 7.18814 -0.9
      vertex 54.594 7.675 0.9
      vertex 54.594 7.675 -0.9
    endloop
  endfacet
  facet normal -0.896867 -0.442299 0
    outer loop
      vertex 54.594 7.675 0.9
      vertex 54.8341 7.18814 -0.9
      vertex 54.8341 7.18814 0.9
    endloop
  endfacet
  facet normal 0.195106 -0.980782 0
    outer loop
      vertex 49.9259 9.60859 -0.9
      vertex 50.4583 9.7145 0.9
      vertex 49.9259 9.60859 0.9
    endloop
  endfacet
  facet normal 0.195106 -0.980782 0
    outer loop
      vertex 50.4583 9.7145 0.9
      vertex 49.9259 9.60859 -0.9
      vertex 50.4583 9.7145 -0.9
    endloop
  endfacet
  facet normal 0.659383 0.751807 -0
    outer loop
      vertex 48.4736 2.30758 -0.9
      vertex 48.0655 2.66551 0.9
      vertex 48.4736 2.30758 0.9
    endloop
  endfacet
  facet normal 0.659383 0.751807 0
    outer loop
      vertex 48.0655 2.66551 0.9
      vertex 48.4736 2.30758 -0.9
      vertex 48.0655 2.66551 -0.9
    endloop
  endfacet
  facet normal -0.442255 0.896889 0
    outer loop
      vertex 53.075 2.00599 -0.9
      vertex 52.5881 1.7659 0.9
      vertex 53.075 2.00599 0.9
    endloop
  endfacet
  facet normal -0.442255 0.896889 0
    outer loop
      vertex 52.5881 1.7659 0.9
      vertex 53.075 2.00599 -0.9
      vertex 52.5881 1.7659 -0.9
    endloop
  endfacet
  facet normal 0.83146 0.555584 0
    outer loop
      vertex 47.7076 3.07364 0.9
      vertex 47.406 3.525 -0.9
      vertex 47.406 3.525 0.9
    endloop
  endfacet
  facet normal 0.83146 0.555584 0
    outer loop
      vertex 47.406 3.525 -0.9
      vertex 47.7076 3.07364 0.9
      vertex 47.7076 3.07364 -0.9
    endloop
  endfacet
  facet normal -0.195106 0.980782 0
    outer loop
      vertex 52.0741 1.59141 -0.9
      vertex 51.5417 1.4855 0.9
      vertex 52.0741 1.59141 0.9
    endloop
  endfacet
  facet normal -0.195106 0.980782 0
    outer loop
      vertex 51.5417 1.4855 0.9
      vertex 52.0741 1.59141 -0.9
      vertex 51.5417 1.4855 -0.9
    endloop
  endfacet
  facet normal 0.659383 -0.751807 0
    outer loop
      vertex 48.0655 8.53449 -0.9
      vertex 48.4736 8.89242 0.9
      vertex 48.0655 8.53449 0.9
    endloop
  endfacet
  facet normal 0.659383 -0.751807 0
    outer loop
      vertex 48.4736 8.89242 0.9
      vertex 48.0655 8.53449 -0.9
      vertex 48.4736 8.89242 -0.9
    endloop
  endfacet
  facet normal -0.659383 0.751807 0
    outer loop
      vertex 53.9345 2.66551 -0.9
      vertex 53.5264 2.30758 0.9
      vertex 53.9345 2.66551 0.9
    endloop
  endfacet
  facet normal -0.659383 0.751807 0
    outer loop
      vertex 53.5264 2.30758 0.9
      vertex 53.9345 2.66551 -0.9
      vertex 53.5264 2.30758 -0.9
    endloop
  endfacet
  facet normal -0.555537 -0.831492 0
    outer loop
      vertex 53.075 9.19401 -0.9
      vertex 53.5264 8.89242 0.9
      vertex 53.075 9.19401 0.9
    endloop
  endfacet
  facet normal -0.555537 -0.831492 -0
    outer loop
      vertex 53.5264 8.89242 0.9
      vertex 53.075 9.19401 -0.9
      vertex 53.5264 8.89242 -0.9
    endloop
  endfacet
  facet normal 0.946926 -0.321451 0
    outer loop
      vertex 46.9914 6.6741 0.9
      vertex 47.1659 7.18814 -0.9
      vertex 47.1659 7.18814 0.9
    endloop
  endfacet
  facet normal 0.946926 -0.321451 0
    outer loop
      vertex 47.1659 7.18814 -0.9
      vertex 46.9914 6.6741 0.9
      vertex 46.9914 6.6741 -0.9
    endloop
  endfacet
  facet normal -0.751858 -0.659325 0
    outer loop
      vertex 54.2924 8.12636 -0.9
      vertex 53.9345 8.53449 0.9
      vertex 53.9345 8.53449 -0.9
    endloop
  endfacet
  facet normal -0.751858 -0.659325 0
    outer loop
      vertex 53.9345 8.53449 0.9
      vertex 54.2924 8.12636 -0.9
      vertex 54.2924 8.12636 0.9
    endloop
  endfacet
  facet normal -0.946926 0.321451 0
    outer loop
      vertex 54.8341 4.01186 -0.9
      vertex 55.0086 4.5259 0.9
      vertex 55.0086 4.5259 -0.9
    endloop
  endfacet
  facet normal -0.946926 0.321451 0
    outer loop
      vertex 55.0086 4.5259 0.9
      vertex 54.8341 4.01186 -0.9
      vertex 54.8341 4.01186 0.9
    endloop
  endfacet
  facet normal -0.751858 0.659325 0
    outer loop
      vertex 53.9345 2.66551 -0.9
      vertex 54.2924 3.07364 0.9
      vertex 54.2924 3.07364 -0.9
    endloop
  endfacet
  facet normal -0.751858 0.659325 0
    outer loop
      vertex 54.2924 3.07364 0.9
      vertex 53.9345 2.66551 -0.9
      vertex 53.9345 2.66551 0.9
    endloop
  endfacet
  facet normal -0.659383 -0.751807 0
    outer loop
      vertex 53.5264 8.89242 -0.9
      vertex 53.9345 8.53449 0.9
      vertex 53.5264 8.89242 0.9
    endloop
  endfacet
  facet normal -0.659383 -0.751807 -0
    outer loop
      vertex 53.9345 8.53449 0.9
      vertex 53.5264 8.89242 -0.9
      vertex 53.9345 8.53449 -0.9
    endloop
  endfacet
  facet normal 0.997859 -0.0653966 0
    outer loop
      vertex 46.85 5.6 0.9
      vertex 46.8855 6.14168 -0.9
      vertex 46.8855 6.14168 0.9
    endloop
  endfacet
  facet normal 0.997859 -0.0653966 0
    outer loop
      vertex 46.8855 6.14168 -0.9
      vertex 46.85 5.6 0.9
      vertex 46.85 5.6 -0.9
    endloop
  endfacet
  facet normal 0.555537 -0.831492 0
    outer loop
      vertex 48.4736 8.89242 -0.9
      vertex 48.925 9.19401 0.9
      vertex 48.4736 8.89242 0.9
    endloop
  endfacet
  facet normal 0.555537 -0.831492 0
    outer loop
      vertex 48.925 9.19401 0.9
      vertex 48.4736 8.89242 -0.9
      vertex 48.925 9.19401 -0.9
    endloop
  endfacet
  facet normal -0.83146 0.555584 0
    outer loop
      vertex 54.2924 3.07364 -0.9
      vertex 54.594 3.525 0.9
      vertex 54.594 3.525 -0.9
    endloop
  endfacet
  facet normal -0.83146 0.555584 0
    outer loop
      vertex 54.594 3.525 0.9
      vertex 54.2924 3.07364 -0.9
      vertex 54.2924 3.07364 0.9
    endloop
  endfacet
  facet normal -0.0653942 -0.99786 0
    outer loop
      vertex 51 9.75 -0.9
      vertex 51.5417 9.7145 0.9
      vertex 51 9.75 0.9
    endloop
  endfacet
  facet normal -0.0653942 -0.99786 -0
    outer loop
      vertex 51.5417 9.7145 0.9
      vertex 51 9.75 -0.9
      vertex 51.5417 9.7145 -0.9
    endloop
  endfacet
  facet normal -0.896867 0.442299 0
    outer loop
      vertex 54.594 3.525 -0.9
      vertex 54.8341 4.01186 0.9
      vertex 54.8341 4.01186 -0.9
    endloop
  endfacet
  facet normal -0.896867 0.442299 0
    outer loop
      vertex 54.8341 4.01186 0.9
      vertex 54.594 3.525 -0.9
      vertex 54.594 3.525 0.9
    endloop
  endfacet
  facet normal 0.321457 0.946924 -0
    outer loop
      vertex 49.9259 1.59141 -0.9
      vertex 49.4119 1.7659 0.9
      vertex 49.9259 1.59141 0.9
    endloop
  endfacet
  facet normal 0.321457 0.946924 0
    outer loop
      vertex 49.4119 1.7659 0.9
      vertex 49.9259 1.59141 -0.9
      vertex 49.4119 1.7659 -0.9
    endloop
  endfacet
  facet normal 0.980787 -0.195082 0
    outer loop
      vertex 46.8855 6.14168 0.9
      vertex 46.9914 6.6741 -0.9
      vertex 46.9914 6.6741 0.9
    endloop
  endfacet
  facet normal 0.980787 -0.195082 0
    outer loop
      vertex 46.9914 6.6741 -0.9
      vertex 46.8855 6.14168 0.9
      vertex 46.8855 6.14168 -0.9
    endloop
  endfacet
  facet normal -0.555537 0.831492 0
    outer loop
      vertex 53.5264 2.30758 -0.9
      vertex 53.075 2.00599 0.9
      vertex 53.5264 2.30758 0.9
    endloop
  endfacet
  facet normal -0.555537 0.831492 0
    outer loop
      vertex 53.075 2.00599 0.9
      vertex 53.5264 2.30758 -0.9
      vertex 53.075 2.00599 -0.9
    endloop
  endfacet
  facet normal 0.321457 -0.946924 0
    outer loop
      vertex 49.4119 9.4341 -0.9
      vertex 49.9259 9.60859 0.9
      vertex 49.4119 9.4341 0.9
    endloop
  endfacet
  facet normal 0.321457 -0.946924 0
    outer loop
      vertex 49.9259 9.60859 0.9
      vertex 49.4119 9.4341 -0.9
      vertex 49.9259 9.60859 -0.9
    endloop
  endfacet
  facet normal -0.442255 -0.896889 0
    outer loop
      vertex 52.5881 9.4341 -0.9
      vertex 53.075 9.19401 0.9
      vertex 52.5881 9.4341 0.9
    endloop
  endfacet
  facet normal -0.442255 -0.896889 -0
    outer loop
      vertex 53.075 9.19401 0.9
      vertex 52.5881 9.4341 -0.9
      vertex 53.075 9.19401 -0.9
    endloop
  endfacet
  facet normal -0.980787 0.195082 0
    outer loop
      vertex 55.0086 4.5259 -0.9
      vertex 55.1145 5.05832 0.9
      vertex 55.1145 5.05832 -0.9
    endloop
  endfacet
  facet normal -0.980787 0.195082 0
    outer loop
      vertex 55.1145 5.05832 0.9
      vertex 55.0086 4.5259 -0.9
      vertex 55.0086 4.5259 0.9
    endloop
  endfacet
  facet normal -0.997859 0.0653966 0
    outer loop
      vertex 55.1145 5.05832 -0.9
      vertex 55.15 5.6 0.9
      vertex 55.15 5.6 -0.9
    endloop
  endfacet
  facet normal -0.997859 0.0653966 0
    outer loop
      vertex 55.15 5.6 0.9
      vertex 55.1145 5.05832 -0.9
      vertex 55.1145 5.05832 0.9
    endloop
  endfacet
  facet normal 0.896867 0.442299 0
    outer loop
      vertex 47.406 3.525 0.9
      vertex 47.1659 4.01186 -0.9
      vertex 47.1659 4.01186 0.9
    endloop
  endfacet
  facet normal 0.896867 0.442299 0
    outer loop
      vertex 47.1659 4.01186 -0.9
      vertex 47.406 3.525 0.9
      vertex 47.406 3.525 -0.9
    endloop
  endfacet
  facet normal 0.555537 0.831492 -0
    outer loop
      vertex 48.925 2.00599 -0.9
      vertex 48.4736 2.30758 0.9
      vertex 48.925 2.00599 0.9
    endloop
  endfacet
  facet normal 0.555537 0.831492 0
    outer loop
      vertex 48.4736 2.30758 0.9
      vertex 48.925 2.00599 -0.9
      vertex 48.4736 2.30758 -0.9
    endloop
  endfacet
  facet normal 0.0653942 0.99786 -0
    outer loop
      vertex 51 1.45 -0.9
      vertex 50.4583 1.4855 0.9
      vertex 51 1.45 0.9
    endloop
  endfacet
  facet normal 0.0653942 0.99786 0
    outer loop
      vertex 50.4583 1.4855 0.9
      vertex 51 1.45 -0.9
      vertex 50.4583 1.4855 -0.9
    endloop
  endfacet
  facet normal 0.946926 0.321451 0
    outer loop
      vertex 47.1659 4.01186 0.9
      vertex 46.9914 4.5259 -0.9
      vertex 46.9914 4.5259 0.9
    endloop
  endfacet
  facet normal 0.946926 0.321451 0
    outer loop
      vertex 46.9914 4.5259 -0.9
      vertex 47.1659 4.01186 0.9
      vertex 47.1659 4.01186 -0.9
    endloop
  endfacet
  facet normal -0.195106 -0.980782 0
    outer loop
      vertex 51.5417 9.7145 -0.9
      vertex 52.0741 9.60859 0.9
      vertex 51.5417 9.7145 0.9
    endloop
  endfacet
  facet normal -0.195106 -0.980782 -0
    outer loop
      vertex 52.0741 9.60859 0.9
      vertex 51.5417 9.7145 -0.9
      vertex 52.0741 9.60859 -0.9
    endloop
  endfacet
  facet normal 0.442255 -0.896889 0
    outer loop
      vertex 48.925 9.19401 -0.9
      vertex 49.4119 9.4341 0.9
      vertex 48.925 9.19401 0.9
    endloop
  endfacet
  facet normal 0.442255 -0.896889 0
    outer loop
      vertex 49.4119 9.4341 0.9
      vertex 48.925 9.19401 -0.9
      vertex 49.4119 9.4341 -0.9
    endloop
  endfacet
  facet normal 0.997859 0.0653966 0
    outer loop
      vertex 46.8855 5.05832 0.9
      vertex 46.85 5.6 -0.9
      vertex 46.85 5.6 0.9
    endloop
  endfacet
  facet normal 0.997859 0.0653966 0
    outer loop
      vertex 46.85 5.6 -0.9
      vertex 46.8855 5.05832 0.9
      vertex 46.8855 5.05832 -0.9
    endloop
  endfacet
  facet normal 0.751858 -0.659325 0
    outer loop
      vertex 47.7076 8.12636 0.9
      vertex 48.0655 8.53449 -0.9
      vertex 48.0655 8.53449 0.9
    endloop
  endfacet
  facet normal 0.751858 -0.659325 0
    outer loop
      vertex 48.0655 8.53449 -0.9
      vertex 47.7076 8.12636 0.9
      vertex 47.7076 8.12636 -0.9
    endloop
  endfacet
  facet normal -0.0653942 0.99786 0
    outer loop
      vertex 51.5417 1.4855 -0.9
      vertex 51 1.45 0.9
      vertex 51.5417 1.4855 0.9
    endloop
  endfacet
  facet normal -0.0653942 0.99786 0
    outer loop
      vertex 51 1.45 0.9
      vertex 51.5417 1.4855 -0.9
      vertex 51 1.45 -0.9
    endloop
  endfacet
  facet normal 0.442255 0.896889 -0
    outer loop
      vertex 49.4119 1.7659 -0.9
      vertex 48.925 2.00599 0.9
      vertex 49.4119 1.7659 0.9
    endloop
  endfacet
  facet normal 0.442255 0.896889 0
    outer loop
      vertex 48.925 2.00599 0.9
      vertex 49.4119 1.7659 -0.9
      vertex 48.925 2.00599 -0.9
    endloop
  endfacet
  facet normal 0.896867 -0.442299 0
    outer loop
      vertex 47.1659 7.18814 0.9
      vertex 47.406 7.675 -0.9
      vertex 47.406 7.675 0.9
    endloop
  endfacet
  facet normal 0.896867 -0.442299 0
    outer loop
      vertex 47.406 7.675 -0.9
      vertex 47.1659 7.18814 0.9
      vertex 47.1659 7.18814 -0.9
    endloop
  endfacet
  facet normal 0.980787 0.195082 0
    outer loop
      vertex 46.9914 4.5259 0.9
      vertex 46.8855 5.05832 -0.9
      vertex 46.8855 5.05832 0.9
    endloop
  endfacet
  facet normal 0.980787 0.195082 0
    outer loop
      vertex 46.8855 5.05832 -0.9
      vertex 46.9914 4.5259 0.9
      vertex 46.9914 4.5259 -0.9
    endloop
  endfacet
  facet normal 0.195106 0.980782 -0
    outer loop
      vertex 50.4583 1.4855 -0.9
      vertex 49.9259 1.59141 0.9
      vertex 50.4583 1.4855 0.9
    endloop
  endfacet
  facet normal 0.195106 0.980782 0
    outer loop
      vertex 49.9259 1.59141 0.9
      vertex 50.4583 1.4855 -0.9
      vertex 49.9259 1.59141 -0.9
    endloop
  endfacet
  facet normal 0.83146 -0.555584 0
    outer loop
      vertex 47.406 7.675 0.9
      vertex 47.7076 8.12636 -0.9
      vertex 47.7076 8.12636 0.9
    endloop
  endfacet
  facet normal 0.83146 -0.555584 0
    outer loop
      vertex 47.7076 8.12636 -0.9
      vertex 47.406 7.675 0.9
      vertex 47.406 7.675 -0.9
    endloop
  endfacet
  facet normal 0.659352 -0.751834 0
    outer loop
      vertex -64.1345 19.7345 -0.9
      vertex -63.7264 20.0924 0.9
      vertex -64.1345 19.7345 0.9
    endloop
  endfacet
  facet normal 0.659352 -0.751834 0
    outer loop
      vertex -63.7264 20.0924 0.9
      vertex -64.1345 19.7345 -0.9
      vertex -63.7264 20.0924 -0.9
    endloop
  endfacet
  facet normal -0.980786 -0.195089 0
    outer loop
      vertex -57.0855 17.3417 -0.9
      vertex -57.1914 17.8741 0.9
      vertex -57.1914 17.8741 -0.9
    endloop
  endfacet
  facet normal -0.980786 -0.195089 0
    outer loop
      vertex -57.1914 17.8741 0.9
      vertex -57.0855 17.3417 -0.9
      vertex -57.0855 17.3417 0.9
    endloop
  endfacet
  facet normal -0.99786 -0.0653942 0
    outer loop
      vertex -57.05 16.8 -0.9
      vertex -57.0855 17.3417 0.9
      vertex -57.0855 17.3417 -0.9
    endloop
  endfacet
  facet normal -0.99786 -0.0653942 0
    outer loop
      vertex -57.0855 17.3417 0.9
      vertex -57.05 16.8 -0.9
      vertex -57.05 16.8 0.9
    endloop
  endfacet
  facet normal -0.946919 -0.321473 0
    outer loop
      vertex -57.1914 17.8741 -0.9
      vertex -57.3659 18.3881 0.9
      vertex -57.3659 18.3881 -0.9
    endloop
  endfacet
  facet normal -0.946919 -0.321473 0
    outer loop
      vertex -57.3659 18.3881 0.9
      vertex -57.1914 17.8741 -0.9
      vertex -57.1914 17.8741 0.9
    endloop
  endfacet
  facet normal 0.751834 -0.659352 0
    outer loop
      vertex -64.4924 19.3264 0.9
      vertex -64.1345 19.7345 -0.9
      vertex -64.1345 19.7345 0.9
    endloop
  endfacet
  facet normal 0.751834 -0.659352 0
    outer loop
      vertex -64.1345 19.7345 -0.9
      vertex -64.4924 19.3264 0.9
      vertex -64.4924 19.3264 -0.9
    endloop
  endfacet
  facet normal -0.321473 -0.946919 0
    outer loop
      vertex -60.1259 20.8086 -0.9
      vertex -59.6119 20.6341 0.9
      vertex -60.1259 20.8086 0.9
    endloop
  endfacet
  facet normal -0.321473 -0.946919 -0
    outer loop
      vertex -59.6119 20.6341 0.9
      vertex -60.1259 20.8086 -0.9
      vertex -59.6119 20.6341 -0.9
    endloop
  endfacet
  facet normal -0.946919 0.321473 0
    outer loop
      vertex -57.3659 15.2119 -0.9
      vertex -57.1914 15.7259 0.9
      vertex -57.1914 15.7259 -0.9
    endloop
  endfacet
  facet normal -0.946919 0.321473 0
    outer loop
      vertex -57.1914 15.7259 0.9
      vertex -57.3659 15.2119 -0.9
      vertex -57.3659 15.2119 0.9
    endloop
  endfacet
  facet normal 0.321473 -0.946919 0
    outer loop
      vertex -62.7881 20.6341 -0.9
      vertex -62.2741 20.8086 0.9
      vertex -62.7881 20.6341 0.9
    endloop
  endfacet
  facet normal 0.321473 -0.946919 0
    outer loop
      vertex -62.2741 20.8086 0.9
      vertex -62.7881 20.6341 -0.9
      vertex -62.2741 20.8086 -0.9
    endloop
  endfacet
  facet normal -0.896882 -0.44227 0
    outer loop
      vertex -57.3659 18.3881 -0.9
      vertex -57.606 18.875 0.9
      vertex -57.606 18.875 -0.9
    endloop
  endfacet
  facet normal -0.896882 -0.44227 0
    outer loop
      vertex -57.606 18.875 0.9
      vertex -57.3659 18.3881 -0.9
      vertex -57.3659 18.3881 0.9
    endloop
  endfacet
  facet normal -0.831483 -0.55555 0
    outer loop
      vertex -57.606 18.875 -0.9
      vertex -57.9076 19.3264 0.9
      vertex -57.9076 19.3264 -0.9
    endloop
  endfacet
  facet normal -0.831483 -0.55555 0
    outer loop
      vertex -57.9076 19.3264 0.9
      vertex -57.606 18.875 -0.9
      vertex -57.606 18.875 0.9
    endloop
  endfacet
  facet normal 0.55555 -0.831483 0
    outer loop
      vertex -63.7264 20.0924 -0.9
      vertex -63.275 20.394 0.9
      vertex -63.7264 20.0924 0.9
    endloop
  endfacet
  facet normal 0.55555 -0.831483 0
    outer loop
      vertex -63.275 20.394 0.9
      vertex -63.7264 20.0924 -0.9
      vertex -63.275 20.394 -0.9
    endloop
  endfacet
  facet normal -0.321473 0.946919 0
    outer loop
      vertex -59.6119 12.9659 -0.9
      vertex -60.1259 12.7914 0.9
      vertex -59.6119 12.9659 0.9
    endloop
  endfacet
  facet normal -0.321473 0.946919 0
    outer loop
      vertex -60.1259 12.7914 0.9
      vertex -59.6119 12.9659 -0.9
      vertex -60.1259 12.7914 -0.9
    endloop
  endfacet
  facet normal 0.896882 -0.44227 0
    outer loop
      vertex -65.0341 18.3881 0.9
      vertex -64.794 18.875 -0.9
      vertex -64.794 18.875 0.9
    endloop
  endfacet
  facet normal 0.896882 -0.44227 0
    outer loop
      vertex -64.794 18.875 -0.9
      vertex -65.0341 18.3881 0.9
      vertex -65.0341 18.3881 -0.9
    endloop
  endfacet
  facet normal -0.980786 0.195089 0
    outer loop
      vertex -57.1914 15.7259 -0.9
      vertex -57.0855 16.2583 0.9
      vertex -57.0855 16.2583 -0.9
    endloop
  endfacet
  facet normal -0.980786 0.195089 0
    outer loop
      vertex -57.0855 16.2583 0.9
      vertex -57.1914 15.7259 -0.9
      vertex -57.1914 15.7259 0.9
    endloop
  endfacet
  facet normal 0.55555 0.831483 -0
    outer loop
      vertex -63.275 13.206 -0.9
      vertex -63.7264 13.5076 0.9
      vertex -63.275 13.206 0.9
    endloop
  endfacet
  facet normal 0.55555 0.831483 0
    outer loop
      vertex -63.7264 13.5076 0.9
      vertex -63.275 13.206 -0.9
      vertex -63.7264 13.5076 -0.9
    endloop
  endfacet
  facet normal -0.55555 0.831483 0
    outer loop
      vertex -58.6736 13.5076 -0.9
      vertex -59.125 13.206 0.9
      vertex -58.6736 13.5076 0.9
    endloop
  endfacet
  facet normal -0.55555 0.831483 0
    outer loop
      vertex -59.125 13.206 0.9
      vertex -58.6736 13.5076 -0.9
      vertex -59.125 13.206 -0.9
    endloop
  endfacet
  facet normal -0.751834 -0.659352 0
    outer loop
      vertex -57.9076 19.3264 -0.9
      vertex -58.2655 19.7345 0.9
      vertex -58.2655 19.7345 -0.9
    endloop
  endfacet
  facet normal -0.751834 -0.659352 0
    outer loop
      vertex -58.2655 19.7345 0.9
      vertex -57.9076 19.3264 -0.9
      vertex -57.9076 19.3264 0.9
    endloop
  endfacet
  facet normal -0.99786 0.0653942 0
    outer loop
      vertex -57.0855 16.2583 -0.9
      vertex -57.05 16.8 0.9
      vertex -57.05 16.8 -0.9
    endloop
  endfacet
  facet normal -0.99786 0.0653942 0
    outer loop
      vertex -57.05 16.8 0.9
      vertex -57.0855 16.2583 -0.9
      vertex -57.0855 16.2583 0.9
    endloop
  endfacet
  facet normal -0.896882 0.44227 0
    outer loop
      vertex -57.606 14.725 -0.9
      vertex -57.3659 15.2119 0.9
      vertex -57.3659 15.2119 -0.9
    endloop
  endfacet
  facet normal -0.896882 0.44227 0
    outer loop
      vertex -57.3659 15.2119 0.9
      vertex -57.606 14.725 -0.9
      vertex -57.606 14.725 0.9
    endloop
  endfacet
  facet normal 0.659352 0.751834 -0
    outer loop
      vertex -63.7264 13.5076 -0.9
      vertex -64.1345 13.8655 0.9
      vertex -63.7264 13.5076 0.9
    endloop
  endfacet
  facet normal 0.659352 0.751834 0
    outer loop
      vertex -64.1345 13.8655 0.9
      vertex -63.7264 13.5076 -0.9
      vertex -64.1345 13.8655 -0.9
    endloop
  endfacet
  facet normal 0.195089 -0.980786 0
    outer loop
      vertex -62.2741 20.8086 -0.9
      vertex -61.7417 20.9145 0.9
      vertex -62.2741 20.8086 0.9
    endloop
  endfacet
  facet normal 0.195089 -0.980786 0
    outer loop
      vertex -61.7417 20.9145 0.9
      vertex -62.2741 20.8086 -0.9
      vertex -61.7417 20.9145 -0.9
    endloop
  endfacet
  facet normal -0.0653942 0.99786 0
    outer loop
      vertex -60.6583 12.6855 -0.9
      vertex -61.2 12.65 0.9
      vertex -60.6583 12.6855 0.9
    endloop
  endfacet
  facet normal -0.0653942 0.99786 0
    outer loop
      vertex -61.2 12.65 0.9
      vertex -60.6583 12.6855 -0.9
      vertex -61.2 12.65 -0.9
    endloop
  endfacet
  facet normal -0.44227 0.896882 0
    outer loop
      vertex -59.125 13.206 -0.9
      vertex -59.6119 12.9659 0.9
      vertex -59.125 13.206 0.9
    endloop
  endfacet
  facet normal -0.44227 0.896882 0
    outer loop
      vertex -59.6119 12.9659 0.9
      vertex -59.125 13.206 -0.9
      vertex -59.6119 12.9659 -0.9
    endloop
  endfacet
  facet normal -0.659352 -0.751834 0
    outer loop
      vertex -58.6736 20.0924 -0.9
      vertex -58.2655 19.7345 0.9
      vertex -58.6736 20.0924 0.9
    endloop
  endfacet
  facet normal -0.659352 -0.751834 -0
    outer loop
      vertex -58.2655 19.7345 0.9
      vertex -58.6736 20.0924 -0.9
      vertex -58.2655 19.7345 -0.9
    endloop
  endfacet
  facet normal -0.195089 0.980786 0
    outer loop
      vertex -60.1259 12.7914 -0.9
      vertex -60.6583 12.6855 0.9
      vertex -60.1259 12.7914 0.9
    endloop
  endfacet
  facet normal -0.195089 0.980786 0
    outer loop
      vertex -60.6583 12.6855 0.9
      vertex -60.1259 12.7914 -0.9
      vertex -60.6583 12.6855 -0.9
    endloop
  endfacet
  facet normal 0.980786 -0.195089 0
    outer loop
      vertex -65.3145 17.3417 0.9
      vertex -65.2086 17.8741 -0.9
      vertex -65.2086 17.8741 0.9
    endloop
  endfacet
  facet normal 0.980786 -0.195089 0
    outer loop
      vertex -65.2086 17.8741 -0.9
      vertex -65.3145 17.3417 0.9
      vertex -65.3145 17.3417 -0.9
    endloop
  endfacet
  facet normal 0.946919 0.321473 0
    outer loop
      vertex -65.0341 15.2119 0.9
      vertex -65.2086 15.7259 -0.9
      vertex -65.2086 15.7259 0.9
    endloop
  endfacet
  facet normal 0.946919 0.321473 0
    outer loop
      vertex -65.2086 15.7259 -0.9
      vertex -65.0341 15.2119 0.9
      vertex -65.0341 15.2119 -0.9
    endloop
  endfacet
  facet normal 0.831483 0.55555 0
    outer loop
      vertex -64.4924 14.2736 0.9
      vertex -64.794 14.725 -0.9
      vertex -64.794 14.725 0.9
    endloop
  endfacet
  facet normal 0.831483 0.55555 0
    outer loop
      vertex -64.794 14.725 -0.9
      vertex -64.4924 14.2736 0.9
      vertex -64.4924 14.2736 -0.9
    endloop
  endfacet
  facet normal 0.99786 0.0653942 0
    outer loop
      vertex -65.3145 16.2583 0.9
      vertex -65.35 16.8 -0.9
      vertex -65.35 16.8 0.9
    endloop
  endfacet
  facet normal 0.99786 0.0653942 0
    outer loop
      vertex -65.35 16.8 -0.9
      vertex -65.3145 16.2583 0.9
      vertex -65.3145 16.2583 -0.9
    endloop
  endfacet
  facet normal -0.55555 -0.831483 0
    outer loop
      vertex -59.125 20.394 -0.9
      vertex -58.6736 20.0924 0.9
      vertex -59.125 20.394 0.9
    endloop
  endfacet
  facet normal -0.55555 -0.831483 -0
    outer loop
      vertex -58.6736 20.0924 0.9
      vertex -59.125 20.394 -0.9
      vertex -58.6736 20.0924 -0.9
    endloop
  endfacet
  facet normal 0.195089 0.980786 -0
    outer loop
      vertex -61.7417 12.6855 -0.9
      vertex -62.2741 12.7914 0.9
      vertex -61.7417 12.6855 0.9
    endloop
  endfacet
  facet normal 0.195089 0.980786 0
    outer loop
      vertex -62.2741 12.7914 0.9
      vertex -61.7417 12.6855 -0.9
      vertex -62.2741 12.7914 -0.9
    endloop
  endfacet
  facet normal 0.980786 0.195089 0
    outer loop
      vertex -65.2086 15.7259 0.9
      vertex -65.3145 16.2583 -0.9
      vertex -65.3145 16.2583 0.9
    endloop
  endfacet
  facet normal 0.980786 0.195089 0
    outer loop
      vertex -65.3145 16.2583 -0.9
      vertex -65.2086 15.7259 0.9
      vertex -65.2086 15.7259 -0.9
    endloop
  endfacet
  facet normal 0.44227 -0.896882 0
    outer loop
      vertex -63.275 20.394 -0.9
      vertex -62.7881 20.6341 0.9
      vertex -63.275 20.394 0.9
    endloop
  endfacet
  facet normal 0.44227 -0.896882 0
    outer loop
      vertex -62.7881 20.6341 0.9
      vertex -63.275 20.394 -0.9
      vertex -62.7881 20.6341 -0.9
    endloop
  endfacet
  facet normal 0.0653942 -0.99786 0
    outer loop
      vertex -61.7417 20.9145 -0.9
      vertex -61.2 20.95 0.9
      vertex -61.7417 20.9145 0.9
    endloop
  endfacet
  facet normal 0.0653942 -0.99786 0
    outer loop
      vertex -61.2 20.95 0.9
      vertex -61.7417 20.9145 -0.9
      vertex -61.2 20.95 -0.9
    endloop
  endfacet
  facet normal 0.896882 0.44227 0
    outer loop
      vertex -64.794 14.725 0.9
      vertex -65.0341 15.2119 -0.9
      vertex -65.0341 15.2119 0.9
    endloop
  endfacet
  facet normal 0.896882 0.44227 0
    outer loop
      vertex -65.0341 15.2119 -0.9
      vertex -64.794 14.725 0.9
      vertex -64.794 14.725 -0.9
    endloop
  endfacet
  facet normal -0.751834 0.659352 0
    outer loop
      vertex -58.2655 13.8655 -0.9
      vertex -57.9076 14.2736 0.9
      vertex -57.9076 14.2736 -0.9
    endloop
  endfacet
  facet normal -0.751834 0.659352 0
    outer loop
      vertex -57.9076 14.2736 0.9
      vertex -58.2655 13.8655 -0.9
      vertex -58.2655 13.8655 0.9
    endloop
  endfacet
  facet normal -0.44227 -0.896882 0
    outer loop
      vertex -59.6119 20.6341 -0.9
      vertex -59.125 20.394 0.9
      vertex -59.6119 20.6341 0.9
    endloop
  endfacet
  facet normal -0.44227 -0.896882 -0
    outer loop
      vertex -59.125 20.394 0.9
      vertex -59.6119 20.6341 -0.9
      vertex -59.125 20.394 -0.9
    endloop
  endfacet
  facet normal 0.99786 -0.0653942 0
    outer loop
      vertex -65.35 16.8 0.9
      vertex -65.3145 17.3417 -0.9
      vertex -65.3145 17.3417 0.9
    endloop
  endfacet
  facet normal 0.99786 -0.0653942 0
    outer loop
      vertex -65.3145 17.3417 -0.9
      vertex -65.35 16.8 0.9
      vertex -65.35 16.8 -0.9
    endloop
  endfacet
  facet normal -0.831483 0.55555 0
    outer loop
      vertex -57.9076 14.2736 -0.9
      vertex -57.606 14.725 0.9
      vertex -57.606 14.725 -0.9
    endloop
  endfacet
  facet normal -0.831483 0.55555 0
    outer loop
      vertex -57.606 14.725 0.9
      vertex -57.9076 14.2736 -0.9
      vertex -57.9076 14.2736 0.9
    endloop
  endfacet
  facet normal 0.44227 0.896882 -0
    outer loop
      vertex -62.7881 12.9659 -0.9
      vertex -63.275 13.206 0.9
      vertex -62.7881 12.9659 0.9
    endloop
  endfacet
  facet normal 0.44227 0.896882 0
    outer loop
      vertex -63.275 13.206 0.9
      vertex -62.7881 12.9659 -0.9
      vertex -63.275 13.206 -0.9
    endloop
  endfacet
  facet normal 0.831483 -0.55555 0
    outer loop
      vertex -64.794 18.875 0.9
      vertex -64.4924 19.3264 -0.9
      vertex -64.4924 19.3264 0.9
    endloop
  endfacet
  facet normal 0.831483 -0.55555 0
    outer loop
      vertex -64.4924 19.3264 -0.9
      vertex -64.794 18.875 0.9
      vertex -64.794 18.875 -0.9
    endloop
  endfacet
  facet normal -0.659352 0.751834 0
    outer loop
      vertex -58.2655 13.8655 -0.9
      vertex -58.6736 13.5076 0.9
      vertex -58.2655 13.8655 0.9
    endloop
  endfacet
  facet normal -0.659352 0.751834 0
    outer loop
      vertex -58.6736 13.5076 0.9
      vertex -58.2655 13.8655 -0.9
      vertex -58.6736 13.5076 -0.9
    endloop
  endfacet
  facet normal 0.946919 -0.321473 0
    outer loop
      vertex -65.2086 17.8741 0.9
      vertex -65.0341 18.3881 -0.9
      vertex -65.0341 18.3881 0.9
    endloop
  endfacet
  facet normal 0.946919 -0.321473 0
    outer loop
      vertex -65.0341 18.3881 -0.9
      vertex -65.2086 17.8741 0.9
      vertex -65.2086 17.8741 -0.9
    endloop
  endfacet
  facet normal -0.0653942 -0.99786 0
    outer loop
      vertex -61.2 20.95 -0.9
      vertex -60.6583 20.9145 0.9
      vertex -61.2 20.95 0.9
    endloop
  endfacet
  facet normal -0.0653942 -0.99786 -0
    outer loop
      vertex -60.6583 20.9145 0.9
      vertex -61.2 20.95 -0.9
      vertex -60.6583 20.9145 -0.9
    endloop
  endfacet
  facet normal 0.0653942 0.99786 -0
    outer loop
      vertex -61.2 12.65 -0.9
      vertex -61.7417 12.6855 0.9
      vertex -61.2 12.65 0.9
    endloop
  endfacet
  facet normal 0.0653942 0.99786 0
    outer loop
      vertex -61.7417 12.6855 0.9
      vertex -61.2 12.65 -0.9
      vertex -61.7417 12.6855 -0.9
    endloop
  endfacet
  facet normal 0.751834 0.659352 0
    outer loop
      vertex -64.1345 13.8655 0.9
      vertex -64.4924 14.2736 -0.9
      vertex -64.4924 14.2736 0.9
    endloop
  endfacet
  facet normal 0.751834 0.659352 0
    outer loop
      vertex -64.4924 14.2736 -0.9
      vertex -64.1345 13.8655 0.9
      vertex -64.1345 13.8655 -0.9
    endloop
  endfacet
  facet normal -0.195089 -0.980786 0
    outer loop
      vertex -60.6583 20.9145 -0.9
      vertex -60.1259 20.8086 0.9
      vertex -60.6583 20.9145 0.9
    endloop
  endfacet
  facet normal -0.195089 -0.980786 -0
    outer loop
      vertex -60.1259 20.8086 0.9
      vertex -60.6583 20.9145 -0.9
      vertex -60.1259 20.8086 -0.9
    endloop
  endfacet
  facet normal 0.321473 0.946919 -0
    outer loop
      vertex -62.2741 12.7914 -0.9
      vertex -62.7881 12.9659 0.9
      vertex -62.2741 12.7914 0.9
    endloop
  endfacet
  facet normal 0.321473 0.946919 0
    outer loop
      vertex -62.7881 12.9659 0.9
      vertex -62.2741 12.7914 -0.9
      vertex -62.7881 12.9659 -0.9
    endloop
  endfacet
  facet normal -0.707107 -0.707107 0
    outer loop
      vertex -35.921 16.8 -0.9
      vertex -40.8 21.679 0.9
      vertex -40.8 21.679 -0.9
    endloop
  endfacet
  facet normal -0.707107 -0.707107 0
    outer loop
      vertex -40.8 21.679 0.9
      vertex -35.921 16.8 -0.9
      vertex -35.921 16.8 0.9
    endloop
  endfacet
  facet normal 0.707107 0.707107 0
    outer loop
      vertex -40.8 11.921 0.9
      vertex -45.679 16.8 -0.9
      vertex -45.679 16.8 0.9
    endloop
  endfacet
  facet normal 0.707107 0.707107 0
    outer loop
      vertex -45.679 16.8 -0.9
      vertex -40.8 11.921 0.9
      vertex -40.8 11.921 -0.9
    endloop
  endfacet
  facet normal 0.707107 -0.707107 0
    outer loop
      vertex -45.679 16.8 0.9
      vertex -40.8 21.679 -0.9
      vertex -40.8 21.679 0.9
    endloop
  endfacet
  facet normal 0.707107 -0.707107 0
    outer loop
      vertex -40.8 21.679 -0.9
      vertex -45.679 16.8 0.9
      vertex -45.679 16.8 -0.9
    endloop
  endfacet
  facet normal -0.707107 0.707107 0
    outer loop
      vertex -40.8 11.921 -0.9
      vertex -35.921 16.8 0.9
      vertex -35.921 16.8 -0.9
    endloop
  endfacet
  facet normal -0.707107 0.707107 0
    outer loop
      vertex -35.921 16.8 0.9
      vertex -40.8 11.921 -0.9
      vertex -40.8 11.921 0.9
    endloop
  endfacet
  facet normal 0.866026 -0.499999 0
    outer loop
      vertex -24.2105 14.6 0.9
      vertex -20.4 21.2 -0.9
      vertex -20.4 21.2 0.9
    endloop
  endfacet
  facet normal 0.866026 -0.499999 0
    outer loop
      vertex -20.4 21.2 -0.9
      vertex -24.2105 14.6 0.9
      vertex -24.2105 14.6 -0.9
    endloop
  endfacet
  facet normal 0 1 -0
    outer loop
      vertex -16.5895 14.6 -0.9
      vertex -24.2105 14.6 0.9
      vertex -16.5895 14.6 0.9
    endloop
  endfacet
  facet normal 0 1 0
    outer loop
      vertex -24.2105 14.6 0.9
      vertex -16.5895 14.6 -0.9
      vertex -24.2105 14.6 -0.9
    endloop
  endfacet
  facet normal -0.866026 -0.499999 0
    outer loop
      vertex -16.5895 14.6 -0.9
      vertex -20.4 21.2 0.9
      vertex -20.4 21.2 -0.9
    endloop
  endfacet
  facet normal -0.866026 -0.499999 0
    outer loop
      vertex -20.4 21.2 0.9
      vertex -16.5895 14.6 -0.9
      vertex -16.5895 14.6 0.9
    endloop
  endfacet
  facet normal -1 0 0
    outer loop
      vertex -5.9 12.5 -0.9
      vertex -5.9 21.1 0.9
      vertex -5.9 21.1 -0.9
    endloop
  endfacet
  facet normal -1 -0 0
    outer loop
      vertex -5.9 21.1 0.9
      vertex -5.9 12.5 -0.9
      vertex -5.9 12.5 0.9
    endloop
  endfacet
  facet normal 1 -0 0
    outer loop
      vertex -14.5 12.5 0.9
      vertex -14.5 21.1 -0.9
      vertex -14.5 21.1 0.9
    endloop
  endfacet
  facet normal 1 0 0
    outer loop
      vertex -14.5 21.1 -0.9
      vertex -14.5 12.5 0.9
      vertex -14.5 12.5 -0.9
    endloop
  endfacet
  facet normal 0 -1 0
    outer loop
      vertex -14.5 21.1 -0.9
      vertex -5.9 21.1 0.9
      vertex -14.5 21.1 0.9
    endloop
  endfacet
  facet normal 0 -1 -0
    outer loop
      vertex -5.9 21.1 0.9
      vertex -14.5 21.1 -0.9
      vertex -5.9 21.1 -0.9
    endloop
  endfacet
  facet normal 0 1 -0
    outer loop
      vertex -5.9 12.5 -0.9
      vertex -14.5 12.5 0.9
      vertex -5.9 12.5 0.9
    endloop
  endfacet
  facet normal 0 1 0
    outer loop
      vertex -14.5 12.5 0.9
      vertex -5.9 12.5 -0.9
      vertex -14.5 12.5 -0.9
    endloop
  endfacet
  facet normal -0.980786 -0.195089 0
    outer loop
      vertex 14.3145 17.3417 -0.9
      vertex 14.2086 17.8741 0.9
      vertex 14.2086 17.8741 -0.9
    endloop
  endfacet
  facet normal -0.980786 -0.195089 0
    outer loop
      vertex 14.2086 17.8741 0.9
      vertex 14.3145 17.3417 -0.9
      vertex 14.3145 17.3417 0.9
    endloop
  endfacet
  facet normal -0.99786 -0.0653942 0
    outer loop
      vertex 14.35 16.8 -0.9
      vertex 14.3145 17.3417 0.9
      vertex 14.3145 17.3417 -0.9
    endloop
  endfacet
  facet normal -0.99786 -0.0653942 0
    outer loop
      vertex 14.3145 17.3417 0.9
      vertex 14.35 16.8 -0.9
      vertex 14.35 16.8 0.9
    endloop
  endfacet
  facet normal -0.946919 -0.321473 0
    outer loop
      vertex 14.2086 17.8741 -0.9
      vertex 14.0341 18.3881 0.9
      vertex 14.0341 18.3881 -0.9
    endloop
  endfacet
  facet normal -0.946919 -0.321473 0
    outer loop
      vertex 14.0341 18.3881 0.9
      vertex 14.2086 17.8741 -0.9
      vertex 14.2086 17.8741 0.9
    endloop
  endfacet
  facet normal -0.44227 -0.896882 0
    outer loop
      vertex 11.7881 20.6341 -0.9
      vertex 12.275 20.394 0.9
      vertex 11.7881 20.6341 0.9
    endloop
  endfacet
  facet normal -0.44227 -0.896882 -0
    outer loop
      vertex 12.275 20.394 0.9
      vertex 11.7881 20.6341 -0.9
      vertex 12.275 20.394 -0.9
    endloop
  endfacet
  facet normal 0.0653966 0.997859 -0
    outer loop
      vertex 10.2 12.65 -0.9
      vertex 9.65832 12.6855 0.9
      vertex 10.2 12.65 0.9
    endloop
  endfacet
  facet normal 0.0653966 0.997859 0
    outer loop
      vertex 9.65832 12.6855 0.9
      vertex 10.2 12.65 -0.9
      vertex 9.65832 12.6855 -0.9
    endloop
  endfacet
  facet normal -0.751834 0.659352 0
    outer loop
      vertex 13.1345 13.8655 -0.9
      vertex 13.4924 14.2736 0.9
      vertex 13.4924 14.2736 -0.9
    endloop
  endfacet
  facet normal -0.751834 0.659352 0
    outer loop
      vertex 13.4924 14.2736 0.9
      vertex 13.1345 13.8655 -0.9
      vertex 13.1345 13.8655 0.9
    endloop
  endfacet
  facet normal -0.896882 0.44227 0
    outer loop
      vertex 13.794 14.725 -0.9
      vertex 14.0341 15.2119 0.9
      vertex 14.0341 15.2119 -0.9
    endloop
  endfacet
  facet normal -0.896882 0.44227 0
    outer loop
      vertex 14.0341 15.2119 0.9
      vertex 13.794 14.725 -0.9
      vertex 13.794 14.725 0.9
    endloop
  endfacet
  facet normal 0.555584 -0.83146 0
    outer loop
      vertex 7.67364 20.0924 -0.9
      vertex 8.125 20.394 0.9
      vertex 7.67364 20.0924 0.9
    endloop
  endfacet
  facet normal 0.555584 -0.83146 0
    outer loop
      vertex 8.125 20.394 0.9
      vertex 7.67364 20.0924 -0.9
      vertex 8.125 20.394 -0.9
    endloop
  endfacet
  facet normal -0.99786 0.0653942 0
    outer loop
      vertex 14.3145 16.2583 -0.9
      vertex 14.35 16.8 0.9
      vertex 14.35 16.8 -0.9
    endloop
  endfacet
  facet normal -0.99786 0.0653942 0
    outer loop
      vertex 14.35 16.8 0.9
      vertex 14.3145 16.2583 -0.9
      vertex 14.3145 16.2583 0.9
    endloop
  endfacet
  facet normal -0.321473 0.946919 0
    outer loop
      vertex 11.7881 12.9659 -0.9
      vertex 11.2741 12.7914 0.9
      vertex 11.7881 12.9659 0.9
    endloop
  endfacet
  facet normal -0.321473 0.946919 0
    outer loop
      vertex 11.2741 12.7914 0.9
      vertex 11.7881 12.9659 -0.9
      vertex 11.2741 12.7914 -0.9
    endloop
  endfacet
  facet normal 0.946924 -0.321457 0
    outer loop
      vertex 6.19141 17.8741 0.9
      vertex 6.3659 18.3881 -0.9
      vertex 6.3659 18.3881 0.9
    endloop
  endfacet
  facet normal 0.946924 -0.321457 0
    outer loop
      vertex 6.3659 18.3881 -0.9
      vertex 6.19141 17.8741 0.9
      vertex 6.19141 17.8741 -0.9
    endloop
  endfacet
  facet normal 0.896889 -0.442255 0
    outer loop
      vertex 6.3659 18.3881 0.9
      vertex 6.60599 18.875 -0.9
      vertex 6.60599 18.875 0.9
    endloop
  endfacet
  facet normal 0.896889 -0.442255 0
    outer loop
      vertex 6.60599 18.875 -0.9
      vertex 6.3659 18.3881 0.9
      vertex 6.3659 18.3881 -0.9
    endloop
  endfacet
  facet normal -0.831483 0.55555 0
    outer loop
      vertex 13.4924 14.2736 -0.9
      vertex 13.794 14.725 0.9
      vertex 13.794 14.725 -0.9
    endloop
  endfacet
  facet normal -0.831483 0.55555 0
    outer loop
      vertex 13.794 14.725 0.9
      vertex 13.4924 14.2736 -0.9
      vertex 13.4924 14.2736 0.9
    endloop
  endfacet
  facet normal 0.659325 -0.751858 0
    outer loop
      vertex 7.26551 19.7345 -0.9
      vertex 7.67364 20.0924 0.9
      vertex 7.26551 19.7345 0.9
    endloop
  endfacet
  facet normal 0.659325 -0.751858 0
    outer loop
      vertex 7.67364 20.0924 0.9
      vertex 7.26551 19.7345 -0.9
      vertex 7.67364 20.0924 -0.9
    endloop
  endfacet
  facet normal -0.831483 -0.55555 0
    outer loop
      vertex 13.794 18.875 -0.9
      vertex 13.4924 19.3264 0.9
      vertex 13.4924 19.3264 -0.9
    endloop
  endfacet
  facet normal -0.831483 -0.55555 0
    outer loop
      vertex 13.4924 19.3264 0.9
      vertex 13.794 18.875 -0.9
      vertex 13.794 18.875 0.9
    endloop
  endfacet
  facet normal -0.659352 0.751834 0
    outer loop
      vertex 13.1345 13.8655 -0.9
      vertex 12.7264 13.5076 0.9
      vertex 13.1345 13.8655 0.9
    endloop
  endfacet
  facet normal -0.659352 0.751834 0
    outer loop
      vertex 12.7264 13.5076 0.9
      vertex 13.1345 13.8655 -0.9
      vertex 12.7264 13.5076 -0.9
    endloop
  endfacet
  facet normal 0.980782 -0.195106 0
    outer loop
      vertex 6.0855 17.3417 0.9
      vertex 6.19141 17.8741 -0.9
      vertex 6.19141 17.8741 0.9
    endloop
  endfacet
  facet normal 0.980782 -0.195106 0
    outer loop
      vertex 6.19141 17.8741 -0.9
      vertex 6.0855 17.3417 0.9
      vertex 6.0855 17.3417 -0.9
    endloop
  endfacet
  facet normal 0.321451 -0.946926 0
    outer loop
      vertex 8.61186 20.6341 -0.9
      vertex 9.1259 20.8086 0.9
      vertex 8.61186 20.6341 0.9
    endloop
  endfacet
  facet normal 0.321451 -0.946926 0
    outer loop
      vertex 9.1259 20.8086 0.9
      vertex 8.61186 20.6341 -0.9
      vertex 9.1259 20.8086 -0.9
    endloop
  endfacet
  facet normal -0.896882 -0.44227 0
    outer loop
      vertex 14.0341 18.3881 -0.9
      vertex 13.794 18.875 0.9
      vertex 13.794 18.875 -0.9
    endloop
  endfacet
  facet normal -0.896882 -0.44227 0
    outer loop
      vertex 13.794 18.875 0.9
      vertex 14.0341 18.3881 -0.9
      vertex 14.0341 18.3881 0.9
    endloop
  endfacet
  facet normal -0.0653942 0.99786 0
    outer loop
      vertex 10.7417 12.6855 -0.9
      vertex 10.2 12.65 0.9
      vertex 10.7417 12.6855 0.9
    endloop
  endfacet
  facet normal -0.0653942 0.99786 0
    outer loop
      vertex 10.2 12.65 0.9
      vertex 10.7417 12.6855 -0.9
      vertex 10.2 12.65 -0.9
    endloop
  endfacet
  facet normal 0.831492 0.555537 0
    outer loop
      vertex 6.90758 14.2736 0.9
      vertex 6.60599 14.725 -0.9
      vertex 6.60599 14.725 0.9
    endloop
  endfacet
  facet normal 0.831492 0.555537 0
    outer loop
      vertex 6.60599 14.725 -0.9
      vertex 6.90758 14.2736 0.9
      vertex 6.90758 14.2736 -0.9
    endloop
  endfacet
  facet normal -0.195089 0.980786 0
    outer loop
      vertex 11.2741 12.7914 -0.9
      vertex 10.7417 12.6855 0.9
      vertex 11.2741 12.7914 0.9
    endloop
  endfacet
  facet normal -0.195089 0.980786 0
    outer loop
      vertex 10.7417 12.6855 0.9
      vertex 11.2741 12.7914 -0.9
      vertex 10.7417 12.6855 -0.9
    endloop
  endfacet
  facet normal -0.55555 -0.831483 0
    outer loop
      vertex 12.275 20.394 -0.9
      vertex 12.7264 20.0924 0.9
      vertex 12.275 20.394 0.9
    endloop
  endfacet
  facet normal -0.55555 -0.831483 -0
    outer loop
      vertex 12.7264 20.0924 0.9
      vertex 12.275 20.394 -0.9
      vertex 12.7264 20.0924 -0.9
    endloop
  endfacet
  facet normal 0.99786 -0.0653942 0
    outer loop
      vertex 6.05 16.8 0.9
      vertex 6.0855 17.3417 -0.9
      vertex 6.0855 17.3417 0.9
    endloop
  endfacet
  facet normal 0.99786 -0.0653942 0
    outer loop
      vertex 6.0855 17.3417 -0.9
      vertex 6.05 16.8 0.9
      vertex 6.05 16.8 -0.9
    endloop
  endfacet
  facet normal -0.659352 -0.751834 0
    outer loop
      vertex 12.7264 20.0924 -0.9
      vertex 13.1345 19.7345 0.9
      vertex 12.7264 20.0924 0.9
    endloop
  endfacet
  facet normal -0.659352 -0.751834 -0
    outer loop
      vertex 13.1345 19.7345 0.9
      vertex 12.7264 20.0924 -0.9
      vertex 13.1345 19.7345 -0.9
    endloop
  endfacet
  facet normal -0.321473 -0.946919 0
    outer loop
      vertex 11.2741 20.8086 -0.9
      vertex 11.7881 20.6341 0.9
      vertex 11.2741 20.8086 0.9
    endloop
  endfacet
  facet normal -0.321473 -0.946919 -0
    outer loop
      vertex 11.7881 20.6341 0.9
      vertex 11.2741 20.8086 -0.9
      vertex 11.7881 20.6341 -0.9
    endloop
  endfacet
  facet normal 0.896889 0.442255 0
    outer loop
      vertex 6.60599 14.725 0.9
      vertex 6.3659 15.2119 -0.9
      vertex 6.3659 15.2119 0.9
    endloop
  endfacet
  facet normal 0.896889 0.442255 0
    outer loop
      vertex 6.3659 15.2119 -0.9
      vertex 6.60599 14.725 0.9
      vertex 6.60599 14.725 -0.9
    endloop
  endfacet
  facet normal -0.751834 -0.659352 0
    outer loop
      vertex 13.4924 19.3264 -0.9
      vertex 13.1345 19.7345 0.9
      vertex 13.1345 19.7345 -0.9
    endloop
  endfacet
  facet normal -0.751834 -0.659352 0
    outer loop
      vertex 13.1345 19.7345 0.9
      vertex 13.4924 19.3264 -0.9
      vertex 13.4924 19.3264 0.9
    endloop
  endfacet
  facet normal 0.321451 0.946926 -0
    outer loop
      vertex 9.1259 12.7914 -0.9
      vertex 8.61186 12.9659 0.9
      vertex 9.1259 12.7914 0.9
    endloop
  endfacet
  facet normal 0.321451 0.946926 0
    outer loop
      vertex 8.61186 12.9659 0.9
      vertex 9.1259 12.7914 -0.9
      vertex 8.61186 12.9659 -0.9
    endloop
  endfacet
  facet normal 0.946924 0.321457 0
    outer loop
      vertex 6.3659 15.2119 0.9
      vertex 6.19141 15.7259 -0.9
      vertex 6.19141 15.7259 0.9
    endloop
  endfacet
  facet normal 0.946924 0.321457 0
    outer loop
      vertex 6.19141 15.7259 -0.9
      vertex 6.3659 15.2119 0.9
      vertex 6.3659 15.2119 -0.9
    endloop
  endfacet
  facet normal 0.751807 0.659383 0
    outer loop
      vertex 7.26551 13.8655 0.9
      vertex 6.90758 14.2736 -0.9
      vertex 6.90758 14.2736 0.9
    endloop
  endfacet
  facet normal 0.751807 0.659383 0
    outer loop
      vertex 6.90758 14.2736 -0.9
      vertex 7.26551 13.8655 0.9
      vertex 7.26551 13.8655 -0.9
    endloop
  endfacet
  facet normal -0.44227 0.896882 0
    outer loop
      vertex 12.275 13.206 -0.9
      vertex 11.7881 12.9659 0.9
      vertex 12.275 13.206 0.9
    endloop
  endfacet
  facet normal -0.44227 0.896882 0
    outer loop
      vertex 11.7881 12.9659 0.9
      vertex 12.275 13.206 -0.9
      vertex 11.7881 12.9659 -0.9
    endloop
  endfacet
  facet normal -0.980786 0.195089 0
    outer loop
      vertex 14.2086 15.7259 -0.9
      vertex 14.3145 16.2583 0.9
      vertex 14.3145 16.2583 -0.9
    endloop
  endfacet
  facet normal -0.980786 0.195089 0
    outer loop
      vertex 14.3145 16.2583 0.9
      vertex 14.2086 15.7259 -0.9
      vertex 14.2086 15.7259 0.9
    endloop
  endfacet
  facet normal 0.831492 -0.555537 0
    outer loop
      vertex 6.60599 18.875 0.9
      vertex 6.90758 19.3264 -0.9
      vertex 6.90758 19.3264 0.9
    endloop
  endfacet
  facet normal 0.831492 -0.555537 0
    outer loop
      vertex 6.90758 19.3264 -0.9
      vertex 6.60599 18.875 0.9
      vertex 6.60599 18.875 -0.9
    endloop
  endfacet
  facet normal -0.55555 0.831483 0
    outer loop
      vertex 12.7264 13.5076 -0.9
      vertex 12.275 13.206 0.9
      vertex 12.7264 13.5076 0.9
    endloop
  endfacet
  facet normal -0.55555 0.831483 0
    outer loop
      vertex 12.275 13.206 0.9
      vertex 12.7264 13.5076 -0.9
      vertex 12.275 13.206 -0.9
    endloop
  endfacet
  facet normal 0.0653966 -0.997859 0
    outer loop
      vertex 9.65832 20.9145 -0.9
      vertex 10.2 20.95 0.9
      vertex 9.65832 20.9145 0.9
    endloop
  endfacet
  facet normal 0.0653966 -0.997859 0
    outer loop
      vertex 10.2 20.95 0.9
      vertex 9.65832 20.9145 -0.9
      vertex 10.2 20.95 -0.9
    endloop
  endfacet
  facet normal 0.195082 -0.980787 0
    outer loop
      vertex 9.1259 20.8086 -0.9
      vertex 9.65832 20.9145 0.9
      vertex 9.1259 20.8086 0.9
    endloop
  endfacet
  facet normal 0.195082 -0.980787 0
    outer loop
      vertex 9.65832 20.9145 0.9
      vertex 9.1259 20.8086 -0.9
      vertex 9.65832 20.9145 -0.9
    endloop
  endfacet
  facet normal 0.751807 -0.659383 0
    outer loop
      vertex 6.90758 19.3264 0.9
      vertex 7.26551 19.7345 -0.9
      vertex 7.26551 19.7345 0.9
    endloop
  endfacet
  facet normal 0.751807 -0.659383 0
    outer loop
      vertex 7.26551 19.7345 -0.9
      vertex 6.90758 19.3264 0.9
      vertex 6.90758 19.3264 -0.9
    endloop
  endfacet
  facet normal -0.946919 0.321473 0
    outer loop
      vertex 14.0341 15.2119 -0.9
      vertex 14.2086 15.7259 0.9
      vertex 14.2086 15.7259 -0.9
    endloop
  endfacet
  facet normal -0.946919 0.321473 0
    outer loop
      vertex 14.2086 15.7259 0.9
      vertex 14.0341 15.2119 -0.9
      vertex 14.0341 15.2119 0.9
    endloop
  endfacet
  facet normal 0.659325 0.751858 -0
    outer loop
      vertex 7.67364 13.5076 -0.9
      vertex 7.26551 13.8655 0.9
      vertex 7.67364 13.5076 0.9
    endloop
  endfacet
  facet normal 0.659325 0.751858 0
    outer loop
      vertex 7.26551 13.8655 0.9
      vertex 7.67364 13.5076 -0.9
      vertex 7.26551 13.8655 -0.9
    endloop
  endfacet
  facet normal 0.980782 0.195106 0
    outer loop
      vertex 6.19141 15.7259 0.9
      vertex 6.0855 16.2583 -0.9
      vertex 6.0855 16.2583 0.9
    endloop
  endfacet
  facet normal 0.980782 0.195106 0
    outer loop
      vertex 6.0855 16.2583 -0.9
      vertex 6.19141 15.7259 0.9
      vertex 6.19141 15.7259 -0.9
    endloop
  endfacet
  facet normal -0.0653942 -0.99786 0
    outer loop
      vertex 10.2 20.95 -0.9
      vertex 10.7417 20.9145 0.9
      vertex 10.2 20.95 0.9
    endloop
  endfacet
  facet normal -0.0653942 -0.99786 -0
    outer loop
      vertex 10.7417 20.9145 0.9
      vertex 10.2 20.95 -0.9
      vertex 10.7417 20.9145 -0.9
    endloop
  endfacet
  facet normal -0.195089 -0.980786 0
    outer loop
      vertex 10.7417 20.9145 -0.9
      vertex 11.2741 20.8086 0.9
      vertex 10.7417 20.9145 0.9
    endloop
  endfacet
  facet normal -0.195089 -0.980786 -0
    outer loop
      vertex 11.2741 20.8086 0.9
      vertex 10.7417 20.9145 -0.9
      vertex 11.2741 20.8086 -0.9
    endloop
  endfacet
  facet normal 0.555584 0.83146 -0
    outer loop
      vertex 8.125 13.206 -0.9
      vertex 7.67364 13.5076 0.9
      vertex 8.125 13.206 0.9
    endloop
  endfacet
  facet normal 0.555584 0.83146 0
    outer loop
      vertex 7.67364 13.5076 0.9
      vertex 8.125 13.206 -0.9
      vertex 7.67364 13.5076 -0.9
    endloop
  endfacet
  facet normal 0.442299 -0.896867 0
    outer loop
      vertex 8.125 20.394 -0.9
      vertex 8.61186 20.6341 0.9
      vertex 8.125 20.394 0.9
    endloop
  endfacet
  facet normal 0.442299 -0.896867 0
    outer loop
      vertex 8.61186 20.6341 0.9
      vertex 8.125 20.394 -0.9
      vertex 8.61186 20.6341 -0.9
    endloop
  endfacet
  facet normal 0.99786 0.0653942 0
    outer loop
      vertex 6.0855 16.2583 0.9
      vertex 6.05 16.8 -0.9
      vertex 6.05 16.8 0.9
    endloop
  endfacet
  facet normal 0.99786 0.0653942 0
    outer loop
      vertex 6.05 16.8 -0.9
      vertex 6.0855 16.2583 0.9
      vertex 6.0855 16.2583 -0.9
    endloop
  endfacet
  facet normal 0.442299 0.896867 -0
    outer loop
      vertex 8.61186 12.9659 -0.9
      vertex 8.125 13.206 0.9
      vertex 8.61186 12.9659 0.9
    endloop
  endfacet
  facet normal 0.442299 0.896867 0
    outer loop
      vertex 8.125 13.206 0.9
      vertex 8.61186 12.9659 -0.9
      vertex 8.125 13.206 -0.9
    endloop
  endfacet
  facet normal 0.195082 0.980787 -0
    outer loop
      vertex 9.65832 12.6855 -0.9
      vertex 9.1259 12.7914 0.9
      vertex 9.65832 12.6855 0.9
    endloop
  endfacet
  facet normal 0.195082 0.980787 0
    outer loop
      vertex 9.1259 12.7914 0.9
      vertex 9.65832 12.6855 -0.9
      vertex 9.1259 12.7914 -0.9
    endloop
  endfacet
  facet normal -0.896882 0.44227 0
    outer loop
      vertex 34.194 14.725 -0.9
      vertex 34.4341 15.2119 0.9
      vertex 34.4341 15.2119 -0.9
    endloop
  endfacet
  facet normal -0.896882 0.44227 0
    outer loop
      vertex 34.4341 15.2119 0.9
      vertex 34.194 14.725 -0.9
      vertex 34.194 14.725 0.9
    endloop
  endfacet
  facet normal -0.980786 -0.195089 0
    outer loop
      vertex 34.7145 17.3417 -0.9
      vertex 34.6086 17.8741 0.9
      vertex 34.6086 17.8741 -0.9
    endloop
  endfacet
  facet normal -0.980786 -0.195089 0
    outer loop
      vertex 34.6086 17.8741 0.9
      vertex 34.7145 17.3417 -0.9
      vertex 34.7145 17.3417 0.9
    endloop
  endfacet
  facet normal -0.99786 -0.0653942 0
    outer loop
      vertex 34.75 16.8 -0.9
      vertex 34.7145 17.3417 0.9
      vertex 34.7145 17.3417 -0.9
    endloop
  endfacet
  facet normal -0.99786 -0.0653942 0
    outer loop
      vertex 34.7145 17.3417 0.9
      vertex 34.75 16.8 -0.9
      vertex 34.75 16.8 0.9
    endloop
  endfacet
  facet normal 0.751834 0.659352 0
    outer loop
      vertex 27.6655 13.8655 0.9
      vertex 27.3076 14.2736 -0.9
      vertex 27.3076 14.2736 0.9
    endloop
  endfacet
  facet normal 0.751834 0.659352 0
    outer loop
      vertex 27.3076 14.2736 -0.9
      vertex 27.6655 13.8655 0.9
      vertex 27.6655 13.8655 -0.9
    endloop
  endfacet
  facet normal -0.99786 0.0653942 0
    outer loop
      vertex 34.7145 16.2583 -0.9
      vertex 34.75 16.8 0.9
      vertex 34.75 16.8 -0.9
    endloop
  endfacet
  facet normal -0.99786 0.0653942 0
    outer loop
      vertex 34.75 16.8 0.9
      vertex 34.7145 16.2583 -0.9
      vertex 34.7145 16.2583 0.9
    endloop
  endfacet
  facet normal 0.980786 0.195089 0
    outer loop
      vertex 26.5914 15.7259 0.9
      vertex 26.4855 16.2583 -0.9
      vertex 26.4855 16.2583 0.9
    endloop
  endfacet
  facet normal 0.980786 0.195089 0
    outer loop
      vertex 26.4855 16.2583 -0.9
      vertex 26.5914 15.7259 0.9
      vertex 26.5914 15.7259 -0.9
    endloop
  endfacet
  facet normal -0.55555 0.831483 0
    outer loop
      vertex 33.1264 13.5076 -0.9
      vertex 32.675 13.206 0.9
      vertex 33.1264 13.5076 0.9
    endloop
  endfacet
  facet normal -0.55555 0.831483 0
    outer loop
      vertex 32.675 13.206 0.9
      vertex 33.1264 13.5076 -0.9
      vertex 32.675 13.206 -0.9
    endloop
  endfacet
  facet normal -0.0653942 0.99786 0
    outer loop
      vertex 31.1417 12.6855 -0.9
      vertex 30.6 12.65 0.9
      vertex 31.1417 12.6855 0.9
    endloop
  endfacet
  facet normal -0.0653942 0.99786 0
    outer loop
      vertex 30.6 12.65 0.9
      vertex 31.1417 12.6855 -0.9
      vertex 30.6 12.65 -0.9
    endloop
  endfacet
  facet normal -0.44227 0.896882 0
    outer loop
      vertex 32.675 13.206 -0.9
      vertex 32.1881 12.9659 0.9
      vertex 32.675 13.206 0.9
    endloop
  endfacet
  facet normal -0.44227 0.896882 0
    outer loop
      vertex 32.1881 12.9659 0.9
      vertex 32.675 13.206 -0.9
      vertex 32.1881 12.9659 -0.9
    endloop
  endfacet
  facet normal 0.44227 -0.896882 0
    outer loop
      vertex 28.525 20.394 -0.9
      vertex 29.0119 20.6341 0.9
      vertex 28.525 20.394 0.9
    endloop
  endfacet
  facet normal 0.44227 -0.896882 0
    outer loop
      vertex 29.0119 20.6341 0.9
      vertex 28.525 20.394 -0.9
      vertex 29.0119 20.6341 -0.9
    endloop
  endfacet
  facet normal -0.321473 0.946919 0
    outer loop
      vertex 32.1881 12.9659 -0.9
      vertex 31.6741 12.7914 0.9
      vertex 32.1881 12.9659 0.9
    endloop
  endfacet
  facet normal -0.321473 0.946919 0
    outer loop
      vertex 31.6741 12.7914 0.9
      vertex 32.1881 12.9659 -0.9
      vertex 31.6741 12.7914 -0.9
    endloop
  endfacet
  facet normal 0.55555 -0.831483 0
    outer loop
      vertex 28.0736 20.0924 -0.9
      vertex 28.525 20.394 0.9
      vertex 28.0736 20.0924 0.9
    endloop
  endfacet
  facet normal 0.55555 -0.831483 0
    outer loop
      vertex 28.525 20.394 0.9
      vertex 28.0736 20.0924 -0.9
      vertex 28.525 20.394 -0.9
    endloop
  endfacet
  facet normal 0.946919 0.321473 0
    outer loop
      vertex 26.7659 15.2119 0.9
      vertex 26.5914 15.7259 -0.9
      vertex 26.5914 15.7259 0.9
    endloop
  endfacet
  facet normal 0.946919 0.321473 0
    outer loop
      vertex 26.5914 15.7259 -0.9
      vertex 26.7659 15.2119 0.9
      vertex 26.7659 15.2119 -0.9
    endloop
  endfacet
  facet normal -0.980786 0.195089 0
    outer loop
      vertex 34.6086 15.7259 -0.9
      vertex 34.7145 16.2583 0.9
      vertex 34.7145 16.2583 -0.9
    endloop
  endfacet
  facet normal -0.980786 0.195089 0
    outer loop
      vertex 34.7145 16.2583 0.9
      vertex 34.6086 15.7259 -0.9
      vertex 34.6086 15.7259 0.9
    endloop
  endfacet
  facet normal -0.659352 -0.751834 0
    outer loop
      vertex 33.1264 20.0924 -0.9
      vertex 33.5345 19.7345 0.9
      vertex 33.1264 20.0924 0.9
    endloop
  endfacet
  facet normal -0.659352 -0.751834 -0
    outer loop
      vertex 33.5345 19.7345 0.9
      vertex 33.1264 20.0924 -0.9
      vertex 33.5345 19.7345 -0.9
    endloop
  endfacet
  facet normal -0.751834 -0.659352 0
    outer loop
      vertex 33.8924 19.3264 -0.9
      vertex 33.5345 19.7345 0.9
      vertex 33.5345 19.7345 -0.9
    endloop
  endfacet
  facet normal -0.751834 -0.659352 0
    outer loop
      vertex 33.5345 19.7345 0.9
      vertex 33.8924 19.3264 -0.9
      vertex 33.8924 19.3264 0.9
    endloop
  endfacet
  facet normal 0.751834 -0.659352 0
    outer loop
      vertex 27.3076 19.3264 0.9
      vertex 27.6655 19.7345 -0.9
      vertex 27.6655 19.7345 0.9
    endloop
  endfacet
  facet normal 0.751834 -0.659352 0
    outer loop
      vertex 27.6655 19.7345 -0.9
      vertex 27.3076 19.3264 0.9
      vertex 27.3076 19.3264 -0.9
    endloop
  endfacet
  facet normal 0.896882 0.44227 0
    outer loop
      vertex 27.006 14.725 0.9
      vertex 26.7659 15.2119 -0.9
      vertex 26.7659 15.2119 0.9
    endloop
  endfacet
  facet normal 0.896882 0.44227 0
    outer loop
      vertex 26.7659 15.2119 -0.9
      vertex 27.006 14.725 0.9
      vertex 27.006 14.725 -0.9
    endloop
  endfacet
  facet normal 0.659352 -0.751834 0
    outer loop
      vertex 27.6655 19.7345 -0.9
      vertex 28.0736 20.0924 0.9
      vertex 27.6655 19.7345 0.9
    endloop
  endfacet
  facet normal 0.659352 -0.751834 0
    outer loop
      vertex 28.0736 20.0924 0.9
      vertex 27.6655 19.7345 -0.9
      vertex 28.0736 20.0924 -0.9
    endloop
  endfacet
  facet normal 0.321473 -0.946919 0
    outer loop
      vertex 29.0119 20.6341 -0.9
      vertex 29.5259 20.8086 0.9
      vertex 29.0119 20.6341 0.9
    endloop
  endfacet
  facet normal 0.321473 -0.946919 0
    outer loop
      vertex 29.5259 20.8086 0.9
      vertex 29.0119 20.6341 -0.9
      vertex 29.5259 20.8086 -0.9
    endloop
  endfacet
  facet normal 0.99786 -0.0653942 0
    outer loop
      vertex 26.45 16.8 0.9
      vertex 26.4855 17.3417 -0.9
      vertex 26.4855 17.3417 0.9
    endloop
  endfacet
  facet normal 0.99786 -0.0653942 0
    outer loop
      vertex 26.4855 17.3417 -0.9
      vertex 26.45 16.8 0.9
      vertex 26.45 16.8 -0.9
    endloop
  endfacet
  facet normal 0.55555 0.831483 -0
    outer loop
      vertex 28.525 13.206 -0.9
      vertex 28.0736 13.5076 0.9
      vertex 28.525 13.206 0.9
    endloop
  endfacet
  facet normal 0.55555 0.831483 0
    outer loop
      vertex 28.0736 13.5076 0.9
      vertex 28.525 13.206 -0.9
      vertex 28.0736 13.5076 -0.9
    endloop
  endfacet
  facet normal 0.659352 0.751834 -0
    outer loop
      vertex 28.0736 13.5076 -0.9
      vertex 27.6655 13.8655 0.9
      vertex 28.0736 13.5076 0.9
    endloop
  endfacet
  facet normal 0.659352 0.751834 0
    outer loop
      vertex 27.6655 13.8655 0.9
      vertex 28.0736 13.5076 -0.9
      vertex 27.6655 13.8655 -0.9
    endloop
  endfacet
  facet normal -0.831483 0.55555 0
    outer loop
      vertex 33.8924 14.2736 -0.9
      vertex 34.194 14.725 0.9
      vertex 34.194 14.725 -0.9
    endloop
  endfacet
  facet normal -0.831483 0.55555 0
    outer loop
      vertex 34.194 14.725 0.9
      vertex 33.8924 14.2736 -0.9
      vertex 33.8924 14.2736 0.9
    endloop
  endfacet
  facet normal -0.831483 -0.55555 0
    outer loop
      vertex 34.194 18.875 -0.9
      vertex 33.8924 19.3264 0.9
      vertex 33.8924 19.3264 -0.9
    endloop
  endfacet
  facet normal -0.831483 -0.55555 0
    outer loop
      vertex 33.8924 19.3264 0.9
      vertex 34.194 18.875 -0.9
      vertex 34.194 18.875 0.9
    endloop
  endfacet
  facet normal 0.831483 0.55555 0
    outer loop
      vertex 27.3076 14.2736 0.9
      vertex 27.006 14.725 -0.9
      vertex 27.006 14.725 0.9
    endloop
  endfacet
  facet normal 0.831483 0.55555 0
    outer loop
      vertex 27.006 14.725 -0.9
      vertex 27.3076 14.2736 0.9
      vertex 27.3076 14.2736 -0.9
    endloop
  endfacet
  facet normal -0.946919 -0.321473 0
    outer loop
      vertex 34.6086 17.8741 -0.9
      vertex 34.4341 18.3881 0.9
      vertex 34.4341 18.3881 -0.9
    endloop
  endfacet
  facet normal -0.946919 -0.321473 0
    outer loop
      vertex 34.4341 18.3881 0.9
      vertex 34.6086 17.8741 -0.9
      vertex 34.6086 17.8741 0.9
    endloop
  endfacet
  facet normal -0.321473 -0.946919 0
    outer loop
      vertex 31.6741 20.8086 -0.9
      vertex 32.1881 20.6341 0.9
      vertex 31.6741 20.8086 0.9
    endloop
  endfacet
  facet normal -0.321473 -0.946919 -0
    outer loop
      vertex 32.1881 20.6341 0.9
      vertex 31.6741 20.8086 -0.9
      vertex 32.1881 20.6341 -0.9
    endloop
  endfacet
  facet normal -0.55555 -0.831483 0
    outer loop
      vertex 32.675 20.394 -0.9
      vertex 33.1264 20.0924 0.9
      vertex 32.675 20.394 0.9
    endloop
  endfacet
  facet normal -0.55555 -0.831483 -0
    outer loop
      vertex 33.1264 20.0924 0.9
      vertex 32.675 20.394 -0.9
      vertex 33.1264 20.0924 -0.9
    endloop
  endfacet
  facet normal 0.195089 -0.980786 0
    outer loop
      vertex 29.5259 20.8086 -0.9
      vertex 30.0583 20.9145 0.9
      vertex 29.5259 20.8086 0.9
    endloop
  endfacet
  facet normal 0.195089 -0.980786 0
    outer loop
      vertex 30.0583 20.9145 0.9
      vertex 29.5259 20.8086 -0.9
      vertex 30.0583 20.9145 -0.9
    endloop
  endfacet
  facet normal 0.831483 -0.55555 0
    outer loop
      vertex 27.006 18.875 0.9
      vertex 27.3076 19.3264 -0.9
      vertex 27.3076 19.3264 0.9
    endloop
  endfacet
  facet normal 0.831483 -0.55555 0
    outer loop
      vertex 27.3076 19.3264 -0.9
      vertex 27.006 18.875 0.9
      vertex 27.006 18.875 -0.9
    endloop
  endfacet
  facet normal -0.896882 -0.44227 0
    outer loop
      vertex 34.4341 18.3881 -0.9
      vertex 34.194 18.875 0.9
      vertex 34.194 18.875 -0.9
    endloop
  endfacet
  facet normal -0.896882 -0.44227 0
    outer loop
      vertex 34.194 18.875 0.9
      vertex 34.4341 18.3881 -0.9
      vertex 34.4341 18.3881 0.9
    endloop
  endfacet
  facet normal 0.946919 -0.321473 0
    outer loop
      vertex 26.5914 17.8741 0.9
      vertex 26.7659 18.3881 -0.9
      vertex 26.7659 18.3881 0.9
    endloop
  endfacet
  facet normal 0.946919 -0.321473 0
    outer loop
      vertex 26.7659 18.3881 -0.9
      vertex 26.5914 17.8741 0.9
      vertex 26.5914 17.8741 -0.9
    endloop
  endfacet
  facet normal 0.44227 0.896882 -0
    outer loop
      vertex 29.0119 12.9659 -0.9
      vertex 28.525 13.206 0.9
      vertex 29.0119 12.9659 0.9
    endloop
  endfacet
  facet normal 0.44227 0.896882 0
    outer loop
      vertex 28.525 13.206 0.9
      vertex 29.0119 12.9659 -0.9
      vertex 28.525 13.206 -0.9
    endloop
  endfacet
  facet normal -0.44227 -0.896882 0
    outer loop
      vertex 32.1881 20.6341 -0.9
      vertex 32.675 20.394 0.9
      vertex 32.1881 20.6341 0.9
    endloop
  endfacet
  facet normal -0.44227 -0.896882 -0
    outer loop
      vertex 32.675 20.394 0.9
      vertex 32.1881 20.6341 -0.9
      vertex 32.675 20.394 -0.9
    endloop
  endfacet
  facet normal -0.195089 0.980786 0
    outer loop
      vertex 31.6741 12.7914 -0.9
      vertex 31.1417 12.6855 0.9
      vertex 31.6741 12.7914 0.9
    endloop
  endfacet
  facet normal -0.195089 0.980786 0
    outer loop
      vertex 31.1417 12.6855 0.9
      vertex 31.6741 12.7914 -0.9
      vertex 31.1417 12.6855 -0.9
    endloop
  endfacet
  facet normal -0.751834 0.659352 0
    outer loop
      vertex 33.5345 13.8655 -0.9
      vertex 33.8924 14.2736 0.9
      vertex 33.8924 14.2736 -0.9
    endloop
  endfacet
  facet normal -0.751834 0.659352 0
    outer loop
      vertex 33.8924 14.2736 0.9
      vertex 33.5345 13.8655 -0.9
      vertex 33.5345 13.8655 0.9
    endloop
  endfacet
  facet normal 0.195089 0.980786 -0
    outer loop
      vertex 30.0583 12.6855 -0.9
      vertex 29.5259 12.7914 0.9
      vertex 30.0583 12.6855 0.9
    endloop
  endfacet
  facet normal 0.195089 0.980786 0
    outer loop
      vertex 29.5259 12.7914 0.9
      vertex 30.0583 12.6855 -0.9
      vertex 29.5259 12.7914 -0.9
    endloop
  endfacet
  facet normal 0.980786 -0.195089 0
    outer loop
      vertex 26.4855 17.3417 0.9
      vertex 26.5914 17.8741 -0.9
      vertex 26.5914 17.8741 0.9
    endloop
  endfacet
  facet normal 0.980786 -0.195089 0
    outer loop
      vertex 26.5914 17.8741 -0.9
      vertex 26.4855 17.3417 0.9
      vertex 26.4855 17.3417 -0.9
    endloop
  endfacet
  facet normal 0.0653942 -0.99786 0
    outer loop
      vertex 30.0583 20.9145 -0.9
      vertex 30.6 20.95 0.9
      vertex 30.0583 20.9145 0.9
    endloop
  endfacet
  facet normal 0.0653942 -0.99786 0
    outer loop
      vertex 30.6 20.95 0.9
      vertex 30.0583 20.9145 -0.9
      vertex 30.6 20.95 -0.9
    endloop
  endfacet
  facet normal -0.659352 0.751834 0
    outer loop
      vertex 33.5345 13.8655 -0.9
      vertex 33.1264 13.5076 0.9
      vertex 33.5345 13.8655 0.9
    endloop
  endfacet
  facet normal -0.659352 0.751834 0
    outer loop
      vertex 33.1264 13.5076 0.9
      vertex 33.5345 13.8655 -0.9
      vertex 33.1264 13.5076 -0.9
    endloop
  endfacet
  facet normal -0.946919 0.321473 0
    outer loop
      vertex 34.4341 15.2119 -0.9
      vertex 34.6086 15.7259 0.9
      vertex 34.6086 15.7259 -0.9
    endloop
  endfacet
  facet normal -0.946919 0.321473 0
    outer loop
      vertex 34.6086 15.7259 0.9
      vertex 34.4341 15.2119 -0.9
      vertex 34.4341 15.2119 0.9
    endloop
  endfacet
  facet normal 0.99786 0.0653942 0
    outer loop
      vertex 26.4855 16.2583 0.9
      vertex 26.45 16.8 -0.9
      vertex 26.45 16.8 0.9
    endloop
  endfacet
  facet normal 0.99786 0.0653942 0
    outer loop
      vertex 26.45 16.8 -0.9
      vertex 26.4855 16.2583 0.9
      vertex 26.4855 16.2583 -0.9
    endloop
  endfacet
  facet normal 0.896882 -0.44227 0
    outer loop
      vertex 26.7659 18.3881 0.9
      vertex 27.006 18.875 -0.9
      vertex 27.006 18.875 0.9
    endloop
  endfacet
  facet normal 0.896882 -0.44227 0
    outer loop
      vertex 27.006 18.875 -0.9
      vertex 26.7659 18.3881 0.9
      vertex 26.7659 18.3881 -0.9
    endloop
  endfacet
  facet normal -0.0653942 -0.99786 0
    outer loop
      vertex 30.6 20.95 -0.9
      vertex 31.1417 20.9145 0.9
      vertex 30.6 20.95 0.9
    endloop
  endfacet
  facet normal -0.0653942 -0.99786 -0
    outer loop
      vertex 31.1417 20.9145 0.9
      vertex 30.6 20.95 -0.9
      vertex 31.1417 20.9145 -0.9
    endloop
  endfacet
  facet normal -0.195089 -0.980786 0
    outer loop
      vertex 31.1417 20.9145 -0.9
      vertex 31.6741 20.8086 0.9
      vertex 31.1417 20.9145 0.9
    endloop
  endfacet
  facet normal -0.195089 -0.980786 -0
    outer loop
      vertex 31.6741 20.8086 0.9
      vertex 31.1417 20.9145 -0.9
      vertex 31.6741 20.8086 -0.9
    endloop
  endfacet
  facet normal 0.0653942 0.99786 -0
    outer loop
      vertex 30.6 12.65 -0.9
      vertex 30.0583 12.6855 0.9
      vertex 30.6 12.65 0.9
    endloop
  endfacet
  facet normal 0.0653942 0.99786 0
    outer loop
      vertex 30.0583 12.6855 0.9
      vertex 30.6 12.65 -0.9
      vertex 30.0583 12.6855 -0.9
    endloop
  endfacet
  facet normal 0.321473 0.946919 -0
    outer loop
      vertex 29.5259 12.7914 -0.9
      vertex 29.0119 12.9659 0.9
      vertex 29.5259 12.7914 0.9
    endloop
  endfacet
  facet normal 0.321473 0.946919 0
    outer loop
      vertex 29.0119 12.9659 0.9
      vertex 29.5259 12.7914 -0.9
      vertex 29.0119 12.9659 -0.9
    endloop
  endfacet
  facet normal 0.866026 -0.499999 0
    outer loop
      vertex 36.9895 14.6 0.9
      vertex 40.8 21.2 -0.9
      vertex 40.8 21.2 0.9
    endloop
  endfacet
  facet normal 0.866026 -0.499999 0
    outer loop
      vertex 40.8 21.2 -0.9
      vertex 36.9895 14.6 0.9
      vertex 36.9895 14.6 -0.9
    endloop
  endfacet
  facet normal 0 1 -0
    outer loop
      vertex 44.6105 14.6 -0.9
      vertex 36.9895 14.6 0.9
      vertex 44.6105 14.6 0.9
    endloop
  endfacet
  facet normal 0 1 0
    outer loop
      vertex 36.9895 14.6 0.9
      vertex 44.6105 14.6 -0.9
      vertex 36.9895 14.6 -0.9
    endloop
  endfacet
  facet normal -0.866026 -0.499999 0
    outer loop
      vertex 44.6105 14.6 -0.9
      vertex 40.8 21.2 0.9
      vertex 40.8 21.2 -0.9
    endloop
  endfacet
  facet normal -0.866026 -0.499999 0
    outer loop
      vertex 40.8 21.2 0.9
      vertex 44.6105 14.6 -0.9
      vertex 44.6105 14.6 0.9
    endloop
  endfacet
  facet normal -0.980786 -0.195089 0
    outer loop
      vertex 65.3145 17.3417 -0.9
      vertex 65.2086 17.8741 1.5
      vertex 65.2086 17.8741 -0.9
    endloop
  endfacet
  facet normal -0.980786 -0.195089 0
    outer loop
      vertex 65.2086 17.8741 1.5
      vertex 65.3145 17.3417 -0.9
      vertex 65.3145 17.3417 1.5
    endloop
  endfacet
  facet normal -0.99786 -0.0653942 0
    outer loop
      vertex 65.35 16.8 -0.9
      vertex 65.3145 17.3417 1.5
      vertex 65.3145 17.3417 -0.9
    endloop
  endfacet
  facet normal -0.99786 -0.0653942 0
    outer loop
      vertex 65.3145 17.3417 1.5
      vertex 65.35 16.8 -0.9
      vertex 65.35 16.8 1.5
    endloop
  endfacet
  facet normal -0.946919 -0.321473 0
    outer loop
      vertex 65.2086 17.8741 -0.9
      vertex 65.0341 18.3881 1.5
      vertex 65.0341 18.3881 -0.9
    endloop
  endfacet
  facet normal -0.946919 -0.321473 0
    outer loop
      vertex 65.0341 18.3881 1.5
      vertex 65.2086 17.8741 -0.9
      vertex 65.2086 17.8741 1.5
    endloop
  endfacet
  facet normal -0.44227 -0.896882 0
    outer loop
      vertex 62.7881 20.6341 -0.9
      vertex 63.275 20.394 1.5
      vertex 62.7881 20.6341 1.5
    endloop
  endfacet
  facet normal -0.44227 -0.896882 -0
    outer loop
      vertex 63.275 20.394 1.5
      vertex 62.7881 20.6341 -0.9
      vertex 63.275 20.394 -0.9
    endloop
  endfacet
  facet normal 0.0653942 0.99786 -0
    outer loop
      vertex 61.2 12.65 -0.9
      vertex 60.6583 12.6855 0.9
      vertex 61.2 12.65 0.9
    endloop
  endfacet
  facet normal 0.0653942 0.99786 0
    outer loop
      vertex 60.6583 12.6855 0.9
      vertex 61.2 12.65 -0.9
      vertex 60.6583 12.6855 -0.9
    endloop
  endfacet
  facet normal -0.751834 0.659352 0
    outer loop
      vertex 64.1345 13.8655 -0.9
      vertex 64.4924 14.2736 1.5
      vertex 64.4924 14.2736 -0.9
    endloop
  endfacet
  facet normal -0.751834 0.659352 0
    outer loop
      vertex 64.4924 14.2736 1.5
      vertex 64.1345 13.8655 -0.9
      vertex 64.1345 13.8655 1.5
    endloop
  endfacet
  facet normal -0.896882 0.44227 0
    outer loop
      vertex 64.794 14.725 -0.9
      vertex 65.0341 15.2119 1.5
      vertex 65.0341 15.2119 -0.9
    endloop
  endfacet
  facet normal -0.896882 0.44227 0
    outer loop
      vertex 65.0341 15.2119 1.5
      vertex 64.794 14.725 -0.9
      vertex 64.794 14.725 1.5
    endloop
  endfacet
  facet normal 0.55555 -0.831483 0
    outer loop
      vertex 58.6736 20.0924 -0.9
      vertex 59.125 20.394 0.9
      vertex 58.6736 20.0924 0.9
    endloop
  endfacet
  facet normal 0.55555 -0.831483 0
    outer loop
      vertex 59.125 20.394 0.9
      vertex 58.6736 20.0924 -0.9
      vertex 59.125 20.394 -0.9
    endloop
  endfacet
  facet normal -0.99786 0.0653942 0
    outer loop
      vertex 65.3145 16.2583 -0.9
      vertex 65.35 16.8 1.5
      vertex 65.35 16.8 -0.9
    endloop
  endfacet
  facet normal -0.99786 0.0653942 0
    outer loop
      vertex 65.35 16.8 1.5
      vertex 65.3145 16.2583 -0.9
      vertex 65.3145 16.2583 1.5
    endloop
  endfacet
  facet normal -0.321473 0.946919 0
    outer loop
      vertex 62.7881 12.9659 -0.9
      vertex 62.2741 12.7914 1.5
      vertex 62.7881 12.9659 1.5
    endloop
  endfacet
  facet normal -0.321473 0.946919 0
    outer loop
      vertex 62.2741 12.7914 1.5
      vertex 62.7881 12.9659 -0.9
      vertex 62.2741 12.7914 -0.9
    endloop
  endfacet
  facet normal 0.946919 -0.321473 0
    outer loop
      vertex 57.1914 17.8741 0.9
      vertex 57.3659 18.3881 -0.9
      vertex 57.3659 18.3881 0.9
    endloop
  endfacet
  facet normal 0.946919 -0.321473 0
    outer loop
      vertex 57.3659 18.3881 -0.9
      vertex 57.1914 17.8741 0.9
      vertex 57.1914 17.8741 -0.9
    endloop
  endfacet
  facet normal 0.896882 -0.44227 0
    outer loop
      vertex 57.3659 18.3881 0.9
      vertex 57.606 18.875 -0.9
      vertex 57.606 18.875 0.9
    endloop
  endfacet
  facet normal 0.896882 -0.44227 0
    outer loop
      vertex 57.606 18.875 -0.9
      vertex 57.3659 18.3881 0.9
      vertex 57.3659 18.3881 -0.9
    endloop
  endfacet
  facet normal -0.0654593 -0.997855 -0
    outer loop
      vertex 61.2 20.95 0.9
      vertex 61.2 20.95 -0.9
      vertex 61.7 20.9172 0.9
    endloop
  endfacet
  facet normal -0.0646129 -0.99791 0
    outer loop
      vertex 61.7 20.9172 0.9
      vertex 61.7417 20.9145 1.5
      vertex 61.7 20.9172 1.5
    endloop
  endfacet
  facet normal -0.0646129 -0.99791 0
    outer loop
      vertex 61.7 20.9172 0.9
      vertex 61.7417 20.9145 -0.9
      vertex 61.7417 20.9145 1.5
    endloop
  endfacet
  facet normal -0.0653942 -0.99786 -1.81753e-05
    outer loop
      vertex 61.7417 20.9145 -0.9
      vertex 61.7 20.9172 0.9
      vertex 61.2 20.95 -0.9
    endloop
  endfacet
  facet normal -0.831483 0.55555 0
    outer loop
      vertex 64.4924 14.2736 -0.9
      vertex 64.794 14.725 1.5
      vertex 64.794 14.725 -0.9
    endloop
  endfacet
  facet normal -0.831483 0.55555 0
    outer loop
      vertex 64.794 14.725 1.5
      vertex 64.4924 14.2736 -0.9
      vertex 64.4924 14.2736 1.5
    endloop
  endfacet
  facet normal 0.659352 -0.751834 0
    outer loop
      vertex 58.2655 19.7345 -0.9
      vertex 58.6736 20.0924 0.9
      vertex 58.2655 19.7345 0.9
    endloop
  endfacet
  facet normal 0.659352 -0.751834 0
    outer loop
      vertex 58.6736 20.0924 0.9
      vertex 58.2655 19.7345 -0.9
      vertex 58.6736 20.0924 -0.9
    endloop
  endfacet
  facet normal -0.831483 -0.55555 0
    outer loop
      vertex 64.794 18.875 -0.9
      vertex 64.4924 19.3264 1.5
      vertex 64.4924 19.3264 -0.9
    endloop
  endfacet
  facet normal -0.831483 -0.55555 0
    outer loop
      vertex 64.4924 19.3264 1.5
      vertex 64.794 18.875 -0.9
      vertex 64.794 18.875 1.5
    endloop
  endfacet
  facet normal -0.946919 0.321473 0
    outer loop
      vertex 65.0341 15.2119 -0.9
      vertex 65.2086 15.7259 1.5
      vertex 65.2086 15.7259 -0.9
    endloop
  endfacet
  facet normal -0.946919 0.321473 0
    outer loop
      vertex 65.2086 15.7259 1.5
      vertex 65.0341 15.2119 -0.9
      vertex 65.0341 15.2119 1.5
    endloop
  endfacet
  facet normal -0.659352 0.751834 0
    outer loop
      vertex 64.1345 13.8655 -0.9
      vertex 63.7264 13.5076 1.5
      vertex 64.1345 13.8655 1.5
    endloop
  endfacet
  facet normal -0.659352 0.751834 0
    outer loop
      vertex 63.7264 13.5076 1.5
      vertex 64.1345 13.8655 -0.9
      vertex 63.7264 13.5076 -0.9
    endloop
  endfacet
  facet normal 0.980786 -0.195089 0
    outer loop
      vertex 57.0855 17.3417 0.9
      vertex 57.1914 17.8741 -0.9
      vertex 57.1914 17.8741 0.9
    endloop
  endfacet
  facet normal 0.980786 -0.195089 0
    outer loop
      vertex 57.1914 17.8741 -0.9
      vertex 57.0855 17.3417 0.9
      vertex 57.0855 17.3417 -0.9
    endloop
  endfacet
  facet normal 0.321473 -0.946919 0
    outer loop
      vertex 59.6119 20.6341 -0.9
      vertex 60.1259 20.8086 0.9
      vertex 59.6119 20.6341 0.9
    endloop
  endfacet
  facet normal 0.321473 -0.946919 0
    outer loop
      vertex 60.1259 20.8086 0.9
      vertex 59.6119 20.6341 -0.9
      vertex 60.1259 20.8086 -0.9
    endloop
  endfacet
  facet normal -0.896882 -0.44227 0
    outer loop
      vertex 65.0341 18.3881 -0.9
      vertex 64.794 18.875 1.5
      vertex 64.794 18.875 -0.9
    endloop
  endfacet
  facet normal -0.896882 -0.44227 0
    outer loop
      vertex 64.794 18.875 1.5
      vertex 65.0341 18.3881 -0.9
      vertex 65.0341 18.3881 1.5
    endloop
  endfacet
  facet normal 0.831483 0.55555 0
    outer loop
      vertex 57.9076 14.2736 0.9
      vertex 57.606 14.725 -0.9
      vertex 57.606 14.725 0.9
    endloop
  endfacet
  facet normal 0.831483 0.55555 0
    outer loop
      vertex 57.606 14.725 -0.9
      vertex 57.9076 14.2736 0.9
      vertex 57.9076 14.2736 -0.9
    endloop
  endfacet
  facet normal -0.195089 0.980786 0
    outer loop
      vertex 62.2741 12.7914 -0.9
      vertex 61.7417 12.6855 1.5
      vertex 62.2741 12.7914 1.5
    endloop
  endfacet
  facet normal -0.195089 0.980786 0
    outer loop
      vertex 61.7417 12.6855 1.5
      vertex 62.2741 12.7914 -0.9
      vertex 61.7417 12.6855 -0.9
    endloop
  endfacet
  facet normal -0.55555 -0.831483 0
    outer loop
      vertex 63.275 20.394 -0.9
      vertex 63.7264 20.0924 1.5
      vertex 63.275 20.394 1.5
    endloop
  endfacet
  facet normal -0.55555 -0.831483 -0
    outer loop
      vertex 63.7264 20.0924 1.5
      vertex 63.275 20.394 -0.9
      vertex 63.7264 20.0924 -0.9
    endloop
  endfacet
  facet normal 0.99786 -0.0653942 0
    outer loop
      vertex 57.05 16.8 0.9
      vertex 57.0855 17.3417 -0.9
      vertex 57.0855 17.3417 0.9
    endloop
  endfacet
  facet normal 0.99786 -0.0653942 0
    outer loop
      vertex 57.0855 17.3417 -0.9
      vertex 57.05 16.8 0.9
      vertex 57.05 16.8 -0.9
    endloop
  endfacet
  facet normal -0.659352 -0.751834 0
    outer loop
      vertex 63.7264 20.0924 -0.9
      vertex 64.1345 19.7345 1.5
      vertex 63.7264 20.0924 1.5
    endloop
  endfacet
  facet normal -0.659352 -0.751834 -0
    outer loop
      vertex 64.1345 19.7345 1.5
      vertex 63.7264 20.0924 -0.9
      vertex 64.1345 19.7345 -0.9
    endloop
  endfacet
  facet normal 0.980786 0.195089 0
    outer loop
      vertex 57.1914 15.7259 0.9
      vertex 57.0855 16.2583 -0.9
      vertex 57.0855 16.2583 0.9
    endloop
  endfacet
  facet normal 0.980786 0.195089 0
    outer loop
      vertex 57.0855 16.2583 -0.9
      vertex 57.1914 15.7259 0.9
      vertex 57.1914 15.7259 -0.9
    endloop
  endfacet
  facet normal -0.321473 -0.946919 0
    outer loop
      vertex 62.2741 20.8086 -0.9
      vertex 62.7881 20.6341 1.5
      vertex 62.2741 20.8086 1.5
    endloop
  endfacet
  facet normal -0.321473 -0.946919 -0
    outer loop
      vertex 62.7881 20.6341 1.5
      vertex 62.2741 20.8086 -0.9
      vertex 62.7881 20.6341 -0.9
    endloop
  endfacet
  facet normal 0.896882 0.44227 0
    outer loop
      vertex 57.606 14.725 0.9
      vertex 57.3659 15.2119 -0.9
      vertex 57.3659 15.2119 0.9
    endloop
  endfacet
  facet normal 0.896882 0.44227 0
    outer loop
      vertex 57.3659 15.2119 -0.9
      vertex 57.606 14.725 0.9
      vertex 57.606 14.725 -0.9
    endloop
  endfacet
  facet normal -0.751834 -0.659352 0
    outer loop
      vertex 64.4924 19.3264 -0.9
      vertex 64.1345 19.7345 1.5
      vertex 64.1345 19.7345 -0.9
    endloop
  endfacet
  facet normal -0.751834 -0.659352 0
    outer loop
      vertex 64.1345 19.7345 1.5
      vertex 64.4924 19.3264 -0.9
      vertex 64.4924 19.3264 1.5
    endloop
  endfacet
  facet normal 0.321473 0.946919 -0
    outer loop
      vertex 60.1259 12.7914 -0.9
      vertex 59.6119 12.9659 0.9
      vertex 60.1259 12.7914 0.9
    endloop
  endfacet
  facet normal 0.321473 0.946919 0
    outer loop
      vertex 59.6119 12.9659 0.9
      vertex 60.1259 12.7914 -0.9
      vertex 59.6119 12.9659 -0.9
    endloop
  endfacet
  facet normal 0.946919 0.321473 0
    outer loop
      vertex 57.3659 15.2119 0.9
      vertex 57.1914 15.7259 -0.9
      vertex 57.1914 15.7259 0.9
    endloop
  endfacet
  facet normal 0.946919 0.321473 0
    outer loop
      vertex 57.1914 15.7259 -0.9
      vertex 57.3659 15.2119 0.9
      vertex 57.3659 15.2119 -0.9
    endloop
  endfacet
  facet normal 0.751834 0.659352 0
    outer loop
      vertex 58.2655 13.8655 0.9
      vertex 57.9076 14.2736 -0.9
      vertex 57.9076 14.2736 0.9
    endloop
  endfacet
  facet normal 0.751834 0.659352 0
    outer loop
      vertex 57.9076 14.2736 -0.9
      vertex 58.2655 13.8655 0.9
      vertex 58.2655 13.8655 -0.9
    endloop
  endfacet
  facet normal -0.44227 0.896882 0
    outer loop
      vertex 63.275 13.206 -0.9
      vertex 62.7881 12.9659 1.5
      vertex 63.275 13.206 1.5
    endloop
  endfacet
  facet normal -0.44227 0.896882 0
    outer loop
      vertex 62.7881 12.9659 1.5
      vertex 63.275 13.206 -0.9
      vertex 62.7881 12.9659 -0.9
    endloop
  endfacet
  facet normal -0.980786 0.195089 0
    outer loop
      vertex 65.2086 15.7259 -0.9
      vertex 65.3145 16.2583 1.5
      vertex 65.3145 16.2583 -0.9
    endloop
  endfacet
  facet normal -0.980786 0.195089 0
    outer loop
      vertex 65.3145 16.2583 1.5
      vertex 65.2086 15.7259 -0.9
      vertex 65.2086 15.7259 1.5
    endloop
  endfacet
  facet normal 0.831483 -0.55555 0
    outer loop
      vertex 57.606 18.875 0.9
      vertex 57.9076 19.3264 -0.9
      vertex 57.9076 19.3264 0.9
    endloop
  endfacet
  facet normal 0.831483 -0.55555 0
    outer loop
      vertex 57.9076 19.3264 -0.9
      vertex 57.606 18.875 0.9
      vertex 57.606 18.875 -0.9
    endloop
  endfacet
  facet normal -0.55555 0.831483 0
    outer loop
      vertex 63.7264 13.5076 -0.9
      vertex 63.275 13.206 1.5
      vertex 63.7264 13.5076 1.5
    endloop
  endfacet
  facet normal -0.55555 0.831483 0
    outer loop
      vertex 63.275 13.206 1.5
      vertex 63.7264 13.5076 -0.9
      vertex 63.275 13.206 -0.9
    endloop
  endfacet
  facet normal 0.0653942 -0.99786 0
    outer loop
      vertex 60.6583 20.9145 -0.9
      vertex 61.2 20.95 0.9
      vertex 60.6583 20.9145 0.9
    endloop
  endfacet
  facet normal 0.0653942 -0.99786 0
    outer loop
      vertex 61.2 20.95 0.9
      vertex 60.6583 20.9145 -0.9
      vertex 61.2 20.95 -0.9
    endloop
  endfacet
  facet normal 0.195089 -0.980786 0
    outer loop
      vertex 60.1259 20.8086 -0.9
      vertex 60.6583 20.9145 0.9
      vertex 60.1259 20.8086 0.9
    endloop
  endfacet
  facet normal 0.195089 -0.980786 0
    outer loop
      vertex 60.6583 20.9145 0.9
      vertex 60.1259 20.8086 -0.9
      vertex 60.6583 20.9145 -0.9
    endloop
  endfacet
  facet normal 0.751834 -0.659352 0
    outer loop
      vertex 57.9076 19.3264 0.9
      vertex 58.2655 19.7345 -0.9
      vertex 58.2655 19.7345 0.9
    endloop
  endfacet
  facet normal 0.751834 -0.659352 0
    outer loop
      vertex 58.2655 19.7345 -0.9
      vertex 57.9076 19.3264 0.9
      vertex 57.9076 19.3264 -0.9
    endloop
  endfacet
  facet normal 0.659352 0.751834 -0
    outer loop
      vertex 58.6736 13.5076 -0.9
      vertex 58.2655 13.8655 0.9
      vertex 58.6736 13.5076 0.9
    endloop
  endfacet
  facet normal 0.659352 0.751834 0
    outer loop
      vertex 58.2655 13.8655 0.9
      vertex 58.6736 13.5076 -0.9
      vertex 58.2655 13.8655 -0.9
    endloop
  endfacet
  facet normal -0.0646129 0.99791 0
    outer loop
      vertex 61.7417 12.6855 1.5
      vertex 61.7 12.6828 0.9
      vertex 61.7 12.6828 1.5
    endloop
  endfacet
  facet normal -0.0646129 0.99791 0
    outer loop
      vertex 61.7417 12.6855 -0.9
      vertex 61.7 12.6828 0.9
      vertex 61.7417 12.6855 1.5
    endloop
  endfacet
  facet normal -0.0653942 0.99786 -1.81753e-05
    outer loop
      vertex 61.2 12.65 -0.9
      vertex 61.7 12.6828 0.9
      vertex 61.7417 12.6855 -0.9
    endloop
  endfacet
  facet normal -0.0654593 0.997855 0
    outer loop
      vertex 61.7 12.6828 0.9
      vertex 61.2 12.65 -0.9
      vertex 61.2 12.65 0.9
    endloop
  endfacet
  facet normal -0.195089 -0.980786 0
    outer loop
      vertex 61.7417 20.9145 -0.9
      vertex 62.2741 20.8086 1.5
      vertex 61.7417 20.9145 1.5
    endloop
  endfacet
  facet normal -0.195089 -0.980786 -0
    outer loop
      vertex 62.2741 20.8086 1.5
      vertex 61.7417 20.9145 -0.9
      vertex 62.2741 20.8086 -0.9
    endloop
  endfacet
  facet normal 0.55555 0.831483 -0
    outer loop
      vertex 59.125 13.206 -0.9
      vertex 58.6736 13.5076 0.9
      vertex 59.125 13.206 0.9
    endloop
  endfacet
  facet normal 0.55555 0.831483 0
    outer loop
      vertex 58.6736 13.5076 0.9
      vertex 59.125 13.206 -0.9
      vertex 58.6736 13.5076 -0.9
    endloop
  endfacet
  facet normal 0.44227 -0.896882 0
    outer loop
      vertex 59.125 20.394 -0.9
      vertex 59.6119 20.6341 0.9
      vertex 59.125 20.394 0.9
    endloop
  endfacet
  facet normal 0.44227 -0.896882 0
    outer loop
      vertex 59.6119 20.6341 0.9
      vertex 59.125 20.394 -0.9
      vertex 59.6119 20.6341 -0.9
    endloop
  endfacet
  facet normal 0.99786 0.0653942 0
    outer loop
      vertex 57.0855 16.2583 0.9
      vertex 57.05 16.8 -0.9
      vertex 57.05 16.8 0.9
    endloop
  endfacet
  facet normal 0.99786 0.0653942 0
    outer loop
      vertex 57.05 16.8 -0.9
      vertex 57.0855 16.2583 0.9
      vertex 57.0855 16.2583 -0.9
    endloop
  endfacet
  facet normal 0.44227 0.896882 -0
    outer loop
      vertex 59.6119 12.9659 -0.9
      vertex 59.125 13.206 0.9
      vertex 59.6119 12.9659 0.9
    endloop
  endfacet
  facet normal 0.44227 0.896882 0
    outer loop
      vertex 59.125 13.206 0.9
      vertex 59.6119 12.9659 -0.9
      vertex 59.125 13.206 -0.9
    endloop
  endfacet
  facet normal 0.195089 0.980786 -0
    outer loop
      vertex 60.6583 12.6855 -0.9
      vertex 60.1259 12.7914 0.9
      vertex 60.6583 12.6855 0.9
    endloop
  endfacet
  facet normal 0.195089 0.980786 0
    outer loop
      vertex 60.1259 12.7914 0.9
      vertex 60.6583 12.6855 -0.9
      vertex 60.1259 12.7914 -0.9
    endloop
  endfacet
  facet normal -1 0 0
    outer loop
      vertex -56.9 23.7 -0.9
      vertex -56.9 32.3 0.9
      vertex -56.9 32.3 -0.9
    endloop
  endfacet
  facet normal -1 -0 0
    outer loop
      vertex -56.9 32.3 0.9
      vertex -56.9 23.7 -0.9
      vertex -56.9 23.7 0.9
    endloop
  endfacet
  facet normal 1 -0 0
    outer loop
      vertex -65.5 23.7 0.9
      vertex -65.5 32.3 -0.9
      vertex -65.5 32.3 0.9
    endloop
  endfacet
  facet normal 1 0 0
    outer loop
      vertex -65.5 32.3 -0.9
      vertex -65.5 23.7 0.9
      vertex -65.5 23.7 -0.9
    endloop
  endfacet
  facet normal 0 -1 0
    outer loop
      vertex -65.5 32.3 -0.9
      vertex -56.9 32.3 0.9
      vertex -65.5 32.3 0.9
    endloop
  endfacet
  facet normal 0 -1 -0
    outer loop
      vertex -56.9 32.3 0.9
      vertex -65.5 32.3 -0.9
      vertex -56.9 32.3 -0.9
    endloop
  endfacet
  facet normal 0 1 -0
    outer loop
      vertex -56.9 23.7 -0.9
      vertex -65.5 23.7 0.9
      vertex -56.9 23.7 0.9
    endloop
  endfacet
  facet normal 0 1 0
    outer loop
      vertex -65.5 23.7 0.9
      vertex -56.9 23.7 -0.9
      vertex -65.5 23.7 -0.9
    endloop
  endfacet
  facet normal -0.980786 -0.195089 0
    outer loop
      vertex -36.6855 28.5417 -0.9
      vertex -36.7914 29.0741 0.9
      vertex -36.7914 29.0741 -0.9
    endloop
  endfacet
  facet normal -0.980786 -0.195089 0
    outer loop
      vertex -36.7914 29.0741 0.9
      vertex -36.6855 28.5417 -0.9
      vertex -36.6855 28.5417 0.9
    endloop
  endfacet
  facet normal -0.99786 -0.0653942 0
    outer loop
      vertex -36.65 28 -0.9
      vertex -36.6855 28.5417 0.9
      vertex -36.6855 28.5417 -0.9
    endloop
  endfacet
  facet normal -0.99786 -0.0653942 0
    outer loop
      vertex -36.6855 28.5417 0.9
      vertex -36.65 28 -0.9
      vertex -36.65 28 0.9
    endloop
  endfacet
  facet normal -0.946919 -0.321473 0
    outer loop
      vertex -36.7914 29.0741 -0.9
      vertex -36.9659 29.5881 0.9
      vertex -36.9659 29.5881 -0.9
    endloop
  endfacet
  facet normal -0.946919 -0.321473 0
    outer loop
      vertex -36.9659 29.5881 0.9
      vertex -36.7914 29.0741 -0.9
      vertex -36.7914 29.0741 0.9
    endloop
  endfacet
  facet normal -0.44227 -0.896882 0
    outer loop
      vertex -39.2119 31.8341 -0.9
      vertex -38.725 31.594 0.9
      vertex -39.2119 31.8341 0.9
    endloop
  endfacet
  facet normal -0.44227 -0.896882 -0
    outer loop
      vertex -38.725 31.594 0.9
      vertex -39.2119 31.8341 -0.9
      vertex -38.725 31.594 -0.9
    endloop
  endfacet
  facet normal -0.44227 0.896882 0
    outer loop
      vertex -38.725 24.406 -0.9
      vertex -39.2119 24.1659 0.9
      vertex -38.725 24.406 0.9
    endloop
  endfacet
  facet normal -0.44227 0.896882 0
    outer loop
      vertex -39.2119 24.1659 0.9
      vertex -38.725 24.406 -0.9
      vertex -39.2119 24.1659 -0.9
    endloop
  endfacet
  facet normal 0.0653942 0.99786 -0
    outer loop
      vertex -40.8 23.85 -0.9
      vertex -41.3417 23.8855 0.9
      vertex -40.8 23.85 0.9
    endloop
  endfacet
  facet normal 0.0653942 0.99786 0
    outer loop
      vertex -41.3417 23.8855 0.9
      vertex -40.8 23.85 -0.9
      vertex -41.3417 23.8855 -0.9
    endloop
  endfacet
  facet normal 0.896882 0.44227 0
    outer loop
      vertex -44.394 25.925 0.9
      vertex -44.6341 26.4119 -0.9
      vertex -44.6341 26.4119 0.9
    endloop
  endfacet
  facet normal 0.896882 0.44227 0
    outer loop
      vertex -44.6341 26.4119 -0.9
      vertex -44.394 25.925 0.9
      vertex -44.394 25.925 -0.9
    endloop
  endfacet
  facet normal 0.946919 0.321473 0
    outer loop
      vertex -44.6341 26.4119 0.9
      vertex -44.8086 26.9259 -0.9
      vertex -44.8086 26.9259 0.9
    endloop
  endfacet
  facet normal 0.946919 0.321473 0
    outer loop
      vertex -44.8086 26.9259 -0.9
      vertex -44.6341 26.4119 0.9
      vertex -44.6341 26.4119 -0.9
    endloop
  endfacet
  facet normal -0.0653942 0.99786 0
    outer loop
      vertex -40.2583 23.8855 -0.9
      vertex -40.8 23.85 0.9
      vertex -40.2583 23.8855 0.9
    endloop
  endfacet
  facet normal -0.0653942 0.99786 0
    outer loop
      vertex -40.8 23.85 0.9
      vertex -40.2583 23.8855 -0.9
      vertex -40.8 23.85 -0.9
    endloop
  endfacet
  facet normal 0.321473 -0.946919 0
    outer loop
      vertex -42.3881 31.8341 -0.9
      vertex -41.8741 32.0086 0.9
      vertex -42.3881 31.8341 0.9
    endloop
  endfacet
  facet normal 0.321473 -0.946919 0
    outer loop
      vertex -41.8741 32.0086 0.9
      vertex -42.3881 31.8341 -0.9
      vertex -41.8741 32.0086 -0.9
    endloop
  endfacet
  facet normal -0.751834 -0.659352 0
    outer loop
      vertex -37.5076 30.5264 -0.9
      vertex -37.8655 30.9345 0.9
      vertex -37.8655 30.9345 -0.9
    endloop
  endfacet
  facet normal -0.751834 -0.659352 0
    outer loop
      vertex -37.8655 30.9345 0.9
      vertex -37.5076 30.5264 -0.9
      vertex -37.5076 30.5264 0.9
    endloop
  endfacet
  facet normal -0.896882 0.44227 0
    outer loop
      vertex -37.206 25.925 -0.9
      vertex -36.9659 26.4119 0.9
      vertex -36.9659 26.4119 -0.9
    endloop
  endfacet
  facet normal -0.896882 0.44227 0
    outer loop
      vertex -36.9659 26.4119 0.9
      vertex -37.206 25.925 -0.9
      vertex -37.206 25.925 0.9
    endloop
  endfacet
  facet normal -0.321473 0.946919 0
    outer loop
      vertex -39.2119 24.1659 -0.9
      vertex -39.7259 23.9914 0.9
      vertex -39.2119 24.1659 0.9
    endloop
  endfacet
  facet normal -0.321473 0.946919 0
    outer loop
      vertex -39.7259 23.9914 0.9
      vertex -39.2119 24.1659 -0.9
      vertex -39.7259 23.9914 -0.9
    endloop
  endfacet
  facet normal -0.980786 0.195089 0
    outer loop
      vertex -36.7914 26.9259 -0.9
      vertex -36.6855 27.4583 0.9
      vertex -36.6855 27.4583 -0.9
    endloop
  endfacet
  facet normal -0.980786 0.195089 0
    outer loop
      vertex -36.6855 27.4583 0.9
      vertex -36.7914 26.9259 -0.9
      vertex -36.7914 26.9259 0.9
    endloop
  endfacet
  facet normal -0.896882 -0.44227 0
    outer loop
      vertex -36.9659 29.5881 -0.9
      vertex -37.206 30.075 0.9
      vertex -37.206 30.075 -0.9
    endloop
  endfacet
  facet normal -0.896882 -0.44227 0
    outer loop
      vertex -37.206 30.075 0.9
      vertex -36.9659 29.5881 -0.9
      vertex -36.9659 29.5881 0.9
    endloop
  endfacet
  facet normal 0.99786 -0.0653942 0
    outer loop
      vertex -44.95 28 0.9
      vertex -44.9145 28.5417 -0.9
      vertex -44.9145 28.5417 0.9
    endloop
  endfacet
  facet normal 0.99786 -0.0653942 0
    outer loop
      vertex -44.9145 28.5417 -0.9
      vertex -44.95 28 0.9
      vertex -44.95 28 -0.9
    endloop
  endfacet
  facet normal -0.321473 -0.946919 0
    outer loop
      vertex -39.7259 32.0086 -0.9
      vertex -39.2119 31.8341 0.9
      vertex -39.7259 32.0086 0.9
    endloop
  endfacet
  facet normal -0.321473 -0.946919 -0
    outer loop
      vertex -39.2119 31.8341 0.9
      vertex -39.7259 32.0086 -0.9
      vertex -39.2119 31.8341 -0.9
    endloop
  endfacet
  facet normal 0.195089 0.980786 -0
    outer loop
      vertex -41.3417 23.8855 -0.9
      vertex -41.8741 23.9914 0.9
      vertex -41.3417 23.8855 0.9
    endloop
  endfacet
  facet normal 0.195089 0.980786 0
    outer loop
      vertex -41.8741 23.9914 0.9
      vertex -41.3417 23.8855 -0.9
      vertex -41.8741 23.9914 -0.9
    endloop
  endfacet
  facet normal 0.99786 0.0653942 0
    outer loop
      vertex -44.9145 27.4583 0.9
      vertex -44.95 28 -0.9
      vertex -44.95 28 0.9
    endloop
  endfacet
  facet normal 0.99786 0.0653942 0
    outer loop
      vertex -44.95 28 -0.9
      vertex -44.9145 27.4583 0.9
      vertex -44.9145 27.4583 -0.9
    endloop
  endfacet
  facet normal 0.751834 0.659352 0
    outer loop
      vertex -43.7345 25.0655 0.9
      vertex -44.0924 25.4736 -0.9
      vertex -44.0924 25.4736 0.9
    endloop
  endfacet
  facet normal 0.751834 0.659352 0
    outer loop
      vertex -44.0924 25.4736 -0.9
      vertex -43.7345 25.0655 0.9
      vertex -43.7345 25.0655 -0.9
    endloop
  endfacet
  facet normal -0.659352 -0.751834 0
    outer loop
      vertex -38.2736 31.2924 -0.9
      vertex -37.8655 30.9345 0.9
      vertex -38.2736 31.2924 0.9
    endloop
  endfacet
  facet normal -0.659352 -0.751834 -0
    outer loop
      vertex -37.8655 30.9345 0.9
      vertex -38.2736 31.2924 -0.9
      vertex -37.8655 30.9345 -0.9
    endloop
  endfacet
  facet normal 0.44227 0.896882 -0
    outer loop
      vertex -42.3881 24.1659 -0.9
      vertex -42.875 24.406 0.9
      vertex -42.3881 24.1659 0.9
    endloop
  endfacet
  facet normal 0.44227 0.896882 0
    outer loop
      vertex -42.875 24.406 0.9
      vertex -42.3881 24.1659 -0.9
      vertex -42.875 24.406 -0.9
    endloop
  endfacet
  facet normal 0.55555 -0.831483 0
    outer loop
      vertex -43.3264 31.2924 -0.9
      vertex -42.875 31.594 0.9
      vertex -43.3264 31.2924 0.9
    endloop
  endfacet
  facet normal 0.55555 -0.831483 0
    outer loop
      vertex -42.875 31.594 0.9
      vertex -43.3264 31.2924 -0.9
      vertex -42.875 31.594 -0.9
    endloop
  endfacet
  facet normal -0.831483 0.55555 0
    outer loop
      vertex -37.5076 25.4736 -0.9
      vertex -37.206 25.925 0.9
      vertex -37.206 25.925 -0.9
    endloop
  endfacet
  facet normal -0.831483 0.55555 0
    outer loop
      vertex -37.206 25.925 0.9
      vertex -37.5076 25.4736 -0.9
      vertex -37.5076 25.4736 0.9
    endloop
  endfacet
  facet normal 0.44227 -0.896882 0
    outer loop
      vertex -42.875 31.594 -0.9
      vertex -42.3881 31.8341 0.9
      vertex -42.875 31.594 0.9
    endloop
  endfacet
  facet normal 0.44227 -0.896882 0
    outer loop
      vertex -42.3881 31.8341 0.9
      vertex -42.875 31.594 -0.9
      vertex -42.3881 31.8341 -0.9
    endloop
  endfacet
  facet normal 0.946919 -0.321473 0
    outer loop
      vertex -44.8086 29.0741 0.9
      vertex -44.6341 29.5881 -0.9
      vertex -44.6341 29.5881 0.9
    endloop
  endfacet
  facet normal 0.946919 -0.321473 0
    outer loop
      vertex -44.6341 29.5881 -0.9
      vertex -44.8086 29.0741 0.9
      vertex -44.8086 29.0741 -0.9
    endloop
  endfacet
  facet normal -0.99786 0.0653942 0
    outer loop
      vertex -36.6855 27.4583 -0.9
      vertex -36.65 28 0.9
      vertex -36.65 28 -0.9
    endloop
  endfacet
  facet normal -0.99786 0.0653942 0
    outer loop
      vertex -36.65 28 0.9
      vertex -36.6855 27.4583 -0.9
      vertex -36.6855 27.4583 0.9
    endloop
  endfacet
  facet normal 0.659352 -0.751834 0
    outer loop
      vertex -43.7345 30.9345 -0.9
      vertex -43.3264 31.2924 0.9
      vertex -43.7345 30.9345 0.9
    endloop
  endfacet
  facet normal 0.659352 -0.751834 0
    outer loop
      vertex -43.3264 31.2924 0.9
      vertex -43.7345 30.9345 -0.9
      vertex -43.3264 31.2924 -0.9
    endloop
  endfacet
  facet normal -0.946919 0.321473 0
    outer loop
      vertex -36.9659 26.4119 -0.9
      vertex -36.7914 26.9259 0.9
      vertex -36.7914 26.9259 -0.9
    endloop
  endfacet
  facet normal -0.946919 0.321473 0
    outer loop
      vertex -36.7914 26.9259 0.9
      vertex -36.9659 26.4119 -0.9
      vertex -36.9659 26.4119 0.9
    endloop
  endfacet
  facet normal -0.751834 0.659352 0
    outer loop
      vertex -37.8655 25.0655 -0.9
      vertex -37.5076 25.4736 0.9
      vertex -37.5076 25.4736 -0.9
    endloop
  endfacet
  facet normal -0.751834 0.659352 0
    outer loop
      vertex -37.5076 25.4736 0.9
      vertex -37.8655 25.0655 -0.9
      vertex -37.8655 25.0655 0.9
    endloop
  endfacet
  facet normal 0.831483 0.55555 0
    outer loop
      vertex -44.0924 25.4736 0.9
      vertex -44.394 25.925 -0.9
      vertex -44.394 25.925 0.9
    endloop
  endfacet
  facet normal 0.831483 0.55555 0
    outer loop
      vertex -44.394 25.925 -0.9
      vertex -44.0924 25.4736 0.9
      vertex -44.0924 25.4736 -0.9
    endloop
  endfacet
  facet normal -0.831483 -0.55555 0
    outer loop
      vertex -37.206 30.075 -0.9
      vertex -37.5076 30.5264 0.9
      vertex -37.5076 30.5264 -0.9
    endloop
  endfacet
  facet normal -0.831483 -0.55555 0
    outer loop
      vertex -37.5076 30.5264 0.9
      vertex -37.206 30.075 -0.9
      vertex -37.206 30.075 0.9
    endloop
  endfacet
  facet normal 0.195089 -0.980786 0
    outer loop
      vertex -41.8741 32.0086 -0.9
      vertex -41.3417 32.1145 0.9
      vertex -41.8741 32.0086 0.9
    endloop
  endfacet
  facet normal 0.195089 -0.980786 0
    outer loop
      vertex -41.3417 32.1145 0.9
      vertex -41.8741 32.0086 -0.9
      vertex -41.3417 32.1145 -0.9
    endloop
  endfacet
  facet normal -0.195089 -0.980786 0
    outer loop
      vertex -40.2583 32.1145 -0.9
      vertex -39.7259 32.0086 0.9
      vertex -40.2583 32.1145 0.9
    endloop
  endfacet
  facet normal -0.195089 -0.980786 -0
    outer loop
      vertex -39.7259 32.0086 0.9
      vertex -40.2583 32.1145 -0.9
      vertex -39.7259 32.0086 -0.9
    endloop
  endfacet
  facet normal -0.195089 0.980786 0
    outer loop
      vertex -39.7259 23.9914 -0.9
      vertex -40.2583 23.8855 0.9
      vertex -39.7259 23.9914 0.9
    endloop
  endfacet
  facet normal -0.195089 0.980786 0
    outer loop
      vertex -40.2583 23.8855 0.9
      vertex -39.7259 23.9914 -0.9
      vertex -40.2583 23.8855 -0.9
    endloop
  endfacet
  facet normal 0.980786 -0.195089 0
    outer loop
      vertex -44.9145 28.5417 0.9
      vertex -44.8086 29.0741 -0.9
      vertex -44.8086 29.0741 0.9
    endloop
  endfacet
  facet normal 0.980786 -0.195089 0
    outer loop
      vertex -44.8086 29.0741 -0.9
      vertex -44.9145 28.5417 0.9
      vertex -44.9145 28.5417 -0.9
    endloop
  endfacet
  facet normal -0.55555 -0.831483 0
    outer loop
      vertex -38.725 31.594 -0.9
      vertex -38.2736 31.2924 0.9
      vertex -38.725 31.594 0.9
    endloop
  endfacet
  facet normal -0.55555 -0.831483 -0
    outer loop
      vertex -38.2736 31.2924 0.9
      vertex -38.725 31.594 -0.9
      vertex -38.2736 31.2924 -0.9
    endloop
  endfacet
  facet normal 0.980786 0.195089 0
    outer loop
      vertex -44.8086 26.9259 0.9
      vertex -44.9145 27.4583 -0.9
      vertex -44.9145 27.4583 0.9
    endloop
  endfacet
  facet normal 0.980786 0.195089 0
    outer loop
      vertex -44.9145 27.4583 -0.9
      vertex -44.8086 26.9259 0.9
      vertex -44.8086 26.9259 -0.9
    endloop
  endfacet
  facet normal 0.659352 0.751834 -0
    outer loop
      vertex -43.3264 24.7076 -0.9
      vertex -43.7345 25.0655 0.9
      vertex -43.3264 24.7076 0.9
    endloop
  endfacet
  facet normal 0.659352 0.751834 0
    outer loop
      vertex -43.7345 25.0655 0.9
      vertex -43.3264 24.7076 -0.9
      vertex -43.7345 25.0655 -0.9
    endloop
  endfacet
  facet normal 0.831483 -0.55555 0
    outer loop
      vertex -44.394 30.075 0.9
      vertex -44.0924 30.5264 -0.9
      vertex -44.0924 30.5264 0.9
    endloop
  endfacet
  facet normal 0.831483 -0.55555 0
    outer loop
      vertex -44.0924 30.5264 -0.9
      vertex -44.394 30.075 0.9
      vertex -44.394 30.075 -0.9
    endloop
  endfacet
  facet normal 0.0653942 -0.99786 0
    outer loop
      vertex -41.3417 32.1145 -0.9
      vertex -40.8 32.15 0.9
      vertex -41.3417 32.1145 0.9
    endloop
  endfacet
  facet normal 0.0653942 -0.99786 0
    outer loop
      vertex -40.8 32.15 0.9
      vertex -41.3417 32.1145 -0.9
      vertex -40.8 32.15 -0.9
    endloop
  endfacet
  facet normal 0.751834 -0.659352 0
    outer loop
      vertex -44.0924 30.5264 0.9
      vertex -43.7345 30.9345 -0.9
      vertex -43.7345 30.9345 0.9
    endloop
  endfacet
  facet normal 0.751834 -0.659352 0
    outer loop
      vertex -43.7345 30.9345 -0.9
      vertex -44.0924 30.5264 0.9
      vertex -44.0924 30.5264 -0.9
    endloop
  endfacet
  facet normal 0.321473 0.946919 -0
    outer loop
      vertex -41.8741 23.9914 -0.9
      vertex -42.3881 24.1659 0.9
      vertex -41.8741 23.9914 0.9
    endloop
  endfacet
  facet normal 0.321473 0.946919 0
    outer loop
      vertex -42.3881 24.1659 0.9
      vertex -41.8741 23.9914 -0.9
      vertex -42.3881 24.1659 -0.9
    endloop
  endfacet
  facet normal -0.0653942 -0.99786 0
    outer loop
      vertex -40.8 32.15 -0.9
      vertex -40.2583 32.1145 0.9
      vertex -40.8 32.15 0.9
    endloop
  endfacet
  facet normal -0.0653942 -0.99786 -0
    outer loop
      vertex -40.2583 32.1145 0.9
      vertex -40.8 32.15 -0.9
      vertex -40.2583 32.1145 -0.9
    endloop
  endfacet
  facet normal -0.659352 0.751834 0
    outer loop
      vertex -37.8655 25.0655 -0.9
      vertex -38.2736 24.7076 0.9
      vertex -37.8655 25.0655 0.9
    endloop
  endfacet
  facet normal -0.659352 0.751834 0
    outer loop
      vertex -38.2736 24.7076 0.9
      vertex -37.8655 25.0655 -0.9
      vertex -38.2736 24.7076 -0.9
    endloop
  endfacet
  facet normal 0.55555 0.831483 -0
    outer loop
      vertex -42.875 24.406 -0.9
      vertex -43.3264 24.7076 0.9
      vertex -42.875 24.406 0.9
    endloop
  endfacet
  facet normal 0.55555 0.831483 0
    outer loop
      vertex -43.3264 24.7076 0.9
      vertex -42.875 24.406 -0.9
      vertex -43.3264 24.7076 -0.9
    endloop
  endfacet
  facet normal 0.896882 -0.44227 0
    outer loop
      vertex -44.6341 29.5881 0.9
      vertex -44.394 30.075 -0.9
      vertex -44.394 30.075 0.9
    endloop
  endfacet
  facet normal 0.896882 -0.44227 0
    outer loop
      vertex -44.394 30.075 -0.9
      vertex -44.6341 29.5881 0.9
      vertex -44.6341 29.5881 -0.9
    endloop
  endfacet
  facet normal -0.55555 0.831483 0
    outer loop
      vertex -38.2736 24.7076 -0.9
      vertex -38.725 24.406 0.9
      vertex -38.2736 24.7076 0.9
    endloop
  endfacet
  facet normal -0.55555 0.831483 0
    outer loop
      vertex -38.725 24.406 0.9
      vertex -38.2736 24.7076 -0.9
      vertex -38.725 24.406 -0.9
    endloop
  endfacet
  facet normal -0.980786 -0.195089 0
    outer loop
      vertex -16.2855 28.5417 -0.9
      vertex -16.3914 29.0741 0.9
      vertex -16.3914 29.0741 -0.9
    endloop
  endfacet
  facet normal -0.980786 -0.195089 0
    outer loop
      vertex -16.3914 29.0741 0.9
      vertex -16.2855 28.5417 -0.9
      vertex -16.2855 28.5417 0.9
    endloop
  endfacet
  facet normal -0.99786 -0.0653942 0
    outer loop
      vertex -16.25 28 -0.9
      vertex -16.2855 28.5417 0.9
      vertex -16.2855 28.5417 -0.9
    endloop
  endfacet
  facet normal -0.99786 -0.0653942 0
    outer loop
      vertex -16.2855 28.5417 0.9
      vertex -16.25 28 -0.9
      vertex -16.25 28 0.9
    endloop
  endfacet
  facet normal -0.659352 -0.751834 0
    outer loop
      vertex -17.8736 31.2924 -0.9
      vertex -17.4655 30.9345 0.9
      vertex -17.8736 31.2924 0.9
    endloop
  endfacet
  facet normal -0.659352 -0.751834 -0
    outer loop
      vertex -17.4655 30.9345 0.9
      vertex -17.8736 31.2924 -0.9
      vertex -17.4655 30.9345 -0.9
    endloop
  endfacet
  facet normal -0.195089 0.980786 0
    outer loop
      vertex -19.3259 23.9914 -0.9
      vertex -19.8583 23.8855 0.9
      vertex -19.3259 23.9914 0.9
    endloop
  endfacet
  facet normal -0.195089 0.980786 0
    outer loop
      vertex -19.8583 23.8855 0.9
      vertex -19.3259 23.9914 -0.9
      vertex -19.8583 23.8855 -0.9
    endloop
  endfacet
  facet normal -0.659352 0.751834 0
    outer loop
      vertex -17.4655 25.0655 -0.9
      vertex -17.8736 24.7076 0.9
      vertex -17.4655 25.0655 0.9
    endloop
  endfacet
  facet normal -0.659352 0.751834 0
    outer loop
      vertex -17.8736 24.7076 0.9
      vertex -17.4655 25.0655 -0.9
      vertex -17.8736 24.7076 -0.9
    endloop
  endfacet
  facet normal 0.99786 0.0653942 0
    outer loop
      vertex -24.5145 27.4583 0.9
      vertex -24.55 28 -0.9
      vertex -24.55 28 0.9
    endloop
  endfacet
  facet normal 0.99786 0.0653942 0
    outer loop
      vertex -24.55 28 -0.9
      vertex -24.5145 27.4583 0.9
      vertex -24.5145 27.4583 -0.9
    endloop
  endfacet
  facet normal -0.980786 0.195089 0
    outer loop
      vertex -16.3914 26.9259 -0.9
      vertex -16.2855 27.4583 0.9
      vertex -16.2855 27.4583 -0.9
    endloop
  endfacet
  facet normal -0.980786 0.195089 0
    outer loop
      vertex -16.2855 27.4583 0.9
      vertex -16.3914 26.9259 -0.9
      vertex -16.3914 26.9259 0.9
    endloop
  endfacet
  facet normal -0.99786 0.0653942 0
    outer loop
      vertex -16.2855 27.4583 -0.9
      vertex -16.25 28 0.9
      vertex -16.25 28 -0.9
    endloop
  endfacet
  facet normal -0.99786 0.0653942 0
    outer loop
      vertex -16.25 28 0.9
      vertex -16.2855 27.4583 -0.9
      vertex -16.2855 27.4583 0.9
    endloop
  endfacet
  facet normal -0.946919 0.321473 0
    outer loop
      vertex -16.5659 26.4119 -0.9
      vertex -16.3914 26.9259 0.9
      vertex -16.3914 26.9259 -0.9
    endloop
  endfacet
  facet normal -0.946919 0.321473 0
    outer loop
      vertex -16.3914 26.9259 0.9
      vertex -16.5659 26.4119 -0.9
      vertex -16.5659 26.4119 0.9
    endloop
  endfacet
  facet normal -0.831483 -0.55555 0
    outer loop
      vertex -16.806 30.075 -0.9
      vertex -17.1076 30.5264 0.9
      vertex -17.1076 30.5264 -0.9
    endloop
  endfacet
  facet normal -0.831483 -0.55555 0
    outer loop
      vertex -17.1076 30.5264 0.9
      vertex -16.806 30.075 -0.9
      vertex -16.806 30.075 0.9
    endloop
  endfacet
  facet normal 0.44227 0.896882 -0
    outer loop
      vertex -21.9881 24.1659 -0.9
      vertex -22.475 24.406 0.9
      vertex -21.9881 24.1659 0.9
    endloop
  endfacet
  facet normal 0.44227 0.896882 0
    outer loop
      vertex -22.475 24.406 0.9
      vertex -21.9881 24.1659 -0.9
      vertex -22.475 24.406 -0.9
    endloop
  endfacet
  facet normal -0.321473 -0.946919 0
    outer loop
      vertex -19.3259 32.0086 -0.9
      vertex -18.8119 31.8341 0.9
      vertex -19.3259 32.0086 0.9
    endloop
  endfacet
  facet normal -0.321473 -0.946919 -0
    outer loop
      vertex -18.8119 31.8341 0.9
      vertex -19.3259 32.0086 -0.9
      vertex -18.8119 31.8341 -0.9
    endloop
  endfacet
  facet normal 0.831483 0.55555 0
    outer loop
      vertex -23.6924 25.4736 0.9
      vertex -23.994 25.925 -0.9
      vertex -23.994 25.925 0.9
    endloop
  endfacet
  facet normal 0.831483 0.55555 0
    outer loop
      vertex -23.994 25.925 -0.9
      vertex -23.6924 25.4736 0.9
      vertex -23.6924 25.4736 -0.9
    endloop
  endfacet
  facet normal -0.751834 0.659352 0
    outer loop
      vertex -17.4655 25.0655 -0.9
      vertex -17.1076 25.4736 0.9
      vertex -17.1076 25.4736 -0.9
    endloop
  endfacet
  facet normal -0.751834 0.659352 0
    outer loop
      vertex -17.1076 25.4736 0.9
      vertex -17.4655 25.0655 -0.9
      vertex -17.4655 25.0655 0.9
    endloop
  endfacet
  facet normal 0.831483 -0.55555 0
    outer loop
      vertex -23.994 30.075 0.9
      vertex -23.6924 30.5264 -0.9
      vertex -23.6924 30.5264 0.9
    endloop
  endfacet
  facet normal 0.831483 -0.55555 0
    outer loop
      vertex -23.6924 30.5264 -0.9
      vertex -23.994 30.075 0.9
      vertex -23.994 30.075 -0.9
    endloop
  endfacet
  facet normal 0.0653942 0.99786 -0
    outer loop
      vertex -20.4 23.85 -0.9
      vertex -20.9417 23.8855 0.9
      vertex -20.4 23.85 0.9
    endloop
  endfacet
  facet normal 0.0653942 0.99786 0
    outer loop
      vertex -20.9417 23.8855 0.9
      vertex -20.4 23.85 -0.9
      vertex -20.9417 23.8855 -0.9
    endloop
  endfacet
  facet normal -0.195089 -0.980786 0
    outer loop
      vertex -19.8583 32.1145 -0.9
      vertex -19.3259 32.0086 0.9
      vertex -19.8583 32.1145 0.9
    endloop
  endfacet
  facet normal -0.195089 -0.980786 -0
    outer loop
      vertex -19.3259 32.0086 0.9
      vertex -19.8583 32.1145 -0.9
      vertex -19.3259 32.0086 -0.9
    endloop
  endfacet
  facet normal -0.946919 -0.321473 0
    outer loop
      vertex -16.3914 29.0741 -0.9
      vertex -16.5659 29.5881 0.9
      vertex -16.5659 29.5881 -0.9
    endloop
  endfacet
  facet normal -0.946919 -0.321473 0
    outer loop
      vertex -16.5659 29.5881 0.9
      vertex -16.3914 29.0741 -0.9
      vertex -16.3914 29.0741 0.9
    endloop
  endfacet
  facet normal 0.751834 -0.659352 0
    outer loop
      vertex -23.6924 30.5264 0.9
      vertex -23.3345 30.9345 -0.9
      vertex -23.3345 30.9345 0.9
    endloop
  endfacet
  facet normal 0.751834 -0.659352 0
    outer loop
      vertex -23.3345 30.9345 -0.9
      vertex -23.6924 30.5264 0.9
      vertex -23.6924 30.5264 -0.9
    endloop
  endfacet
  facet normal 0.751834 0.659352 0
    outer loop
      vertex -23.3345 25.0655 0.9
      vertex -23.6924 25.4736 -0.9
      vertex -23.6924 25.4736 0.9
    endloop
  endfacet
  facet normal 0.751834 0.659352 0
    outer loop
      vertex -23.6924 25.4736 -0.9
      vertex -23.3345 25.0655 0.9
      vertex -23.3345 25.0655 -0.9
    endloop
  endfacet
  facet normal -0.896882 0.44227 0
    outer loop
      vertex -16.806 25.925 -0.9
      vertex -16.5659 26.4119 0.9
      vertex -16.5659 26.4119 -0.9
    endloop
  endfacet
  facet normal -0.896882 0.44227 0
    outer loop
      vertex -16.5659 26.4119 0.9
      vertex -16.806 25.925 -0.9
      vertex -16.806 25.925 0.9
    endloop
  endfacet
  facet normal 0.55555 -0.831483 0
    outer loop
      vertex -22.9264 31.2924 -0.9
      vertex -22.475 31.594 0.9
      vertex -22.9264 31.2924 0.9
    endloop
  endfacet
  facet normal 0.55555 -0.831483 0
    outer loop
      vertex -22.475 31.594 0.9
      vertex -22.9264 31.2924 -0.9
      vertex -22.475 31.594 -0.9
    endloop
  endfacet
  facet normal 0.321473 0.946919 -0
    outer loop
      vertex -21.4741 23.9914 -0.9
      vertex -21.9881 24.1659 0.9
      vertex -21.4741 23.9914 0.9
    endloop
  endfacet
  facet normal 0.321473 0.946919 0
    outer loop
      vertex -21.9881 24.1659 0.9
      vertex -21.4741 23.9914 -0.9
      vertex -21.9881 24.1659 -0.9
    endloop
  endfacet
  facet normal -0.321473 0.946919 0
    outer loop
      vertex -18.8119 24.1659 -0.9
      vertex -19.3259 23.9914 0.9
      vertex -18.8119 24.1659 0.9
    endloop
  endfacet
  facet normal -0.321473 0.946919 0
    outer loop
      vertex -19.3259 23.9914 0.9
      vertex -18.8119 24.1659 -0.9
      vertex -19.3259 23.9914 -0.9
    endloop
  endfacet
  facet normal 0.0653942 -0.99786 0
    outer loop
      vertex -20.9417 32.1145 -0.9
      vertex -20.4 32.15 0.9
      vertex -20.9417 32.1145 0.9
    endloop
  endfacet
  facet normal 0.0653942 -0.99786 0
    outer loop
      vertex -20.4 32.15 0.9
      vertex -20.9417 32.1145 -0.9
      vertex -20.4 32.15 -0.9
    endloop
  endfacet
  facet normal -0.44227 -0.896882 0
    outer loop
      vertex -18.8119 31.8341 -0.9
      vertex -18.325 31.594 0.9
      vertex -18.8119 31.8341 0.9
    endloop
  endfacet
  facet normal -0.44227 -0.896882 -0
    outer loop
      vertex -18.325 31.594 0.9
      vertex -18.8119 31.8341 -0.9
      vertex -18.325 31.594 -0.9
    endloop
  endfacet
  facet normal -0.55555 -0.831483 0
    outer loop
      vertex -18.325 31.594 -0.9
      vertex -17.8736 31.2924 0.9
      vertex -18.325 31.594 0.9
    endloop
  endfacet
  facet normal -0.55555 -0.831483 -0
    outer loop
      vertex -17.8736 31.2924 0.9
      vertex -18.325 31.594 -0.9
      vertex -17.8736 31.2924 -0.9
    endloop
  endfacet
  facet normal -0.55555 0.831483 0
    outer loop
      vertex -17.8736 24.7076 -0.9
      vertex -18.325 24.406 0.9
      vertex -17.8736 24.7076 0.9
    endloop
  endfacet
  facet normal -0.55555 0.831483 0
    outer loop
      vertex -18.325 24.406 0.9
      vertex -17.8736 24.7076 -0.9
      vertex -18.325 24.406 -0.9
    endloop
  endfacet
  facet normal 0.980786 -0.195089 0
    outer loop
      vertex -24.5145 28.5417 0.9
      vertex -24.4086 29.0741 -0.9
      vertex -24.4086 29.0741 0.9
    endloop
  endfacet
  facet normal 0.980786 -0.195089 0
    outer loop
      vertex -24.4086 29.0741 -0.9
      vertex -24.5145 28.5417 0.9
      vertex -24.5145 28.5417 -0.9
    endloop
  endfacet
  facet normal 0.44227 -0.896882 0
    outer loop
      vertex -22.475 31.594 -0.9
      vertex -21.9881 31.8341 0.9
      vertex -22.475 31.594 0.9
    endloop
  endfacet
  facet normal 0.44227 -0.896882 0
    outer loop
      vertex -21.9881 31.8341 0.9
      vertex -22.475 31.594 -0.9
      vertex -21.9881 31.8341 -0.9
    endloop
  endfacet
  facet normal -0.0653942 -0.99786 0
    outer loop
      vertex -20.4 32.15 -0.9
      vertex -19.8583 32.1145 0.9
      vertex -20.4 32.15 0.9
    endloop
  endfacet
  facet normal -0.0653942 -0.99786 -0
    outer loop
      vertex -19.8583 32.1145 0.9
      vertex -20.4 32.15 -0.9
      vertex -19.8583 32.1145 -0.9
    endloop
  endfacet
  facet normal -0.831483 0.55555 0
    outer loop
      vertex -17.1076 25.4736 -0.9
      vertex -16.806 25.925 0.9
      vertex -16.806 25.925 -0.9
    endloop
  endfacet
  facet normal -0.831483 0.55555 0
    outer loop
      vertex -16.806 25.925 0.9
      vertex -17.1076 25.4736 -0.9
      vertex -17.1076 25.4736 0.9
    endloop
  endfacet
  facet normal -0.0653942 0.99786 0
    outer loop
      vertex -19.8583 23.8855 -0.9
      vertex -20.4 23.85 0.9
      vertex -19.8583 23.8855 0.9
    endloop
  endfacet
  facet normal -0.0653942 0.99786 0
    outer loop
      vertex -20.4 23.85 0.9
      vertex -19.8583 23.8855 -0.9
      vertex -20.4 23.85 -0.9
    endloop
  endfacet
  facet normal 0.55555 0.831483 -0
    outer loop
      vertex -22.475 24.406 -0.9
      vertex -22.9264 24.7076 0.9
      vertex -22.475 24.406 0.9
    endloop
  endfacet
  facet normal 0.55555 0.831483 0
    outer loop
      vertex -22.9264 24.7076 0.9
      vertex -22.475 24.406 -0.9
      vertex -22.9264 24.7076 -0.9
    endloop
  endfacet
  facet normal -0.896882 -0.44227 0
    outer loop
      vertex -16.5659 29.5881 -0.9
      vertex -16.806 30.075 0.9
      vertex -16.806 30.075 -0.9
    endloop
  endfacet
  facet normal -0.896882 -0.44227 0
    outer loop
      vertex -16.806 30.075 0.9
      vertex -16.5659 29.5881 -0.9
      vertex -16.5659 29.5881 0.9
    endloop
  endfacet
  facet normal -0.44227 0.896882 0
    outer loop
      vertex -18.325 24.406 -0.9
      vertex -18.8119 24.1659 0.9
      vertex -18.325 24.406 0.9
    endloop
  endfacet
  facet normal -0.44227 0.896882 0
    outer loop
      vertex -18.8119 24.1659 0.9
      vertex -18.325 24.406 -0.9
      vertex -18.8119 24.1659 -0.9
    endloop
  endfacet
  facet normal 0.321473 -0.946919 0
    outer loop
      vertex -21.9881 31.8341 -0.9
      vertex -21.4741 32.0086 0.9
      vertex -21.9881 31.8341 0.9
    endloop
  endfacet
  facet normal 0.321473 -0.946919 0
    outer loop
      vertex -21.4741 32.0086 0.9
      vertex -21.9881 31.8341 -0.9
      vertex -21.4741 32.0086 -0.9
    endloop
  endfacet
  facet normal -0.751834 -0.659352 0
    outer loop
      vertex -17.1076 30.5264 -0.9
      vertex -17.4655 30.9345 0.9
      vertex -17.4655 30.9345 -0.9
    endloop
  endfacet
  facet normal -0.751834 -0.659352 0
    outer loop
      vertex -17.4655 30.9345 0.9
      vertex -17.1076 30.5264 -0.9
      vertex -17.1076 30.5264 0.9
    endloop
  endfacet
  facet normal 0.980786 0.195089 0
    outer loop
      vertex -24.4086 26.9259 0.9
      vertex -24.5145 27.4583 -0.9
      vertex -24.5145 27.4583 0.9
    endloop
  endfacet
  facet normal 0.980786 0.195089 0
    outer loop
      vertex -24.5145 27.4583 -0.9
      vertex -24.4086 26.9259 0.9
      vertex -24.4086 26.9259 -0.9
    endloop
  endfacet
  facet normal 0.195089 -0.980786 0
    outer loop
      vertex -21.4741 32.0086 -0.9
      vertex -20.9417 32.1145 0.9
      vertex -21.4741 32.0086 0.9
    endloop
  endfacet
  facet normal 0.195089 -0.980786 0
    outer loop
      vertex -20.9417 32.1145 0.9
      vertex -21.4741 32.0086 -0.9
      vertex -20.9417 32.1145 -0.9
    endloop
  endfacet
  facet normal 0.195089 0.980786 -0
    outer loop
      vertex -20.9417 23.8855 -0.9
      vertex -21.4741 23.9914 0.9
      vertex -20.9417 23.8855 0.9
    endloop
  endfacet
  facet normal 0.195089 0.980786 0
    outer loop
      vertex -21.4741 23.9914 0.9
      vertex -20.9417 23.8855 -0.9
      vertex -21.4741 23.9914 -0.9
    endloop
  endfacet
  facet normal 0.99786 -0.0653942 0
    outer loop
      vertex -24.55 28 0.9
      vertex -24.5145 28.5417 -0.9
      vertex -24.5145 28.5417 0.9
    endloop
  endfacet
  facet normal 0.99786 -0.0653942 0
    outer loop
      vertex -24.5145 28.5417 -0.9
      vertex -24.55 28 0.9
      vertex -24.55 28 -0.9
    endloop
  endfacet
  facet normal 0.946919 -0.321473 0
    outer loop
      vertex -24.4086 29.0741 0.9
      vertex -24.2341 29.5881 -0.9
      vertex -24.2341 29.5881 0.9
    endloop
  endfacet
  facet normal 0.946919 -0.321473 0
    outer loop
      vertex -24.2341 29.5881 -0.9
      vertex -24.4086 29.0741 0.9
      vertex -24.4086 29.0741 -0.9
    endloop
  endfacet
  facet normal 0.946919 0.321473 0
    outer loop
      vertex -24.2341 26.4119 0.9
      vertex -24.4086 26.9259 -0.9
      vertex -24.4086 26.9259 0.9
    endloop
  endfacet
  facet normal 0.946919 0.321473 0
    outer loop
      vertex -24.4086 26.9259 -0.9
      vertex -24.2341 26.4119 0.9
      vertex -24.2341 26.4119 -0.9
    endloop
  endfacet
  facet normal 0.659352 -0.751834 0
    outer loop
      vertex -23.3345 30.9345 -0.9
      vertex -22.9264 31.2924 0.9
      vertex -23.3345 30.9345 0.9
    endloop
  endfacet
  facet normal 0.659352 -0.751834 0
    outer loop
      vertex -22.9264 31.2924 0.9
      vertex -23.3345 30.9345 -0.9
      vertex -22.9264 31.2924 -0.9
    endloop
  endfacet
  facet normal 0.896882 -0.44227 0
    outer loop
      vertex -24.2341 29.5881 0.9
      vertex -23.994 30.075 -0.9
      vertex -23.994 30.075 0.9
    endloop
  endfacet
  facet normal 0.896882 -0.44227 0
    outer loop
      vertex -23.994 30.075 -0.9
      vertex -24.2341 29.5881 0.9
      vertex -24.2341 29.5881 -0.9
    endloop
  endfacet
  facet normal 0.896882 0.44227 0
    outer loop
      vertex -23.994 25.925 0.9
      vertex -24.2341 26.4119 -0.9
      vertex -24.2341 26.4119 0.9
    endloop
  endfacet
  facet normal 0.896882 0.44227 0
    outer loop
      vertex -24.2341 26.4119 -0.9
      vertex -23.994 25.925 0.9
      vertex -23.994 25.925 -0.9
    endloop
  endfacet
  facet normal 0.659352 0.751834 -0
    outer loop
      vertex -22.9264 24.7076 -0.9
      vertex -23.3345 25.0655 0.9
      vertex -22.9264 24.7076 0.9
    endloop
  endfacet
  facet normal 0.659352 0.751834 0
    outer loop
      vertex -23.3345 25.0655 0.9
      vertex -22.9264 24.7076 -0.9
      vertex -23.3345 25.0655 -0.9
    endloop
  endfacet
  facet normal -0.866026 -0.5 0
    outer loop
      vertex -6.38949 25.8 -0.9
      vertex -10.2 32.4 0.9
      vertex -10.2 32.4 -0.9
    endloop
  endfacet
  facet normal -0.866026 -0.5 0
    outer loop
      vertex -10.2 32.4 0.9
      vertex -6.38949 25.8 -0.9
      vertex -6.38949 25.8 0.9
    endloop
  endfacet
  facet normal 0.866026 -0.499999 0
    outer loop
      vertex -14.0105 25.8 0.9
      vertex -10.2 32.4 -0.9
      vertex -10.2 32.4 0.9
    endloop
  endfacet
  facet normal 0.866026 -0.499999 0
    outer loop
      vertex -10.2 32.4 -0.9
      vertex -14.0105 25.8 0.9
      vertex -14.0105 25.8 -0.9
    endloop
  endfacet
  facet normal 0 1 -0
    outer loop
      vertex -6.38949 25.8 -0.9
      vertex -14.0105 25.8 0.9
      vertex -6.38949 25.8 0.9
    endloop
  endfacet
  facet normal 0 1 0
    outer loop
      vertex -14.0105 25.8 0.9
      vertex -6.38949 25.8 -0.9
      vertex -14.0105 25.8 -0.9
    endloop
  endfacet
  facet normal 0.321451 -0.946926 0
    outer loop
      vertex 8.61186 31.8341 -0.9
      vertex 9.1259 32.0086 0.9
      vertex 8.61186 31.8341 0.9
    endloop
  endfacet
  facet normal 0.321451 -0.946926 0
    outer loop
      vertex 9.1259 32.0086 0.9
      vertex 8.61186 31.8341 -0.9
      vertex 9.1259 32.0086 -0.9
    endloop
  endfacet
  facet normal -0.99786 0.0653942 0
    outer loop
      vertex 14.3145 27.4583 -0.9
      vertex 14.35 28 0.9
      vertex 14.35 28 -0.9
    endloop
  endfacet
  facet normal -0.99786 0.0653942 0
    outer loop
      vertex 14.35 28 0.9
      vertex 14.3145 27.4583 -0.9
      vertex 14.3145 27.4583 0.9
    endloop
  endfacet
  facet normal -0.0653942 0.99786 0
    outer loop
      vertex 10.7417 23.8855 -0.9
      vertex 10.2 23.85 0.9
      vertex 10.7417 23.8855 0.9
    endloop
  endfacet
  facet normal -0.0653942 0.99786 0
    outer loop
      vertex 10.2 23.85 0.9
      vertex 10.7417 23.8855 -0.9
      vertex 10.2 23.85 -0.9
    endloop
  endfacet
  facet normal -0.751834 0.659352 0
    outer loop
      vertex 13.1345 25.0655 -0.9
      vertex 13.4924 25.4736 0.9
      vertex 13.4924 25.4736 -0.9
    endloop
  endfacet
  facet normal -0.751834 0.659352 0
    outer loop
      vertex 13.4924 25.4736 0.9
      vertex 13.1345 25.0655 -0.9
      vertex 13.1345 25.0655 0.9
    endloop
  endfacet
  facet normal -0.659352 0.751834 0
    outer loop
      vertex 13.1345 25.0655 -0.9
      vertex 12.7264 24.7076 0.9
      vertex 13.1345 25.0655 0.9
    endloop
  endfacet
  facet normal -0.659352 0.751834 0
    outer loop
      vertex 12.7264 24.7076 0.9
      vertex 13.1345 25.0655 -0.9
      vertex 12.7264 24.7076 -0.9
    endloop
  endfacet
  facet normal 0.442299 0.896867 -0
    outer loop
      vertex 8.61186 24.1659 -0.9
      vertex 8.125 24.406 0.9
      vertex 8.61186 24.1659 0.9
    endloop
  endfacet
  facet normal 0.442299 0.896867 0
    outer loop
      vertex 8.125 24.406 0.9
      vertex 8.61186 24.1659 -0.9
      vertex 8.125 24.406 -0.9
    endloop
  endfacet
  facet normal -0.946919 0.321473 0
    outer loop
      vertex 14.0341 26.4119 -0.9
      vertex 14.2086 26.9259 0.9
      vertex 14.2086 26.9259 -0.9
    endloop
  endfacet
  facet normal -0.946919 0.321473 0
    outer loop
      vertex 14.2086 26.9259 0.9
      vertex 14.0341 26.4119 -0.9
      vertex 14.0341 26.4119 0.9
    endloop
  endfacet
  facet normal 0.555584 0.83146 -0
    outer loop
      vertex 8.125 24.406 -0.9
      vertex 7.67364 24.7076 0.9
      vertex 8.125 24.406 0.9
    endloop
  endfacet
  facet normal 0.555584 0.83146 0
    outer loop
      vertex 7.67364 24.7076 0.9
      vertex 8.125 24.406 -0.9
      vertex 7.67364 24.7076 -0.9
    endloop
  endfacet
  facet normal -0.896882 -0.44227 0
    outer loop
      vertex 14.0341 29.5881 -0.9
      vertex 13.794 30.075 0.9
      vertex 13.794 30.075 -0.9
    endloop
  endfacet
  facet normal -0.896882 -0.44227 0
    outer loop
      vertex 13.794 30.075 0.9
      vertex 14.0341 29.5881 -0.9
      vertex 14.0341 29.5881 0.9
    endloop
  endfacet
  facet normal 0.195082 -0.980787 0
    outer loop
      vertex 9.1259 32.0086 -0.9
      vertex 9.65832 32.1145 0.9
      vertex 9.1259 32.0086 0.9
    endloop
  endfacet
  facet normal 0.195082 -0.980787 0
    outer loop
      vertex 9.65832 32.1145 0.9
      vertex 9.1259 32.0086 -0.9
      vertex 9.65832 32.1145 -0.9
    endloop
  endfacet
  facet normal 0.0653966 0.997859 -0
    outer loop
      vertex 10.2 23.85 -0.9
      vertex 9.65832 23.8855 0.9
      vertex 10.2 23.85 0.9
    endloop
  endfacet
  facet normal 0.0653966 0.997859 0
    outer loop
      vertex 9.65832 23.8855 0.9
      vertex 10.2 23.85 -0.9
      vertex 9.65832 23.8855 -0.9
    endloop
  endfacet
  facet normal 0.980782 0.195106 0
    outer loop
      vertex 6.19141 26.9259 0.9
      vertex 6.0855 27.4583 -0.9
      vertex 6.0855 27.4583 0.9
    endloop
  endfacet
  facet normal 0.980782 0.195106 0
    outer loop
      vertex 6.0855 27.4583 -0.9
      vertex 6.19141 26.9259 0.9
      vertex 6.19141 26.9259 -0.9
    endloop
  endfacet
  facet normal -0.659352 -0.751834 0
    outer loop
      vertex 12.7264 31.2924 -0.9
      vertex 13.1345 30.9345 0.9
      vertex 12.7264 31.2924 0.9
    endloop
  endfacet
  facet normal -0.659352 -0.751834 -0
    outer loop
      vertex 13.1345 30.9345 0.9
      vertex 12.7264 31.2924 -0.9
      vertex 13.1345 30.9345 -0.9
    endloop
  endfacet
  facet normal -0.896882 0.44227 0
    outer loop
      vertex 13.794 25.925 -0.9
      vertex 14.0341 26.4119 0.9
      vertex 14.0341 26.4119 -0.9
    endloop
  endfacet
  facet normal -0.896882 0.44227 0
    outer loop
      vertex 14.0341 26.4119 0.9
      vertex 13.794 25.925 -0.9
      vertex 13.794 25.925 0.9
    endloop
  endfacet
  facet normal 0.896889 0.442255 0
    outer loop
      vertex 6.60599 25.925 0.9
      vertex 6.3659 26.4119 -0.9
      vertex 6.3659 26.4119 0.9
    endloop
  endfacet
  facet normal 0.896889 0.442255 0
    outer loop
      vertex 6.3659 26.4119 -0.9
      vertex 6.60599 25.925 0.9
      vertex 6.60599 25.925 -0.9
    endloop
  endfacet
  facet normal -0.980786 -0.195089 0
    outer loop
      vertex 14.3145 28.5417 -0.9
      vertex 14.2086 29.0741 0.9
      vertex 14.2086 29.0741 -0.9
    endloop
  endfacet
  facet normal -0.980786 -0.195089 0
    outer loop
      vertex 14.2086 29.0741 0.9
      vertex 14.3145 28.5417 -0.9
      vertex 14.3145 28.5417 0.9
    endloop
  endfacet
  facet normal -0.99786 -0.0653942 0
    outer loop
      vertex 14.35 28 -0.9
      vertex 14.3145 28.5417 0.9
      vertex 14.3145 28.5417 -0.9
    endloop
  endfacet
  facet normal -0.99786 -0.0653942 0
    outer loop
      vertex 14.3145 28.5417 0.9
      vertex 14.35 28 -0.9
      vertex 14.35 28 0.9
    endloop
  endfacet
  facet normal -0.831483 -0.55555 0
    outer loop
      vertex 13.794 30.075 -0.9
      vertex 13.4924 30.5264 0.9
      vertex 13.4924 30.5264 -0.9
    endloop
  endfacet
  facet normal -0.831483 -0.55555 0
    outer loop
      vertex 13.4924 30.5264 0.9
      vertex 13.794 30.075 -0.9
      vertex 13.794 30.075 0.9
    endloop
  endfacet
  facet normal -0.44227 -0.896882 0
    outer loop
      vertex 11.7881 31.8341 -0.9
      vertex 12.275 31.594 0.9
      vertex 11.7881 31.8341 0.9
    endloop
  endfacet
  facet normal -0.44227 -0.896882 -0
    outer loop
      vertex 12.275 31.594 0.9
      vertex 11.7881 31.8341 -0.9
      vertex 12.275 31.594 -0.9
    endloop
  endfacet
  facet normal -0.751834 -0.659352 0
    outer loop
      vertex 13.4924 30.5264 -0.9
      vertex 13.1345 30.9345 0.9
      vertex 13.1345 30.9345 -0.9
    endloop
  endfacet
  facet normal -0.751834 -0.659352 0
    outer loop
      vertex 13.1345 30.9345 0.9
      vertex 13.4924 30.5264 -0.9
      vertex 13.4924 30.5264 0.9
    endloop
  endfacet
  facet normal -0.980786 0.195089 0
    outer loop
      vertex 14.2086 26.9259 -0.9
      vertex 14.3145 27.4583 0.9
      vertex 14.3145 27.4583 -0.9
    endloop
  endfacet
  facet normal -0.980786 0.195089 0
    outer loop
      vertex 14.3145 27.4583 0.9
      vertex 14.2086 26.9259 -0.9
      vertex 14.2086 26.9259 0.9
    endloop
  endfacet
  facet normal -0.55555 -0.831483 0
    outer loop
      vertex 12.275 31.594 -0.9
      vertex 12.7264 31.2924 0.9
      vertex 12.275 31.594 0.9
    endloop
  endfacet
  facet normal -0.55555 -0.831483 -0
    outer loop
      vertex 12.7264 31.2924 0.9
      vertex 12.275 31.594 -0.9
      vertex 12.7264 31.2924 -0.9
    endloop
  endfacet
  facet normal -0.44227 0.896882 0
    outer loop
      vertex 12.275 24.406 -0.9
      vertex 11.7881 24.1659 0.9
      vertex 12.275 24.406 0.9
    endloop
  endfacet
  facet normal -0.44227 0.896882 0
    outer loop
      vertex 11.7881 24.1659 0.9
      vertex 12.275 24.406 -0.9
      vertex 11.7881 24.1659 -0.9
    endloop
  endfacet
  facet normal 0.321451 0.946926 -0
    outer loop
      vertex 9.1259 23.9914 -0.9
      vertex 8.61186 24.1659 0.9
      vertex 9.1259 23.9914 0.9
    endloop
  endfacet
  facet normal 0.321451 0.946926 0
    outer loop
      vertex 8.61186 24.1659 0.9
      vertex 9.1259 23.9914 -0.9
      vertex 8.61186 24.1659 -0.9
    endloop
  endfacet
  facet normal 0.442299 -0.896867 0
    outer loop
      vertex 8.125 31.594 -0.9
      vertex 8.61186 31.8341 0.9
      vertex 8.125 31.594 0.9
    endloop
  endfacet
  facet normal 0.442299 -0.896867 0
    outer loop
      vertex 8.61186 31.8341 0.9
      vertex 8.125 31.594 -0.9
      vertex 8.61186 31.8341 -0.9
    endloop
  endfacet
  facet normal -0.321473 0.946919 0
    outer loop
      vertex 11.7881 24.1659 -0.9
      vertex 11.2741 23.9914 0.9
      vertex 11.7881 24.1659 0.9
    endloop
  endfacet
  facet normal -0.321473 0.946919 0
    outer loop
      vertex 11.2741 23.9914 0.9
      vertex 11.7881 24.1659 -0.9
      vertex 11.2741 23.9914 -0.9
    endloop
  endfacet
  facet normal 0.659325 0.751858 -0
    outer loop
      vertex 7.67364 24.7076 -0.9
      vertex 7.26551 25.0655 0.9
      vertex 7.67364 24.7076 0.9
    endloop
  endfacet
  facet normal 0.659325 0.751858 0
    outer loop
      vertex 7.26551 25.0655 0.9
      vertex 7.67364 24.7076 -0.9
      vertex 7.26551 25.0655 -0.9
    endloop
  endfacet
  facet normal -0.946919 -0.321473 0
    outer loop
      vertex 14.2086 29.0741 -0.9
      vertex 14.0341 29.5881 0.9
      vertex 14.0341 29.5881 -0.9
    endloop
  endfacet
  facet normal -0.946919 -0.321473 0
    outer loop
      vertex 14.0341 29.5881 0.9
      vertex 14.2086 29.0741 -0.9
      vertex 14.2086 29.0741 0.9
    endloop
  endfacet
  facet normal 0.99786 -0.0653942 0
    outer loop
      vertex 6.05 28 0.9
      vertex 6.0855 28.5417 -0.9
      vertex 6.0855 28.5417 0.9
    endloop
  endfacet
  facet normal 0.99786 -0.0653942 0
    outer loop
      vertex 6.0855 28.5417 -0.9
      vertex 6.05 28 0.9
      vertex 6.05 28 -0.9
    endloop
  endfacet
  facet normal 0.831492 -0.555537 0
    outer loop
      vertex 6.60599 30.075 0.9
      vertex 6.90758 30.5264 -0.9
      vertex 6.90758 30.5264 0.9
    endloop
  endfacet
  facet normal 0.831492 -0.555537 0
    outer loop
      vertex 6.90758 30.5264 -0.9
      vertex 6.60599 30.075 0.9
      vertex 6.60599 30.075 -0.9
    endloop
  endfacet
  facet normal 0.946924 0.321457 0
    outer loop
      vertex 6.3659 26.4119 0.9
      vertex 6.19141 26.9259 -0.9
      vertex 6.19141 26.9259 0.9
    endloop
  endfacet
  facet normal 0.946924 0.321457 0
    outer loop
      vertex 6.19141 26.9259 -0.9
      vertex 6.3659 26.4119 0.9
      vertex 6.3659 26.4119 -0.9
    endloop
  endfacet
  facet normal 0.831492 0.555537 0
    outer loop
      vertex 6.90758 25.4736 0.9
      vertex 6.60599 25.925 -0.9
      vertex 6.60599 25.925 0.9
    endloop
  endfacet
  facet normal 0.831492 0.555537 0
    outer loop
      vertex 6.60599 25.925 -0.9
      vertex 6.90758 25.4736 0.9
      vertex 6.90758 25.4736 -0.9
    endloop
  endfacet
  facet normal 0.99786 0.0653942 0
    outer loop
      vertex 6.0855 27.4583 0.9
      vertex 6.05 28 -0.9
      vertex 6.05 28 0.9
    endloop
  endfacet
  facet normal 0.99786 0.0653942 0
    outer loop
      vertex 6.05 28 -0.9
      vertex 6.0855 27.4583 0.9
      vertex 6.0855 27.4583 -0.9
    endloop
  endfacet
  facet normal 0.659325 -0.751858 0
    outer loop
      vertex 7.26551 30.9345 -0.9
      vertex 7.67364 31.2924 0.9
      vertex 7.26551 30.9345 0.9
    endloop
  endfacet
  facet normal 0.659325 -0.751858 0
    outer loop
      vertex 7.67364 31.2924 0.9
      vertex 7.26551 30.9345 -0.9
      vertex 7.67364 31.2924 -0.9
    endloop
  endfacet
  facet normal -0.831483 0.55555 0
    outer loop
      vertex 13.4924 25.4736 -0.9
      vertex 13.794 25.925 0.9
      vertex 13.794 25.925 -0.9
    endloop
  endfacet
  facet normal -0.831483 0.55555 0
    outer loop
      vertex 13.794 25.925 0.9
      vertex 13.4924 25.4736 -0.9
      vertex 13.4924 25.4736 0.9
    endloop
  endfacet
  facet normal 0.751807 -0.659383 0
    outer loop
      vertex 6.90758 30.5264 0.9
      vertex 7.26551 30.9345 -0.9
      vertex 7.26551 30.9345 0.9
    endloop
  endfacet
  facet normal 0.751807 -0.659383 0
    outer loop
      vertex 7.26551 30.9345 -0.9
      vertex 6.90758 30.5264 0.9
      vertex 6.90758 30.5264 -0.9
    endloop
  endfacet
  facet normal -0.321473 -0.946919 0
    outer loop
      vertex 11.2741 32.0086 -0.9
      vertex 11.7881 31.8341 0.9
      vertex 11.2741 32.0086 0.9
    endloop
  endfacet
  facet normal -0.321473 -0.946919 -0
    outer loop
      vertex 11.7881 31.8341 0.9
      vertex 11.2741 32.0086 -0.9
      vertex 11.7881 31.8341 -0.9
    endloop
  endfacet
  facet normal 0.751807 0.659383 0
    outer loop
      vertex 7.26551 25.0655 0.9
      vertex 6.90758 25.4736 -0.9
      vertex 6.90758 25.4736 0.9
    endloop
  endfacet
  facet normal 0.751807 0.659383 0
    outer loop
      vertex 6.90758 25.4736 -0.9
      vertex 7.26551 25.0655 0.9
      vertex 7.26551 25.0655 -0.9
    endloop
  endfacet
  facet normal 0.946924 -0.321457 0
    outer loop
      vertex 6.19141 29.0741 0.9
      vertex 6.3659 29.5881 -0.9
      vertex 6.3659 29.5881 0.9
    endloop
  endfacet
  facet normal 0.946924 -0.321457 0
    outer loop
      vertex 6.3659 29.5881 -0.9
      vertex 6.19141 29.0741 0.9
      vertex 6.19141 29.0741 -0.9
    endloop
  endfacet
  facet normal 0.555584 -0.83146 0
    outer loop
      vertex 7.67364 31.2924 -0.9
      vertex 8.125 31.594 0.9
      vertex 7.67364 31.2924 0.9
    endloop
  endfacet
  facet normal 0.555584 -0.83146 0
    outer loop
      vertex 8.125 31.594 0.9
      vertex 7.67364 31.2924 -0.9
      vertex 8.125 31.594 -0.9
    endloop
  endfacet
  facet normal -0.195089 0.980786 0
    outer loop
      vertex 11.2741 23.9914 -0.9
      vertex 10.7417 23.8855 0.9
      vertex 11.2741 23.9914 0.9
    endloop
  endfacet
  facet normal -0.195089 0.980786 0
    outer loop
      vertex 10.7417 23.8855 0.9
      vertex 11.2741 23.9914 -0.9
      vertex 10.7417 23.8855 -0.9
    endloop
  endfacet
  facet normal 0.980782 -0.195106 0
    outer loop
      vertex 6.0855 28.5417 0.9
      vertex 6.19141 29.0741 -0.9
      vertex 6.19141 29.0741 0.9
    endloop
  endfacet
  facet normal 0.980782 -0.195106 0
    outer loop
      vertex 6.19141 29.0741 -0.9
      vertex 6.0855 28.5417 0.9
      vertex 6.0855 28.5417 -0.9
    endloop
  endfacet
  facet normal 0.896889 -0.442255 0
    outer loop
      vertex 6.3659 29.5881 0.9
      vertex 6.60599 30.075 -0.9
      vertex 6.60599 30.075 0.9
    endloop
  endfacet
  facet normal 0.896889 -0.442255 0
    outer loop
      vertex 6.60599 30.075 -0.9
      vertex 6.3659 29.5881 0.9
      vertex 6.3659 29.5881 -0.9
    endloop
  endfacet
  facet normal -0.55555 0.831483 0
    outer loop
      vertex 12.7264 24.7076 -0.9
      vertex 12.275 24.406 0.9
      vertex 12.7264 24.7076 0.9
    endloop
  endfacet
  facet normal -0.55555 0.831483 0
    outer loop
      vertex 12.275 24.406 0.9
      vertex 12.7264 24.7076 -0.9
      vertex 12.275 24.406 -0.9
    endloop
  endfacet
  facet normal 0.0653966 -0.997859 0
    outer loop
      vertex 9.65832 32.1145 -0.9
      vertex 10.2 32.15 0.9
      vertex 9.65832 32.1145 0.9
    endloop
  endfacet
  facet normal 0.0653966 -0.997859 0
    outer loop
      vertex 10.2 32.15 0.9
      vertex 9.65832 32.1145 -0.9
      vertex 10.2 32.15 -0.9
    endloop
  endfacet
  facet normal -0.195089 -0.980786 0
    outer loop
      vertex 10.7417 32.1145 -0.9
      vertex 11.2741 32.0086 0.9
      vertex 10.7417 32.1145 0.9
    endloop
  endfacet
  facet normal -0.195089 -0.980786 -0
    outer loop
      vertex 11.2741 32.0086 0.9
      vertex 10.7417 32.1145 -0.9
      vertex 11.2741 32.0086 -0.9
    endloop
  endfacet
  facet normal -0.0653942 -0.99786 0
    outer loop
      vertex 10.2 32.15 -0.9
      vertex 10.7417 32.1145 0.9
      vertex 10.2 32.15 0.9
    endloop
  endfacet
  facet normal -0.0653942 -0.99786 -0
    outer loop
      vertex 10.7417 32.1145 0.9
      vertex 10.2 32.15 -0.9
      vertex 10.7417 32.1145 -0.9
    endloop
  endfacet
  facet normal 0.195082 0.980787 -0
    outer loop
      vertex 9.65832 23.8855 -0.9
      vertex 9.1259 23.9914 0.9
      vertex 9.65832 23.8855 0.9
    endloop
  endfacet
  facet normal 0.195082 0.980787 0
    outer loop
      vertex 9.1259 23.9914 0.9
      vertex 9.65832 23.8855 -0.9
      vertex 9.1259 23.9914 -0.9
    endloop
  endfacet
  facet normal -0.707107 -0.707107 0
    outer loop
      vertex 30.6 32.879 -0.9
      vertex 30.879 32.6 0.549999
      vertex 30.6 32.879 0.549999
    endloop
  endfacet
  facet normal -0.707107 -0.707107 1.77548e-15
    outer loop
      vertex 35.479 28 -0.9
      vertex 30.879 32.6 0.549999
      vertex 30.6 32.879 -0.9
    endloop
  endfacet
  facet normal -0.707107 -0.707107 -0
    outer loop
      vertex 35.479 28 0.9
      vertex 30.879 32.6 0.549999
      vertex 35.479 28 -0.9
    endloop
  endfacet
  facet normal -0.707107 -0.707107 0
    outer loop
      vertex 30.879 32.6 0.549999
      vertex 35.479 28 0.9
      vertex 30.879 32.6 0.9
    endloop
  endfacet
  facet normal 0.707107 0.707107 0
    outer loop
      vertex 30.6 23.121 0.9
      vertex 25.721 28 -0.9
      vertex 25.721 28 0.9
    endloop
  endfacet
  facet normal 0.707107 0.707107 0
    outer loop
      vertex 25.721 28 -0.9
      vertex 30.6 23.121 0.9
      vertex 30.6 23.121 -0.9
    endloop
  endfacet
  facet normal 0.707107 -0.707107 0
    outer loop
      vertex 30.321 32.6 0.9
      vertex 25.721 28 0.9
      vertex 30.321 32.6 0.549999
    endloop
  endfacet
  facet normal 0.707107 -0.707107 0
    outer loop
      vertex 30.321 32.6 0.549999
      vertex 30.6 32.879 -0.9
      vertex 30.6 32.879 0.549999
    endloop
  endfacet
  facet normal 0.707107 -0.707107 0
    outer loop
      vertex 25.721 28 -0.9
      vertex 30.321 32.6 0.549999
      vertex 25.721 28 0.9
    endloop
  endfacet
  facet normal 0.707107 -0.707107 1.64232e-15
    outer loop
      vertex 30.321 32.6 0.549999
      vertex 25.721 28 -0.9
      vertex 30.6 32.879 -0.9
    endloop
  endfacet
  facet normal -0.707107 0.707107 0
    outer loop
      vertex 30.6 23.121 -0.9
      vertex 35.479 28 0.9
      vertex 35.479 28 -0.9
    endloop
  endfacet
  facet normal -0.707107 0.707107 0
    outer loop
      vertex 35.479 28 0.9
      vertex 30.6 23.121 -0.9
      vertex 30.6 23.121 0.9
    endloop
  endfacet
  facet normal -0.866026 -0.499999 0
    outer loop
      vertex 54.8105 25.8 -0.9
      vertex 51 32.4 0.9
      vertex 51 32.4 -0.9
    endloop
  endfacet
  facet normal -0.866026 -0.499999 0
    outer loop
      vertex 51 32.4 0.9
      vertex 54.8105 25.8 -0.9
      vertex 54.8105 25.8 0.9
    endloop
  endfacet
  facet normal 0.866026 -0.499999 0
    outer loop
      vertex 47.1895 25.8 0.9
      vertex 51 32.4 -0.9
      vertex 51 32.4 0.9
    endloop
  endfacet
  facet normal 0.866026 -0.499999 0
    outer loop
      vertex 51 32.4 -0.9
      vertex 47.1895 25.8 0.9
      vertex 47.1895 25.8 -0.9
    endloop
  endfacet
  facet normal 0 1 -0
    outer loop
      vertex 54.8105 25.8 -0.9
      vertex 47.1895 25.8 0.9
      vertex 54.8105 25.8 0.9
    endloop
  endfacet
  facet normal 0 1 0
    outer loop
      vertex 47.1895 25.8 0.9
      vertex 54.8105 25.8 -0.9
      vertex 47.1895 25.8 -0.9
    endloop
  endfacet
  facet normal -1 0 0
    outer loop
      vertex 65.5 23.7 -0.9
      vertex 65.5 32.3 1.5
      vertex 65.5 32.3 -0.9
    endloop
  endfacet
  facet normal -1 -0 0
    outer loop
      vertex 65.5 32.3 1.5
      vertex 65.5 23.7 -0.9
      vertex 65.5 23.7 1.5
    endloop
  endfacet
  facet normal 1 -0 0
    outer loop
      vertex 56.9 23.7 0.9
      vertex 56.9 32.3 -0.9
      vertex 56.9 32.3 0.9
    endloop
  endfacet
  facet normal 1 0 0
    outer loop
      vertex 56.9 32.3 -0.9
      vertex 56.9 23.7 0.9
      vertex 56.9 23.7 -0.9
    endloop
  endfacet
  facet normal 0 -1 0
    outer loop
      vertex 56.9 32.3 0.9
      vertex 56.9 32.3 -0.9
      vertex 61.7 32.3 0.9
    endloop
  endfacet
  facet normal 0 -1 0
    outer loop
      vertex 61.7 32.3 0.9
      vertex 65.5 32.3 1.5
      vertex 61.7 32.3 1.5
    endloop
  endfacet
  facet normal 0 -1 0
    outer loop
      vertex 65.5 32.3 -0.9
      vertex 61.7 32.3 0.9
      vertex 56.9 32.3 -0.9
    endloop
  endfacet
  facet normal 0 -1 0
    outer loop
      vertex 61.7 32.3 0.9
      vertex 65.5 32.3 -0.9
      vertex 65.5 32.3 1.5
    endloop
  endfacet
  facet normal 0 1 0
    outer loop
      vertex 65.5 23.7 1.5
      vertex 61.7 23.7 0.9
      vertex 61.7 23.7 1.5
    endloop
  endfacet
  facet normal 0 1 -0
    outer loop
      vertex 65.5 23.7 -0.9
      vertex 61.7 23.7 0.9
      vertex 65.5 23.7 1.5
    endloop
  endfacet
  facet normal 0 1 0
    outer loop
      vertex 56.9 23.7 -0.9
      vertex 61.7 23.7 0.9
      vertex 65.5 23.7 -0.9
    endloop
  endfacet
  facet normal 0 1 0
    outer loop
      vertex 61.7 23.7 0.9
      vertex 56.9 23.7 -0.9
      vertex 56.9 23.7 0.9
    endloop
  endfacet
  facet normal -1 0 0
    outer loop
      vertex -56.8 -42.2 -0.9
      vertex -56.8 -34.8 0.9
      vertex -56.8 -34.8 -0.9
    endloop
  endfacet
  facet normal -1 -0 0
    outer loop
      vertex -56.8 -34.8 0.9
      vertex -56.8 -42.2 -0.9
      vertex -56.8 -42.2 0.9
    endloop
  endfacet
  facet normal 1 -0 0
    outer loop
      vertex -65.6 -42.2 0.9
      vertex -65.6 -34.8 -0.9
      vertex -65.6 -34.8 0.9
    endloop
  endfacet
  facet normal 1 0 0
    outer loop
      vertex -65.6 -34.8 -0.9
      vertex -65.6 -42.2 0.9
      vertex -65.6 -42.2 -0.9
    endloop
  endfacet
  facet normal 0 -1 0
    outer loop
      vertex -65.6 -34.8 -0.9
      vertex -56.8 -34.8 0.9
      vertex -65.6 -34.8 0.9
    endloop
  endfacet
  facet normal 0 -1 -0
    outer loop
      vertex -56.8 -34.8 0.9
      vertex -65.6 -34.8 -0.9
      vertex -56.8 -34.8 -0.9
    endloop
  endfacet
  facet normal 0 1 -0
    outer loop
      vertex -56.8 -42.2 -0.9
      vertex -65.6 -42.2 0.9
      vertex -56.8 -42.2 0.9
    endloop
  endfacet
  facet normal 0 1 0
    outer loop
      vertex -65.6 -42.2 0.9
      vertex -56.8 -42.2 -0.9
      vertex -65.6 -42.2 -0.9
    endloop
  endfacet
  facet normal -1 0 0
    outer loop
      vertex -46.6 -42.2 -0.9
      vertex -46.6 -34.8 0.9
      vertex -46.6 -34.8 -0.9
    endloop
  endfacet
  facet normal -1 -0 0
    outer loop
      vertex -46.6 -34.8 0.9
      vertex -46.6 -42.2 -0.9
      vertex -46.6 -42.2 0.9
    endloop
  endfacet
  facet normal 1 -0 0
    outer loop
      vertex -55.4 -42.2 0.9
      vertex -55.4 -34.8 -0.9
      vertex -55.4 -34.8 0.9
    endloop
  endfacet
  facet normal 1 0 0
    outer loop
      vertex -55.4 -34.8 -0.9
      vertex -55.4 -42.2 0.9
      vertex -55.4 -42.2 -0.9
    endloop
  endfacet
  facet normal 0 -1 0
    outer loop
      vertex -55.4 -34.8 -0.9
      vertex -46.6 -34.8 0.9
      vertex -55.4 -34.8 0.9
    endloop
  endfacet
  facet normal 0 -1 -0
    outer loop
      vertex -46.6 -34.8 0.9
      vertex -55.4 -34.8 -0.9
      vertex -46.6 -34.8 -0.9
    endloop
  endfacet
  facet normal 0 1 -0
    outer loop
      vertex -46.6 -42.2 -0.9
      vertex -55.4 -42.2 0.9
      vertex -46.6 -42.2 0.9
    endloop
  endfacet
  facet normal 0 1 0
    outer loop
      vertex -55.4 -42.2 0.9
      vertex -46.6 -42.2 -0.9
      vertex -55.4 -42.2 -0.9
    endloop
  endfacet
  facet normal -1 0 0
    outer loop
      vertex -36.4 -42.2 -0.9
      vertex -36.4 -34.8 0.9
      vertex -36.4 -34.8 -0.9
    endloop
  endfacet
  facet normal -1 -0 0
    outer loop
      vertex -36.4 -34.8 0.9
      vertex -36.4 -42.2 -0.9
      vertex -36.4 -42.2 0.9
    endloop
  endfacet
  facet normal 1 -0 0
    outer loop
      vertex -45.2 -42.2 0.9
      vertex -45.2 -34.8 -0.9
      vertex -45.2 -34.8 0.9
    endloop
  endfacet
  facet normal 1 0 0
    outer loop
      vertex -45.2 -34.8 -0.9
      vertex -45.2 -42.2 0.9
      vertex -45.2 -42.2 -0.9
    endloop
  endfacet
  facet normal 0 -1 0
    outer loop
      vertex -45.2 -34.8 -0.9
      vertex -36.4 -34.8 0.9
      vertex -45.2 -34.8 0.9
    endloop
  endfacet
  facet normal 0 -1 -0
    outer loop
      vertex -36.4 -34.8 0.9
      vertex -45.2 -34.8 -0.9
      vertex -36.4 -34.8 -0.9
    endloop
  endfacet
  facet normal 0 1 -0
    outer loop
      vertex -36.4 -42.2 -0.9
      vertex -45.2 -42.2 0.9
      vertex -36.4 -42.2 0.9
    endloop
  endfacet
  facet normal 0 1 0
    outer loop
      vertex -45.2 -42.2 0.9
      vertex -36.4 -42.2 -0.9
      vertex -45.2 -42.2 -0.9
    endloop
  endfacet
  facet normal -1 0 0
    outer loop
      vertex -26.2 -42.2 -0.9
      vertex -26.2 -34.8 0.9
      vertex -26.2 -34.8 -0.9
    endloop
  endfacet
  facet normal -1 -0 0
    outer loop
      vertex -26.2 -34.8 0.9
      vertex -26.2 -42.2 -0.9
      vertex -26.2 -42.2 0.9
    endloop
  endfacet
  facet normal 1 -0 0
    outer loop
      vertex -35 -42.2 0.9
      vertex -35 -34.8 -0.9
      vertex -35 -34.8 0.9
    endloop
  endfacet
  facet normal 1 0 0
    outer loop
      vertex -35 -34.8 -0.9
      vertex -35 -42.2 0.9
      vertex -35 -42.2 -0.9
    endloop
  endfacet
  facet normal 0 -1 0
    outer loop
      vertex -35 -34.8 -0.9
      vertex -26.2 -34.8 0.9
      vertex -35 -34.8 0.9
    endloop
  endfacet
  facet normal 0 -1 -0
    outer loop
      vertex -26.2 -34.8 0.9
      vertex -35 -34.8 -0.9
      vertex -26.2 -34.8 -0.9
    endloop
  endfacet
  facet normal 0 1 -0
    outer loop
      vertex -26.2 -42.2 -0.9
      vertex -35 -42.2 0.9
      vertex -26.2 -42.2 0.9
    endloop
  endfacet
  facet normal 0 1 0
    outer loop
      vertex -35 -42.2 0.9
      vertex -26.2 -42.2 -0.9
      vertex -35 -42.2 -0.9
    endloop
  endfacet
  facet normal -1 0 0
    outer loop
      vertex -16 -42.2 -0.9
      vertex -16 -34.8 0.9
      vertex -16 -34.8 -0.9
    endloop
  endfacet
  facet normal -1 -0 0
    outer loop
      vertex -16 -34.8 0.9
      vertex -16 -42.2 -0.9
      vertex -16 -42.2 0.9
    endloop
  endfacet
  facet normal 1 -0 0
    outer loop
      vertex -24.8 -42.2 0.9
      vertex -24.8 -34.8 -0.9
      vertex -24.8 -34.8 0.9
    endloop
  endfacet
  facet normal 1 0 0
    outer loop
      vertex -24.8 -34.8 -0.9
      vertex -24.8 -42.2 0.9
      vertex -24.8 -42.2 -0.9
    endloop
  endfacet
  facet normal 0 -1 0
    outer loop
      vertex -24.8 -34.8 -0.9
      vertex -16 -34.8 0.9
      vertex -24.8 -34.8 0.9
    endloop
  endfacet
  facet normal 0 -1 -0
    outer loop
      vertex -16 -34.8 0.9
      vertex -24.8 -34.8 -0.9
      vertex -16 -34.8 -0.9
    endloop
  endfacet
  facet normal 0 1 -0
    outer loop
      vertex -16 -42.2 -0.9
      vertex -24.8 -42.2 0.9
      vertex -16 -42.2 0.9
    endloop
  endfacet
  facet normal 0 1 0
    outer loop
      vertex -24.8 -42.2 0.9
      vertex -16 -42.2 -0.9
      vertex -24.8 -42.2 -0.9
    endloop
  endfacet
  facet normal -1 0 0
    outer loop
      vertex -5.8 -42.2 -0.9
      vertex -5.8 -34.8 0.9
      vertex -5.8 -34.8 -0.9
    endloop
  endfacet
  facet normal -1 -0 0
    outer loop
      vertex -5.8 -34.8 0.9
      vertex -5.8 -42.2 -0.9
      vertex -5.8 -42.2 0.9
    endloop
  endfacet
  facet normal 1 -0 0
    outer loop
      vertex -14.6 -42.2 0.9
      vertex -14.6 -34.8 -0.9
      vertex -14.6 -34.8 0.9
    endloop
  endfacet
  facet normal 1 0 0
    outer loop
      vertex -14.6 -34.8 -0.9
      vertex -14.6 -42.2 0.9
      vertex -14.6 -42.2 -0.9
    endloop
  endfacet
  facet normal 0 -1 0
    outer loop
      vertex -14.6 -34.8 -0.9
      vertex -5.8 -34.8 0.9
      vertex -14.6 -34.8 0.9
    endloop
  endfacet
  facet normal 0 -1 -0
    outer loop
      vertex -5.8 -34.8 0.9
      vertex -14.6 -34.8 -0.9
      vertex -5.8 -34.8 -0.9
    endloop
  endfacet
  facet normal 0 1 -0
    outer loop
      vertex -5.8 -42.2 -0.9
      vertex -14.6 -42.2 0.9
      vertex -5.8 -42.2 0.9
    endloop
  endfacet
  facet normal 0 1 0
    outer loop
      vertex -14.6 -42.2 0.9
      vertex -5.8 -42.2 -0.9
      vertex -14.6 -42.2 -0.9
    endloop
  endfacet
  facet normal -1 0 0
    outer loop
      vertex 4.4 -42.2 -0.9
      vertex 4.4 -34.8 0.9
      vertex 4.4 -34.8 -0.9
    endloop
  endfacet
  facet normal -1 -0 0
    outer loop
      vertex 4.4 -34.8 0.9
      vertex 4.4 -42.2 -0.9
      vertex 4.4 -42.2 0.9
    endloop
  endfacet
  facet normal 1 -0 0
    outer loop
      vertex -4.4 -42.2 0.9
      vertex -4.4 -34.8 -0.9
      vertex -4.4 -34.8 0.9
    endloop
  endfacet
  facet normal 1 0 0
    outer loop
      vertex -4.4 -34.8 -0.9
      vertex -4.4 -42.2 0.9
      vertex -4.4 -42.2 -0.9
    endloop
  endfacet
  facet normal 0 -1 0
    outer loop
      vertex -4.4 -34.8 -0.9
      vertex 4.4 -34.8 0.9
      vertex -4.4 -34.8 0.9
    endloop
  endfacet
  facet normal 0 -1 -0
    outer loop
      vertex 4.4 -34.8 0.9
      vertex -4.4 -34.8 -0.9
      vertex 4.4 -34.8 -0.9
    endloop
  endfacet
  facet normal 0 1 -0
    outer loop
      vertex 4.4 -42.2 -0.9
      vertex -4.4 -42.2 0.9
      vertex 4.4 -42.2 0.9
    endloop
  endfacet
  facet normal 0 1 0
    outer loop
      vertex -4.4 -42.2 0.9
      vertex 4.4 -42.2 -0.9
      vertex -4.4 -42.2 -0.9
    endloop
  endfacet
  facet normal -1 0 0
    outer loop
      vertex 14.6 -42.2 -0.9
      vertex 14.6 -34.8 0.9
      vertex 14.6 -34.8 -0.9
    endloop
  endfacet
  facet normal -1 -0 0
    outer loop
      vertex 14.6 -34.8 0.9
      vertex 14.6 -42.2 -0.9
      vertex 14.6 -42.2 0.9
    endloop
  endfacet
  facet normal 1 -0 0
    outer loop
      vertex 5.8 -42.2 0.9
      vertex 5.8 -34.8 -0.9
      vertex 5.8 -34.8 0.9
    endloop
  endfacet
  facet normal 1 0 0
    outer loop
      vertex 5.8 -34.8 -0.9
      vertex 5.8 -42.2 0.9
      vertex 5.8 -42.2 -0.9
    endloop
  endfacet
  facet normal 0 -1 0
    outer loop
      vertex 5.8 -34.8 -0.9
      vertex 14.6 -34.8 0.9
      vertex 5.8 -34.8 0.9
    endloop
  endfacet
  facet normal 0 -1 -0
    outer loop
      vertex 14.6 -34.8 0.9
      vertex 5.8 -34.8 -0.9
      vertex 14.6 -34.8 -0.9
    endloop
  endfacet
  facet normal 0 1 -0
    outer loop
      vertex 14.6 -42.2 -0.9
      vertex 5.8 -42.2 0.9
      vertex 14.6 -42.2 0.9
    endloop
  endfacet
  facet normal 0 1 0
    outer loop
      vertex 5.8 -42.2 0.9
      vertex 14.6 -42.2 -0.9
      vertex 5.8 -42.2 -0.9
    endloop
  endfacet
  facet normal -1 0 0
    outer loop
      vertex 24.8 -42.2 -0.9
      vertex 24.8 -34.8 0.9
      vertex 24.8 -34.8 -0.9
    endloop
  endfacet
  facet normal -1 -0 0
    outer loop
      vertex 24.8 -34.8 0.9
      vertex 24.8 -42.2 -0.9
      vertex 24.8 -42.2 0.9
    endloop
  endfacet
  facet normal 1 -0 0
    outer loop
      vertex 16 -42.2 0.9
      vertex 16 -34.8 -0.9
      vertex 16 -34.8 0.9
    endloop
  endfacet
  facet normal 1 0 0
    outer loop
      vertex 16 -34.8 -0.9
      vertex 16 -42.2 0.9
      vertex 16 -42.2 -0.9
    endloop
  endfacet
  facet normal 0 -1 0
    outer loop
      vertex 16 -34.8 -0.9
      vertex 24.8 -34.8 0.9
      vertex 16 -34.8 0.9
    endloop
  endfacet
  facet normal 0 -1 -0
    outer loop
      vertex 24.8 -34.8 0.9
      vertex 16 -34.8 -0.9
      vertex 24.8 -34.8 -0.9
    endloop
  endfacet
  facet normal 0 1 -0
    outer loop
      vertex 24.8 -42.2 -0.9
      vertex 16 -42.2 0.9
      vertex 24.8 -42.2 0.9
    endloop
  endfacet
  facet normal 0 1 0
    outer loop
      vertex 16 -42.2 0.9
      vertex 24.8 -42.2 -0.9
      vertex 16 -42.2 -0.9
    endloop
  endfacet
  facet normal -1 0 0
    outer loop
      vertex 35 -42.2 -0.9
      vertex 35 -34.8 0.9
      vertex 35 -34.8 -0.9
    endloop
  endfacet
  facet normal -1 -0 0
    outer loop
      vertex 35 -34.8 0.9
      vertex 35 -42.2 -0.9
      vertex 35 -42.2 0.9
    endloop
  endfacet
  facet normal 1 -0 0
    outer loop
      vertex 26.2 -42.2 0.9
      vertex 26.2 -34.8 -0.9
      vertex 26.2 -34.8 0.9
    endloop
  endfacet
  facet normal 1 0 0
    outer loop
      vertex 26.2 -34.8 -0.9
      vertex 26.2 -42.2 0.9
      vertex 26.2 -42.2 -0.9
    endloop
  endfacet
  facet normal 0 -1 0
    outer loop
      vertex 26.2 -34.8 -0.9
      vertex 35 -34.8 0.9
      vertex 26.2 -34.8 0.9
    endloop
  endfacet
  facet normal 0 -1 -0
    outer loop
      vertex 35 -34.8 0.9
      vertex 26.2 -34.8 -0.9
      vertex 35 -34.8 -0.9
    endloop
  endfacet
  facet normal 0 1 -0
    outer loop
      vertex 35 -42.2 -0.9
      vertex 26.2 -42.2 0.9
      vertex 35 -42.2 0.9
    endloop
  endfacet
  facet normal 0 1 0
    outer loop
      vertex 26.2 -42.2 0.9
      vertex 35 -42.2 -0.9
      vertex 26.2 -42.2 -0.9
    endloop
  endfacet
  facet normal -1 0 0
    outer loop
      vertex 45.2 -42.2 -0.9
      vertex 45.2 -34.8 0.9
      vertex 45.2 -34.8 -0.9
    endloop
  endfacet
  facet normal -1 -0 0
    outer loop
      vertex 45.2 -34.8 0.9
      vertex 45.2 -42.2 -0.9
      vertex 45.2 -42.2 0.9
    endloop
  endfacet
  facet normal 1 -0 0
    outer loop
      vertex 36.4 -42.2 0.9
      vertex 36.4 -34.8 -0.9
      vertex 36.4 -34.8 0.9
    endloop
  endfacet
  facet normal 1 0 0
    outer loop
      vertex 36.4 -34.8 -0.9
      vertex 36.4 -42.2 0.9
      vertex 36.4 -42.2 -0.9
    endloop
  endfacet
  facet normal 0 -1 0
    outer loop
      vertex 36.4 -34.8 -0.9
      vertex 45.2 -34.8 0.9
      vertex 36.4 -34.8 0.9
    endloop
  endfacet
  facet normal 0 -1 -0
    outer loop
      vertex 45.2 -34.8 0.9
      vertex 36.4 -34.8 -0.9
      vertex 45.2 -34.8 -0.9
    endloop
  endfacet
  facet normal 0 1 -0
    outer loop
      vertex 45.2 -42.2 -0.9
      vertex 36.4 -42.2 0.9
      vertex 45.2 -42.2 0.9
    endloop
  endfacet
  facet normal 0 1 0
    outer loop
      vertex 36.4 -42.2 0.9
      vertex 45.2 -42.2 -0.9
      vertex 36.4 -42.2 -0.9
    endloop
  endfacet
  facet normal -1 0 0
    outer loop
      vertex 55.4 -42.2 -0.9
      vertex 55.4 -34.8 0.9
      vertex 55.4 -34.8 -0.9
    endloop
  endfacet
  facet normal -1 -0 0
    outer loop
      vertex 55.4 -34.8 0.9
      vertex 55.4 -42.2 -0.9
      vertex 55.4 -42.2 0.9
    endloop
  endfacet
  facet normal 1 -0 0
    outer loop
      vertex 46.6 -42.2 0.9
      vertex 46.6 -34.8 -0.9
      vertex 46.6 -34.8 0.9
    endloop
  endfacet
  facet normal 1 0 0
    outer loop
      vertex 46.6 -34.8 -0.9
      vertex 46.6 -42.2 0.9
      vertex 46.6 -42.2 -0.9
    endloop
  endfacet
  facet normal 0 -1 0
    outer loop
      vertex 46.6 -34.8 -0.9
      vertex 55.4 -34.8 0.9
      vertex 46.6 -34.8 0.9
    endloop
  endfacet
  facet normal 0 -1 -0
    outer loop
      vertex 55.4 -34.8 0.9
      vertex 46.6 -34.8 -0.9
      vertex 55.4 -34.8 -0.9
    endloop
  endfacet
  facet normal 0 1 -0
    outer loop
      vertex 55.4 -42.2 -0.9
      vertex 46.6 -42.2 0.9
      vertex 55.4 -42.2 0.9
    endloop
  endfacet
  facet normal 0 1 0
    outer loop
      vertex 46.6 -42.2 0.9
      vertex 55.4 -42.2 -0.9
      vertex 46.6 -42.2 -0.9
    endloop
  endfacet
  facet normal -1 0 0
    outer loop
      vertex 65.6 -34.8 -0.9
      vertex 65.6 -35.15 0.9
      vertex 65.6 -34.8 1.5
    endloop
  endfacet
  facet normal -1 0 0
    outer loop
      vertex 65.6 -42.2 -0.9
      vertex 65.6 -35.15 0.9
      vertex 65.6 -34.8 -0.9
    endloop
  endfacet
  facet normal -1 -0 0
    outer loop
      vertex 65.6 -35.15 0.9
      vertex 65.6 -42.2 -0.9
      vertex 65.6 -42.2 0.9
    endloop
  endfacet
  facet normal -1 -0 0
    outer loop
      vertex 65.6 -34.8 1.5
      vertex 65.6 -35.15 0.9
      vertex 65.6 -35.15 1.5
    endloop
  endfacet
  facet normal 1 -0 0
    outer loop
      vertex 56.8 -42.2 0.9
      vertex 56.8 -34.8 -0.9
      vertex 56.8 -34.8 0.9
    endloop
  endfacet
  facet normal 1 0 0
    outer loop
      vertex 56.8 -34.8 -0.9
      vertex 56.8 -42.2 0.9
      vertex 56.8 -42.2 -0.9
    endloop
  endfacet
  facet normal 0 -1 0
    outer loop
      vertex 56.8 -34.8 0.9
      vertex 56.8 -34.8 -0.9
      vertex 61.7 -34.8 0.9
    endloop
  endfacet
  facet normal 0 -1 0
    outer loop
      vertex 61.7 -34.8 0.9
      vertex 65.6 -34.8 1.5
      vertex 61.7 -34.8 1.5
    endloop
  endfacet
  facet normal 0 -1 0
    outer loop
      vertex 65.6 -34.8 -0.9
      vertex 61.7 -34.8 0.9
      vertex 56.8 -34.8 -0.9
    endloop
  endfacet
  facet normal 0 -1 0
    outer loop
      vertex 61.7 -34.8 0.9
      vertex 65.6 -34.8 -0.9
      vertex 65.6 -34.8 1.5
    endloop
  endfacet
  facet normal 0 1 -0
    outer loop
      vertex 65.6 -42.2 -0.9
      vertex 56.8 -42.2 0.9
      vertex 65.6 -42.2 0.9
    endloop
  endfacet
  facet normal 0 1 0
    outer loop
      vertex 56.8 -42.2 0.9
      vertex 65.6 -42.2 -0.9
      vertex 56.8 -42.2 -0.9
    endloop
  endfacet
  facet normal -1 0 0
    outer loop
      vertex 65 45.2 0.549999
      vertex 65 35.15 0.9
      vertex 65 45.2 0.9
    endloop
  endfacet
  facet normal -1 0 0
    outer loop
      vertex 65 32.6 0.549999
      vertex 65 35.15 0.9
      vertex 65 45.2 0.549999
    endloop
  endfacet
  facet normal -1 0 0
    outer loop
      vertex 65 32.6 0.91
      vertex 65 35.15 0.9
      vertex 65 32.6 0.549999
    endloop
  endfacet
  facet normal -1 0 0
    outer loop
      vertex 65 35.15 0.9
      vertex 65 32.6 0.91
      vertex 65 35.15 0.91
    endloop
  endfacet
  facet normal 0 0 -1
    outer loop
      vertex 61.7 32.6 0.91
      vertex 65 35.15 0.91
      vertex 65 32.6 0.91
    endloop
  endfacet
  facet normal -0 0 -1
    outer loop
      vertex 65 35.15 0.91
      vertex 61.7 32.6 0.91
      vertex 61.7 35.15 0.91
    endloop
  endfacet
  facet normal 0 0 1
    outer loop
      vertex 65 45.2 0.549999
      vertex 30.879 32.6 0.549999
      vertex 65 32.6 0.549999
    endloop
  endfacet
  facet normal 0 0 1
    outer loop
      vertex 65 45.2 0.549999
      vertex 30.6 32.879 0.549999
      vertex 30.879 32.6 0.549999
    endloop
  endfacet
  facet normal -0 0 1
    outer loop
      vertex -65 45.2 0.549999
      vertex 30.6 32.879 0.549999
      vertex 65 45.2 0.549999
    endloop
  endfacet
  facet normal 0 0 1
    outer loop
      vertex -65 45.2 0.549999
      vertex 30.321 32.6 0.549999
      vertex 30.6 32.879 0.549999
    endloop
  endfacet
  facet normal 0 0 1
    outer loop
      vertex 30.321 32.6 0.549999
      vertex -65 45.2 0.549999
      vertex -65 32.6 0.549999
    endloop
  endfacet
  facet normal 1 -0 0
    outer loop
      vertex -65 32.6 0.9
      vertex -65 45.2 0.549999
      vertex -65 45.2 0.9
    endloop
  endfacet
  facet normal 1 0 0
    outer loop
      vertex -65 45.2 0.549999
      vertex -65 32.6 0.9
      vertex -65 32.6 0.549999
    endloop
  endfacet
  facet normal 0 -1 0
    outer loop
      vertex -65 45.2 0.549999
      vertex 65 45.2 0.9
      vertex -65 45.2 0.9
    endloop
  endfacet
  facet normal 0 -1 -0
    outer loop
      vertex 65 45.2 0.9
      vertex -65 45.2 0.549999
      vertex 65 45.2 0.549999
    endloop
  endfacet
  facet normal 0 1 0
    outer loop
      vertex 65 32.6 0.91
      vertex 61.7 32.6 0.9
      vertex 61.7 32.6 0.91
    endloop
  endfacet
  facet normal 0 1 -0
    outer loop
      vertex 65 32.6 0.549999
      vertex 61.7 32.6 0.9
      vertex 65 32.6 0.91
    endloop
  endfacet
  facet normal 0 1 0
    outer loop
      vertex 30.879 32.6 0.549999
      vertex 61.7 32.6 0.9
      vertex 65 32.6 0.549999
    endloop
  endfacet
  facet normal 0 1 0
    outer loop
      vertex 61.7 32.6 0.9
      vertex 30.879 32.6 0.549999
      vertex 30.879 32.6 0.9
    endloop
  endfacet
  facet normal 0 1 -0
    outer loop
      vertex 30.321 32.6 0.549999
      vertex -65 32.6 0.9
      vertex 30.321 32.6 0.9
    endloop
  endfacet
  facet normal 0 1 0
    outer loop
      vertex -65 32.6 0.9
      vertex 30.321 32.6 0.549999
      vertex -65 32.6 0.549999
    endloop
  endfacet
  facet normal -1 0 0
    outer loop
      vertex -66.3 33.9 -0.9
      vertex -66.3 44.5 0.9
      vertex -66.3 44.5 -0.9
    endloop
  endfacet
  facet normal -1 -0 0
    outer loop
      vertex -66.3 44.5 0.9
      vertex -66.3 33.9 -0.9
      vertex -66.3 33.9 0.9
    endloop
  endfacet
  facet normal 1 -0 0
    outer loop
      vertex -76.5 33.9 0.9
      vertex -76.5 44.5 -0.9
      vertex -76.5 44.5 0.9
    endloop
  endfacet
  facet normal 1 0 0
    outer loop
      vertex -76.5 44.5 -0.9
      vertex -76.5 33.9 0.9
      vertex -76.5 33.9 -0.9
    endloop
  endfacet
  facet normal 0 -1 0
    outer loop
      vertex -76.5 44.5 -0.9
      vertex -66.3 44.5 0.9
      vertex -76.5 44.5 0.9
    endloop
  endfacet
  facet normal 0 -1 -0
    outer loop
      vertex -66.3 44.5 0.9
      vertex -76.5 44.5 -0.9
      vertex -66.3 44.5 -0.9
    endloop
  endfacet
  facet normal 0 1 -0
    outer loop
      vertex -66.3 33.9 -0.9
      vertex -76.5 33.9 0.9
      vertex -66.3 33.9 0.9
    endloop
  endfacet
  facet normal 0 1 0
    outer loop
      vertex -76.5 33.9 0.9
      vertex -66.3 33.9 -0.9
      vertex -76.5 33.9 -0.9
    endloop
  endfacet
endsolid OpenSCAD_Model
